CustomerID,Gender,Age,MaritalStatus,CityTier,PreferredDevice,PreferredPaymentMode,PreferredCategory,RegistrationDate,TenureMonths,OrdersPerMonth,AvgOrderValue,TotalOrders,TotalSpend,MonthlyRevenue,CLV_Estimate,DaysSinceLastOrder,WarehouseToDoorDays,SatisfactionScore,ComplaintsRaised,ComplaintResolved,CashbackReceived,CouponUsedCount,ReturnedOrders,AppLoginsPerMonth,WishlistItems,Churn,ChurnDate,ReturnRate,TenureBucket,ValueSegment,UnresolvedComplaint,RecencyFlag
CUST00001,Male,57,Married,Tier 2,Desktop,Debit Card,Grocery,2021-12-29,36,2.6,558.3,94,52480.2,1451.58,34837.92,20,4.6,5,2,Yes,21.09,5,25,12,6,0,,0.266,24+ Months,Mid Value,0,Active
CUST00002,Female,24,Married,Tier 2,Mobile,Credit Card,Fashion,2022-06-30,30,1.4,860.89,42,36157.38,1205.25,0.0,137,3.3,4,1,Yes,199.33,3,4,6,3,1,2024-04-14,0.095,24+ Months,Mid Value,0,Dormant
CUST00003,Female,49,Single,Tier 3,Mobile,Wallet,Electronics,2023-07-01,18,0.5,567.57,9,5108.13,283.79,0.0,141,5.8,4,0,No Complaint,510.23,2,1,2,6,1,2023-10-23,0.111,12-24 Months,Low Value,0,Dormant
CUST00004,Female,36,Married,Tier 2,Mobile,Wallet,Home & Kitchen,2024-08-31,4,1.6,1789.6,6,10737.6,2863.36,0.0,177,1.0,3,2,Yes,184.95,3,2,25,4,1,2024-09-03,0.333,3-6 Months,High Value,0,Dormant
CUST00005,Male,23,Married,Tier 2,Mobile,Wallet,Home & Kitchen,2024-12-01,1,2.6,1357.73,3,4073.19,3530.1,84722.4,13,5.6,5,1,Yes,137.2,5,0,3,5,0,,0.0,0-3 Months,High Value,0,Active
CUST00006,Male,37,Single,Tier 1,Desktop,Net Banking,Grocery,2024-10-31,2,0.5,273.44,1,273.44,136.72,0.0,160,7.2,1,1,Yes,125.98,3,0,4,2,1,2024-12-17,0.0,0-3 Months,Low Value,0,Dormant
CUST00007,Male,44,Married,Tier 1,Mobile,Net Banking,Beauty,2024-07-01,6,2.4,1457.56,14,20405.84,3498.14,83955.36,57,5.9,5,0,No Complaint,161.64,2,3,4,2,0,,0.214,3-6 Months,High Value,0,Slipping
CUST00008,Female,60,Single,Tier 3,Mobile,UPI,Home & Kitchen,2024-01-31,11,2.6,316.62,29,9181.98,823.21,0.0,59,1.6,4,1,Yes,223.2,1,2,4,4,1,2024-06-19,0.069,6-12 Months,Low Value,0,Slipping
CUST00009,Female,54,Single,Tier 2,Tablet,COD,Sports,2021-12-29,36,0.5,474.44,18,8539.92,237.22,5693.28,23,7.1,2,0,No Complaint,285.25,2,1,8,2,0,,0.056,24+ Months,Low Value,0,Active
CUST00010,Female,24,Single,Tier 3,Desktop,COD,Electronics,2024-04-01,9,1.4,1513.2,13,19671.6,2118.48,0.0,177,3.5,5,0,No Complaint,215.71,8,0,3,3,1,2024-08-04,0.0,6-12 Months,Mid Value,0,Dormant
CUST00011,Male,22,Married,Tier 1,Desktop,Wallet,Grocery,2024-01-31,11,8.3,373.11,91,33953.01,3096.81,0.0,176,4.9,3,2,No,219.76,6,15,19,6,1,2024-05-24,0.165,6-12 Months,High Value,1,Dormant
CUST00012,Female,28,Married,Tier 2,Tablet,Debit Card,Electronics,2022-12-30,24,5.4,692.29,130,89997.7,3738.37,89720.88,155,6.8,2,1,Yes,545.58,2,8,7,6,0,,0.062,12-24 Months,High Value,0,Dormant
CUST00013,Female,32,Single,Tier 1,Mobile,UPI,Fashion,2024-10-01,3,1.3,1527.78,4,6111.12,1986.11,0.0,17,3.4,3,1,No,413.29,5,1,17,3,1,2024-10-18,0.25,0-3 Months,Mid Value,1,Active
CUST00014,Male,20,Single,Tier 1,Desktop,Debit Card,Electronics,2021-12-29,36,1.1,1200.68,40,48027.2,1320.75,31698.0,151,4.8,5,0,No Complaint,312.63,0,18,20,5,0,,0.45,24+ Months,Mid Value,0,Dormant
CUST00015,Male,22,Married,Tier 1,Desktop,Debit Card,Beauty,2024-01-31,11,0.5,1152.52,6,6915.12,576.26,0.0,114,2.2,4,1,Yes,7.98,2,1,12,5,1,2024-03-23,0.167,6-12 Months,Low Value,0,Dormant
CUST00016,Male,40,Married,Tier 1,Desktop,UPI,Beauty,2024-08-01,5,0.5,1562.84,2,3125.68,781.42,18754.08,24,4.2,5,0,No Complaint,198.94,2,0,2,4,0,,0.0,3-6 Months,Low Value,0,Active
CUST00017,Male,54,Married,Tier 1,Desktop,Credit Card,Home & Kitchen,2021-12-29,36,0.9,2241.53,32,71728.96,2017.38,0.0,47,2.4,3,1,No,109.25,4,5,3,6,1,2022-06-25,0.156,24+ Months,Mid Value,1,Slipping
CUST00018,Male,26,Single,Tier 1,Mobile,Debit Card,Fashion,2023-07-01,18,7.0,376.77,126,47473.02,2637.39,63297.36,124,5.4,2,0,No Complaint,173.03,2,10,2,3,0,,0.079,12-24 Months,High Value,0,Dormant
CUST00019,Male,32,Married,Tier 3,Desktop,Credit Card,Grocery,2024-03-01,10,8.0,1133.73,80,90698.4,9069.84,0.0,144,1.9,4,0,No Complaint,208.67,5,8,5,0,1,2024-12-28,0.1,6-12 Months,High Value,0,Dormant
CUST00020,Male,20,Single,Tier 1,Mobile,Credit Card,Fashion,2023-07-01,18,4.2,1763.69,76,134040.44,7407.5,177780.0,152,4.3,4,3,No,225.73,2,14,6,5,0,,0.184,12-24 Months,High Value,1,Dormant
CUST00021,Female,46,Married,Tier 1,Mobile,UPI,Fashion,2022-12-30,24,1.1,1536.86,26,39958.36,1690.55,40573.2,98,3.5,4,0,No Complaint,366.45,4,3,3,2,0,,0.115,12-24 Months,Mid Value,0,Dormant
CUST00022,Male,23,Single,Tier 1,Mobile,Wallet,Home & Kitchen,2024-10-01,3,0.5,803.09,2,1606.18,401.54,0.0,96,3.2,4,2,Yes,433.41,2,0,16,5,1,2024-11-24,0.0,0-3 Months,Low Value,0,Dormant
CUST00023,Male,34,Single,Tier 2,Tablet,COD,Electronics,2022-06-30,30,2.3,771.26,69,53216.94,1773.9,0.0,123,6.5,3,0,No Complaint,168.03,2,8,4,1,1,2022-08-01,0.116,24+ Months,Mid Value,0,Dormant
CUST00024,Male,43,Single,Tier 1,Mobile,UPI,Beauty,2021-12-29,36,2.6,1598.84,94,150290.96,4156.98,0.0,140,2.6,1,1,Yes,404.26,1,7,10,3,1,2022-02-28,0.074,24+ Months,High Value,0,Dormant
CUST00025,Male,38,Married,Tier 3,Mobile,COD,Fashion,2023-12-31,12,1.4,1042.96,17,17730.32,1460.14,35043.36,31,3.5,4,0,No Complaint,260.38,4,1,14,3,0,,0.059,6-12 Months,Mid Value,0,Slipping
CUST00026,Female,25,Married,Tier 3,Mobile,COD,Electronics,2022-12-30,24,2.9,1931.19,70,135183.3,5600.45,134410.8,133,4.8,2,1,No,40.78,4,10,1,4,0,,0.143,12-24 Months,High Value,1,Dormant
CUST00027,Male,38,Married,Tier 1,Tablet,UPI,Grocery,2022-06-30,30,3.4,969.62,102,98901.24,3296.71,79121.04,62,5.7,5,0,No Complaint,6.47,3,32,10,4,0,,0.314,24+ Months,High Value,0,At Risk
CUST00028,Male,28,Single,Tier 2,Mobile,Credit Card,Fashion,2024-06-01,7,3.8,691.26,27,18664.02,2626.79,63042.96,69,1.2,5,3,Yes,1.79,2,5,1,2,0,,0.185,6-12 Months,High Value,0,At Risk
CUST00029,Female,55,Married,Tier 1,Desktop,Debit Card,Electronics,2021-12-29,36,1.7,261.27,61,15937.47,444.16,10659.84,14,4.2,5,0,No Complaint,159.01,2,4,12,3,0,,0.066,24+ Months,Low Value,0,Active
CUST00030,Male,25,Single,Tier 2,Desktop,Credit Card,Fashion,2022-12-30,24,3.9,764.1,94,71825.4,2979.99,0.0,106,5.9,2,0,No Complaint,132.71,5,8,7,5,1,2023-04-04,0.085,12-24 Months,High Value,0,Dormant
CUST00031,Female,59,Married,Tier 2,Mobile,COD,Grocery,2024-04-01,9,0.5,379.3,4,1517.2,189.65,4551.6,17,7.5,2,1,Yes,214.55,1,1,6,2,0,,0.25,6-12 Months,Low Value,0,Active
CUST00032,Male,41,Married,Tier 1,Mobile,Credit Card,Sports,2023-07-01,18,2.9,249.47,52,12972.44,723.46,17363.04,164,4.6,4,0,No Complaint,333.07,3,2,6,3,0,,0.038,12-24 Months,Low Value,0,Dormant
CUST00033,Male,52,Married,Tier 1,Desktop,UPI,Home & Kitchen,2024-01-31,11,0.7,489.86,8,3918.88,342.9,8229.6,112,2.0,4,2,Yes,32.34,5,0,4,4,0,,0.0,6-12 Months,Low Value,0,Dormant
CUST00034,Female,31,Married,Tier 2,Desktop,Wallet,Sports,2024-10-31,2,0.8,1468.77,2,2937.54,1175.02,28200.48,178,4.5,5,0,No Complaint,349.37,5,0,1,4,0,,0.0,0-3 Months,Mid Value,0,Dormant
CUST00035,Female,31,Married,Tier 2,Desktop,UPI,Home & Kitchen,2022-06-30,30,0.5,758.02,15,11370.3,379.01,0.0,44,3.6,5,0,No Complaint,18.58,5,2,6,3,1,2023-02-08,0.133,24+ Months,Low Value,0,Slipping
CUST00036,Female,27,Married,Tier 1,Mobile,COD,Home & Kitchen,2023-12-31,12,0.5,1017.11,6,6102.66,508.56,12205.44,122,5.1,2,0,No Complaint,386.58,4,0,1,3,0,,0.0,6-12 Months,Low Value,0,Dormant
CUST00037,Male,29,Single,Tier 2,Desktop,UPI,Grocery,2022-06-30,30,12.1,1438.73,363,522258.99,17408.63,417807.12,173,7.8,5,2,Yes,342.07,1,30,20,6,0,,0.083,24+ Months,High Value,0,Dormant
CUST00038,Male,55,Married,Tier 2,Mobile,Credit Card,Grocery,2024-10-01,3,1.3,875.62,4,3502.48,1138.31,0.0,54,2.4,2,1,No,214.9,3,0,2,4,1,2024-10-30,0.0,0-3 Months,Mid Value,1,Slipping
CUST00039,Female,61,Married,Tier 3,Mobile,Credit Card,Electronics,2024-01-31,11,6.6,554.68,73,40491.64,3660.89,87861.36,18,6.5,5,1,No,64.21,4,8,8,3,0,,0.11,6-12 Months,High Value,1,Active
CUST00040,Male,63,Married,Tier 1,Desktop,UPI,Beauty,2022-12-30,24,0.5,657.03,12,7884.36,328.52,0.0,114,6.1,4,1,No,17.65,5,0,7,6,1,2024-05-30,0.0,12-24 Months,Low Value,1,Dormant
CUST00041,Male,51,Married,Tier 3,Mobile,Credit Card,Fashion,2021-12-29,36,0.6,1541.79,22,33919.38,925.07,0.0,66,5.7,4,4,Yes,270.98,3,1,8,3,1,2022-02-21,0.045,24+ Months,Mid Value,0,At Risk
CUST00042,Male,58,Single,Tier 2,Desktop,UPI,Fashion,2021-12-29,36,2.0,881.52,72,63469.44,1763.04,42312.96,49,5.0,4,2,Yes,44.23,4,3,3,3,0,,0.042,24+ Months,Mid Value,0,Slipping
CUST00043,Male,27,Single,Tier 1,Mobile,Debit Card,Sports,2022-06-30,30,1.1,151.27,33,4991.91,166.4,0.0,178,8.2,5,3,Yes,104.67,7,5,5,7,1,2024-01-25,0.152,24+ Months,Low Value,0,Dormant
CUST00044,Female,34,Married,Tier 2,Desktop,Debit Card,Fashion,2024-08-01,5,2.6,701.2,13,9115.6,1823.12,0.0,135,6.8,4,0,No Complaint,136.23,4,3,11,3,1,2024-09-20,0.231,3-6 Months,Mid Value,0,Dormant
CUST00045,Male,34,Single,Tier 2,Mobile,UPI,Sports,2022-06-30,30,1.4,1302.67,42,54712.14,1823.74,43769.76,87,3.4,5,0,No Complaint,208.19,5,1,4,6,0,,0.024,24+ Months,Mid Value,0,At Risk
CUST00046,Female,20,Married,Tier 3,Mobile,Net Banking,Beauty,2024-10-01,3,4.2,1020.47,13,13266.11,4285.97,0.0,9,4.6,2,0,No Complaint,120.3,3,6,3,1,1,2024-12-31,0.462,0-3 Months,High Value,0,Active
CUST00047,Male,48,Married,Tier 1,Desktop,UPI,Electronics,2024-08-31,4,1.4,439.49,6,2636.94,615.29,0.0,35,2.5,5,2,Yes,213.46,3,0,1,4,1,2024-11-22,0.0,3-6 Months,Low Value,0,Slipping
CUST00048,Male,18,Single,Tier 2,Mobile,UPI,Beauty,2024-10-31,2,2.1,532.58,4,2130.32,1118.42,26842.08,54,7.0,5,2,Yes,302.8,2,1,5,8,0,,0.25,0-3 Months,Mid Value,0,Slipping
CUST00049,Female,29,Single,Tier 2,Mobile,Debit Card,Beauty,2022-06-30,30,1.0,229.51,30,6885.3,229.51,5508.24,88,4.6,4,1,Yes,224.73,3,0,9,4,0,,0.0,24+ Months,Low Value,0,At Risk
CUST00050,Male,56,Married,Tier 3,Tablet,Credit Card,Fashion,2024-10-31,2,3.0,1318.91,6,7913.46,3956.73,94961.52,90,1.0,5,0,No Complaint,64.07,1,0,3,2,0,,0.0,0-3 Months,High Value,0,At Risk
CUST00051,Female,21,Single,Tier 1,Mobile,Credit Card,Beauty,2024-10-01,3,2.7,1387.5,8,11100.0,3746.25,89910.0,5,1.0,3,0,No Complaint,404.46,4,1,16,1,0,,0.125,0-3 Months,High Value,0,Active
CUST00052,Female,59,Single,Tier 3,Tablet,UPI,Beauty,2024-08-01,5,1.3,817.81,6,4906.86,1063.15,0.0,169,3.5,5,2,Yes,143.96,7,1,1,4,1,2024-12-18,0.167,3-6 Months,Mid Value,0,Dormant
CUST00053,Female,30,Single,Tier 3,Mobile,COD,Fashion,2023-12-31,12,0.8,702.59,10,7025.9,562.07,0.0,98,3.0,2,0,No Complaint,112.71,0,2,4,3,1,2024-08-01,0.2,6-12 Months,Low Value,0,Dormant
CUST00054,Female,51,Single,Tier 1,Mobile,Debit Card,Fashion,2021-12-29,36,2.4,421.14,86,36218.04,1010.74,24257.76,4,3.7,4,1,No,154.04,3,0,11,9,0,,0.0,24+ Months,Mid Value,1,Active
CUST00055,Female,59,Single,Tier 3,Desktop,UPI,Fashion,2024-05-01,8,7.2,1133.04,58,65716.32,8157.89,0.0,126,4.1,4,1,Yes,118.82,3,13,28,3,1,2024-06-26,0.224,6-12 Months,High Value,0,Dormant
CUST00056,Female,38,Married,Tier 3,Desktop,Credit Card,Fashion,2023-12-31,12,0.5,284.43,6,1706.58,142.22,3413.28,13,6.8,4,0,No Complaint,253.25,4,2,4,6,0,,0.333,6-12 Months,Low Value,0,Active
CUST00057,Male,39,Single,Tier 1,Mobile,COD,Fashion,2024-10-01,3,4.0,1546.54,12,18558.48,6186.16,148467.84,130,7.1,4,4,Yes,98.26,4,1,11,1,0,,0.083,0-3 Months,High Value,0,Dormant
CUST00058,Male,21,Single,Tier 2,Mobile,Debit Card,Beauty,2024-08-01,5,2.0,1346.72,10,13467.2,2693.44,0.0,126,8.5,3,0,No Complaint,269.88,3,0,9,1,1,2024-11-23,0.0,3-6 Months,High Value,0,Dormant
CUST00059,Male,35,Married,Tier 2,Desktop,UPI,Electronics,2024-10-01,3,1.9,2033.94,6,12203.64,3864.49,0.0,177,7.6,5,3,Yes,257.0,3,2,22,3,1,2024-12-15,0.333,0-3 Months,High Value,0,Dormant
CUST00060,Male,22,Married,Tier 1,Mobile,Credit Card,Home & Kitchen,2024-05-01,8,8.2,930.05,66,61383.3,7626.41,183033.84,62,5.6,1,1,Yes,58.35,4,13,6,1,0,,0.197,6-12 Months,High Value,0,At Risk
CUST00061,Male,36,Single,Tier 1,Mobile,UPI,Fashion,2023-07-01,18,2.3,623.91,41,25580.31,1434.99,0.0,26,2.0,4,0,No Complaint,18.15,3,6,7,2,1,2024-04-10,0.146,12-24 Months,Mid Value,0,Active
CUST00062,Male,19,Married,Tier 1,Mobile,Credit Card,Electronics,2024-08-01,5,4.4,1215.03,22,26730.66,5346.13,0.0,17,5.9,5,2,Yes,342.63,2,0,1,5,1,2024-08-02,0.0,3-6 Months,High Value,0,Active
CUST00063,Female,29,Married,Tier 1,Mobile,COD,Grocery,2022-06-30,30,1.8,1550.98,54,83752.92,2791.76,67002.24,13,1.7,5,2,Yes,33.31,1,1,2,4,0,,0.019,24+ Months,High Value,0,Active
CUST00064,Male,34,Married,Tier 2,Mobile,Credit Card,Home & Kitchen,2021-12-29,36,0.7,399.26,25,9981.5,279.48,0.0,146,5.1,4,2,No,5.7,3,7,8,3,1,2022-11-20,0.28,24+ Months,Low Value,1,Dormant
CUST00065,Male,27,Married,Tier 1,Mobile,Credit Card,Grocery,2024-10-31,2,3.0,855.37,6,5132.22,2566.11,61586.64,129,1.8,4,1,Yes,92.65,6,1,7,3,0,,0.167,0-3 Months,High Value,0,Dormant
CUST00066,Female,51,Married,Tier 3,Mobile,Net Banking,Electronics,2024-12-01,1,6.4,1081.12,6,6486.72,6919.17,0.0,175,8.0,4,1,Yes,52.78,5,0,5,9,1,2024-12-23,0.0,0-3 Months,High Value,0,Dormant
CUST00067,Male,23,Single,Tier 2,Mobile,Debit Card,Home & Kitchen,2022-06-30,30,4.6,1257.54,138,173540.52,5784.68,138832.32,56,5.2,3,3,Yes,44.81,0,46,10,2,0,,0.333,24+ Months,High Value,0,Slipping
CUST00068,Female,25,Married,Tier 1,Mobile,Debit Card,Electronics,2024-08-31,4,0.6,701.62,2,1403.24,420.97,0.0,144,4.1,3,0,No Complaint,34.04,1,0,2,4,1,2024-10-24,0.0,3-6 Months,Low Value,0,Dormant
CUST00069,Male,28,Married,Tier 2,Desktop,UPI,Fashion,2024-06-01,7,1.0,1396.48,7,9775.36,1396.48,33515.52,17,3.7,4,0,No Complaint,248.96,4,2,10,2,0,,0.286,6-12 Months,Mid Value,0,Active
CUST00070,Female,29,Married,Tier 2,Mobile,Debit Card,Electronics,2024-05-01,8,1.8,458.46,14,6418.44,825.23,19805.52,162,4.4,4,0,No Complaint,275.37,6,2,2,0,0,,0.143,6-12 Months,Low Value,0,Dormant
CUST00071,Female,26,Single,Tier 3,Desktop,Debit Card,Beauty,2021-12-29,36,2.1,3687.23,76,280229.48,7743.18,185836.32,10,3.2,4,3,No,8.55,1,4,5,2,0,,0.053,24+ Months,High Value,1,Active
CUST00072,Male,19,Single,Tier 1,Desktop,Credit Card,Fashion,2023-07-01,18,0.5,579.95,9,5219.55,289.98,0.0,142,3.9,4,1,Yes,142.46,1,2,1,3,1,2024-06-13,0.222,12-24 Months,Low Value,0,Dormant
CUST00073,Male,25,Married,Tier 1,Mobile,Wallet,Grocery,2024-12-01,1,0.7,1194.45,1,1194.45,836.12,0.0,56,1.0,4,0,No Complaint,26.13,3,0,6,5,1,2024-12-09,0.0,0-3 Months,Low Value,0,Slipping
CUST00074,Female,28,Single,Tier 3,Mobile,Net Banking,Grocery,2024-12-01,1,3.6,609.86,4,2439.44,2195.5,0.0,33,2.8,2,0,No Complaint,124.61,5,1,14,4,1,2024-12-05,0.25,0-3 Months,Mid Value,0,Slipping
CUST00075,Female,53,Single,Tier 3,Mobile,COD,Home & Kitchen,2024-08-31,4,3.3,961.59,13,12500.67,3173.25,0.0,127,2.4,5,0,No Complaint,76.97,3,0,5,5,1,2024-09-27,0.0,3-6 Months,High Value,0,Dormant
CUST00076,Female,27,Married,Tier 2,Desktop,Debit Card,Electronics,2024-07-01,6,4.6,421.8,28,11810.4,1940.28,0.0,161,5.4,5,2,No,40.57,4,2,3,7,1,2024-09-25,0.071,3-6 Months,Mid Value,1,Dormant
CUST00077,Female,38,Single,Tier 3,Tablet,Credit Card,Fashion,2024-03-01,10,6.8,1906.27,68,129626.36,12962.64,311103.36,137,4.6,3,2,Yes,532.38,3,2,1,3,0,,0.029,6-12 Months,High Value,0,Dormant
CUST00078,Male,37,Single,Tier 1,Mobile,UPI,Electronics,2022-06-30,30,0.9,506.65,27,13679.55,455.98,10943.52,57,6.1,4,2,Yes,565.32,6,1,4,5,0,,0.037,24+ Months,Low Value,0,Slipping
CUST00079,Male,25,Married,Tier 2,Desktop,UPI,Electronics,2024-07-01,6,4.9,950.62,29,27567.98,4658.04,0.0,64,3.7,4,2,Yes,149.41,1,2,16,3,1,2024-07-27,0.069,3-6 Months,High Value,0,At Risk
CUST00080,Male,53,Married,Tier 1,Mobile,COD,Beauty,2024-06-01,7,2.7,858.58,19,16313.02,2318.17,0.0,34,4.7,2,0,No Complaint,37.5,1,2,4,7,1,2024-06-24,0.105,6-12 Months,Mid Value,0,Slipping
CUST00081,Female,46,Married,Tier 1,Mobile,Credit Card,Grocery,2024-07-01,6,7.9,549.4,47,25821.8,4340.26,0.0,148,1.0,3,1,Yes,157.56,2,1,2,4,1,2024-10-06,0.021,3-6 Months,High Value,0,Dormant
CUST00082,Female,59,Married,Tier 3,Desktop,Net Banking,Beauty,2024-12-01,1,0.8,151.17,1,151.17,120.94,0.0,20,6.1,1,1,Yes,474.85,2,0,18,2,1,2024-12-04,0.0,0-3 Months,Low Value,0,Active
CUST00083,Male,29,Single,Tier 1,Mobile,UPI,Home & Kitchen,2021-12-29,36,0.8,1884.81,29,54659.49,1507.85,36188.4,162,6.8,4,1,No,85.4,2,6,21,4,0,,0.207,24+ Months,Mid Value,1,Dormant
CUST00084,Male,31,Married,Tier 2,Mobile,Credit Card,Home & Kitchen,2024-10-01,3,3.0,993.33,9,8939.97,2979.99,0.0,108,5.7,2,1,Yes,26.68,2,3,25,2,1,2024-11-15,0.333,0-3 Months,High Value,0,Dormant
CUST00085,Male,38,Single,Tier 3,Mobile,Debit Card,Electronics,2024-08-01,5,6.6,265.55,33,8763.15,1752.63,42063.12,106,2.9,2,1,Yes,212.97,1,4,6,5,0,,0.121,3-6 Months,Mid Value,0,Dormant
CUST00086,Male,39,Single,Tier 1,Desktop,Credit Card,Sports,2024-10-31,2,4.4,235.26,9,2117.34,1035.14,0.0,150,5.5,3,0,No Complaint,192.22,4,2,7,5,1,2024-12-24,0.222,0-3 Months,Mid Value,0,Dormant
CUST00087,Female,38,Married,Tier 3,Mobile,Net Banking,Fashion,2024-03-01,10,3.2,716.63,32,22932.16,2293.22,0.0,120,4.8,3,3,No,0.25,5,8,3,5,1,2024-08-24,0.25,6-12 Months,Mid Value,1,Dormant
CUST00088,Female,61,Single,Tier 3,Desktop,Wallet,Beauty,2021-12-29,36,1.2,847.48,43,36441.64,1016.98,24407.52,55,1.0,4,0,No Complaint,345.86,3,3,3,6,0,,0.07,24+ Months,Mid Value,0,Slipping
CUST00089,Female,47,Married,Tier 2,Mobile,UPI,Grocery,2024-10-31,2,3.2,772.42,6,4634.52,2471.74,59321.76,63,6.7,4,1,Yes,194.58,1,0,6,7,0,,0.0,0-3 Months,Mid Value,0,At Risk
CUST00090,Male,56,Single,Tier 1,Mobile,UPI,Beauty,2024-04-01,9,4.0,2466.99,36,88811.64,9867.96,236831.04,31,2.6,2,0,No Complaint,39.2,4,9,1,6,0,,0.25,6-12 Months,High Value,0,Slipping
CUST00091,Male,37,Single,Tier 1,Desktop,UPI,Electronics,2024-12-01,1,3.5,279.03,4,1116.12,976.6,23438.4,84,5.5,4,0,No Complaint,0.58,1,0,26,1,0,,0.0,0-3 Months,Mid Value,0,At Risk
CUST00092,Female,41,Married,Tier 2,Mobile,Debit Card,Beauty,2022-12-30,24,2.8,1041.7,67,69793.9,2916.76,70002.24,20,4.6,3,3,Yes,645.54,0,14,9,3,0,,0.209,12-24 Months,High Value,0,Active
CUST00093,Female,40,Married,Tier 1,Desktop,Credit Card,Home & Kitchen,2023-07-01,18,0.5,1410.84,9,12697.56,705.42,0.0,117,6.9,4,0,No Complaint,252.93,2,2,1,6,1,2024-03-27,0.222,12-24 Months,Low Value,0,Dormant
CUST00094,Female,24,Single,Tier 1,Mobile,COD,Beauty,2022-12-30,24,2.7,1390.09,65,90355.85,3753.24,90077.76,31,2.9,2,0,No Complaint,81.76,2,3,2,5,0,,0.046,12-24 Months,High Value,0,Slipping
CUST00095,Female,26,Married,Tier 3,Mobile,Credit Card,Beauty,2024-03-01,10,1.6,1678.57,16,26857.12,2685.71,0.0,155,3.6,4,0,No Complaint,102.06,0,3,3,7,1,2024-03-23,0.188,6-12 Months,High Value,0,Dormant
CUST00096,Male,18,Single,Tier 1,Mobile,Debit Card,Fashion,2021-12-29,36,8.1,974.41,292,284527.72,7892.72,189425.28,126,5.7,3,1,Yes,139.33,4,35,1,4,0,,0.12,24+ Months,High Value,0,Dormant
CUST00097,Male,43,Single,Tier 2,Desktop,COD,Fashion,2024-05-01,8,2.3,1066.66,18,19199.88,2453.32,58879.68,160,3.4,4,1,Yes,228.25,4,1,33,3,0,,0.056,6-12 Months,Mid Value,0,Dormant
CUST00098,Male,55,Single,Tier 1,Mobile,Debit Card,Sports,2024-01-31,11,2.3,712.74,25,17818.5,1639.3,39343.2,16,7.1,3,0,No Complaint,34.18,3,5,3,7,0,,0.2,6-12 Months,Mid Value,0,Active
CUST00099,Male,55,Single,Tier 2,Desktop,Debit Card,Beauty,2022-12-30,24,12.8,312.08,307,95808.56,3994.62,0.0,143,3.1,1,1,No,39.21,6,21,1,4,1,2024-04-13,0.068,12-24 Months,High Value,1,Dormant
CUST00100,Male,61,Single,Tier 3,Mobile,UPI,Grocery,2024-01-31,11,0.5,1130.2,6,6781.2,565.1,0.0,158,5.6,4,3,No,8.91,3,3,17,7,1,2024-10-31,0.5,6-12 Months,Low Value,1,Dormant
CUST00101,Male,39,Married,Tier 1,Mobile,Credit Card,Electronics,2024-10-01,3,0.8,677.32,2,1354.64,541.86,13004.64,8,4.5,4,0,No Complaint,765.74,1,0,1,3,0,,0.0,0-3 Months,Low Value,0,Active
CUST00102,Female,61,Married,Tier 1,Mobile,Debit Card,Fashion,2024-07-01,6,2.7,533.36,16,8533.76,1440.07,0.0,179,3.3,3,1,Yes,375.12,3,5,5,3,1,2024-08-01,0.312,3-6 Months,Mid Value,0,Dormant
CUST00103,Male,27,Single,Tier 2,Tablet,Credit Card,Electronics,2024-10-31,2,0.9,1165.31,2,2330.62,1048.78,0.0,54,6.9,3,1,Yes,144.92,3,0,4,3,1,2024-12-29,0.0,0-3 Months,Mid Value,0,Slipping
CUST00104,Male,23,Married,Tier 2,Desktop,Net Banking,Electronics,2024-04-01,9,1.1,1240.2,10,12402.0,1364.22,32741.28,38,2.6,4,0,No Complaint,101.27,0,3,1,7,0,,0.3,6-12 Months,Mid Value,0,Slipping
CUST00105,Female,34,Single,Tier 2,Desktop,Net Banking,Fashion,2023-07-01,18,5.6,547.85,101,55332.85,3067.96,0.0,75,5.5,3,1,Yes,48.79,5,12,1,0,1,2024-07-22,0.119,12-24 Months,High Value,0,At Risk
CUST00106,Male,55,Single,Tier 1,Mobile,COD,Fashion,2024-10-31,2,2.2,1069.56,4,4278.24,2353.03,56472.72,2,1.0,3,0,No Complaint,162.69,4,1,3,5,0,,0.25,0-3 Months,Mid Value,0,Active
CUST00107,Male,41,Single,Tier 1,Mobile,Credit Card,Grocery,2023-07-01,18,0.5,848.22,9,7633.98,424.11,0.0,159,5.1,1,2,Yes,211.11,6,0,4,4,1,2023-09-19,0.0,12-24 Months,Low Value,0,Dormant
CUST00108,Female,27,Single,Tier 3,Mobile,COD,Grocery,2021-12-29,36,0.9,1025.49,32,32815.68,922.94,22150.56,49,6.7,4,0,No Complaint,210.34,2,10,11,4,0,,0.312,24+ Months,Mid Value,0,Slipping
CUST00109,Male,25,Married,Tier 3,Desktop,Credit Card,Fashion,2024-07-01,6,0.5,2159.21,3,6477.63,1079.6,0.0,94,4.2,2,1,Yes,1.16,7,0,10,7,1,2024-11-19,0.0,3-6 Months,Mid Value,0,Dormant
CUST00110,Male,38,Single,Tier 2,Mobile,UPI,Grocery,2024-08-31,4,2.0,1223.87,8,9790.96,2447.74,0.0,112,4.9,5,0,No Complaint,217.94,2,2,5,0,1,2024-10-07,0.25,3-6 Months,Mid Value,0,Dormant
CUST00111,Male,23,Married,Tier 3,Mobile,Credit Card,Home & Kitchen,2021-12-29,36,0.5,1160.81,18,20894.58,580.4,0.0,142,7.6,5,3,Yes,362.29,1,3,2,2,1,2024-01-08,0.167,24+ Months,Low Value,0,Dormant
CUST00112,Male,38,Married,Tier 2,Mobile,UPI,Electronics,2022-12-30,24,4.9,483.16,118,57012.88,2367.48,56819.52,45,6.4,5,1,Yes,21.97,1,1,15,4,0,,0.008,12-24 Months,Mid Value,0,Slipping
CUST00113,Female,56,Married,Tier 2,Mobile,Credit Card,Home & Kitchen,2024-10-31,2,2.2,533.23,4,2132.92,1173.11,0.0,129,1.0,5,2,Yes,253.45,6,2,8,4,1,2024-12-06,0.5,0-3 Months,Mid Value,0,Dormant
CUST00114,Female,41,Married,Tier 1,Mobile,Credit Card,Home & Kitchen,2024-05-01,8,0.5,1257.76,4,5031.04,628.88,0.0,22,3.5,5,3,Yes,311.93,5,0,3,3,1,2024-06-19,0.0,6-12 Months,Low Value,0,Active
CUST00115,Female,50,Single,Tier 2,Desktop,Wallet,Fashion,2023-07-01,18,0.9,295.49,16,4727.84,265.94,6382.56,127,4.0,5,0,No Complaint,58.18,3,5,16,5,0,,0.312,12-24 Months,Low Value,0,Dormant
CUST00116,Female,35,Single,Tier 2,Mobile,UPI,Fashion,2023-12-31,12,2.4,699.61,29,20288.69,1679.06,0.0,165,5.1,2,3,Yes,224.13,5,3,14,6,1,2024-12-25,0.103,6-12 Months,Mid Value,0,Dormant
CUST00117,Female,45,Married,Tier 1,Desktop,Net Banking,Electronics,2023-07-01,18,1.0,526.22,18,9471.96,526.22,0.0,16,4.4,3,1,Yes,18.32,8,1,1,3,1,2023-09-10,0.056,12-24 Months,Low Value,0,Active
CUST00118,Male,49,Single,Tier 2,Desktop,UPI,Grocery,2023-12-31,12,1.8,812.78,22,17881.16,1463.0,35112.0,21,3.6,1,0,No Complaint,188.56,4,1,16,4,0,,0.045,6-12 Months,Mid Value,0,Active
CUST00119,Female,29,Single,Tier 3,Mobile,UPI,Electronics,2022-06-30,30,6.0,772.05,180,138969.0,4632.3,0.0,100,3.4,4,0,No Complaint,128.52,6,20,6,5,1,2022-08-15,0.111,24+ Months,High Value,0,Dormant
CUST00120,Male,59,Married,Tier 2,Mobile,Credit Card,Electronics,2024-07-01,6,1.1,983.78,7,6886.46,1082.16,25971.84,9,1.9,4,2,Yes,341.3,2,0,21,7,0,,0.0,3-6 Months,Mid Value,0,Active
CUST00121,Female,44,Single,Tier 2,Mobile,Debit Card,Grocery,2022-12-30,24,1.0,1243.39,24,29841.36,1243.39,29841.36,34,2.7,5,0,No Complaint,108.26,2,4,12,6,0,,0.167,12-24 Months,Mid Value,0,Slipping
CUST00122,Female,27,Married,Tier 3,Desktop,UPI,Fashion,2021-12-29,36,4.3,1766.27,155,273771.85,7594.96,182279.04,35,6.0,5,1,Yes,100.58,3,24,1,7,0,,0.155,24+ Months,High Value,0,Slipping
CUST00123,Male,63,Single,Tier 1,Mobile,UPI,Sports,2024-05-01,8,1.0,1861.73,8,14893.84,1861.73,44681.52,87,2.6,3,3,Yes,488.67,4,2,3,1,0,,0.25,6-12 Months,Mid Value,0,At Risk
CUST00124,Male,59,Married,Tier 2,Mobile,Credit Card,Fashion,2022-06-30,30,0.5,760.53,15,11407.95,380.26,9126.24,45,3.1,4,3,No,489.99,4,1,3,4,0,,0.067,24+ Months,Low Value,1,Slipping
CUST00125,Male,49,Married,Tier 3,Mobile,Credit Card,Home & Kitchen,2024-08-01,5,0.5,593.69,2,1187.38,296.85,7124.4,86,1.9,4,0,No Complaint,6.55,5,0,10,1,0,,0.0,3-6 Months,Low Value,0,At Risk
CUST00126,Male,59,Single,Tier 2,Mobile,COD,Fashion,2024-08-01,5,7.4,517.27,37,19138.99,3827.8,0.0,94,5.2,4,0,No Complaint,119.64,4,5,6,2,1,2024-09-28,0.135,3-6 Months,High Value,0,Dormant
CUST00127,Female,43,Married,Tier 1,Mobile,Credit Card,Fashion,2021-12-29,36,6.8,716.46,245,175532.7,4871.93,116926.32,131,6.2,4,3,Yes,31.59,5,41,3,4,0,,0.167,24+ Months,High Value,0,Dormant
CUST00128,Female,42,Married,Tier 1,Mobile,UPI,Fashion,2024-12-01,1,0.6,449.67,1,449.67,269.8,0.0,170,6.6,5,2,No,57.56,1,0,11,4,1,2024-12-25,0.0,0-3 Months,Low Value,1,Dormant
CUST00129,Male,28,Married,Tier 3,Desktop,Net Banking,Sports,2024-08-31,4,2.0,1247.32,8,9978.56,2494.64,59871.36,91,3.8,5,1,Yes,197.47,2,0,8,5,0,,0.0,3-6 Months,Mid Value,0,Dormant
CUST00130,Male,40,Married,Tier 2,Desktop,UPI,Fashion,2024-03-01,10,0.5,1837.98,5,9189.9,918.99,0.0,64,4.4,2,0,No Complaint,24.92,3,0,13,1,1,2024-07-27,0.0,6-12 Months,Mid Value,0,At Risk
CUST00131,Male,51,Married,Tier 3,Mobile,COD,Grocery,2024-05-01,8,2.8,308.82,22,6794.04,864.7,20752.8,47,4.6,3,1,Yes,2.04,4,3,11,5,0,,0.136,6-12 Months,Low Value,0,Slipping
CUST00132,Male,57,Single,Tier 2,Mobile,COD,Home & Kitchen,2023-07-01,18,0.5,903.83,9,8134.47,451.92,10846.08,114,3.7,4,1,Yes,233.77,2,3,8,2,0,,0.333,12-24 Months,Low Value,0,Dormant
CUST00133,Male,40,Single,Tier 2,Desktop,Wallet,Grocery,2024-08-31,4,0.5,2668.22,2,5336.44,1334.11,0.0,169,5.1,4,0,No Complaint,184.57,2,0,1,0,1,2024-09-10,0.0,3-6 Months,Mid Value,0,Dormant
CUST00134,Male,46,Married,Tier 3,Mobile,Credit Card,Electronics,2024-10-31,2,4.4,318.26,9,2864.34,1400.34,0.0,137,6.5,4,2,Yes,419.33,0,1,2,4,1,2024-12-24,0.111,0-3 Months,Mid Value,0,Dormant
CUST00135,Female,48,Single,Tier 2,Desktop,Debit Card,Sports,2024-06-01,7,1.0,2525.17,7,17676.19,2525.17,60604.08,37,6.3,5,0,No Complaint,140.68,8,1,12,2,0,,0.143,6-12 Months,Mid Value,0,Slipping
CUST00136,Male,24,Single,Tier 2,Mobile,Credit Card,Home & Kitchen,2024-01-31,11,0.5,491.83,6,2950.98,245.92,0.0,160,4.2,3,1,Yes,523.16,3,1,16,5,1,2024-05-29,0.167,6-12 Months,Low Value,0,Dormant
CUST00137,Male,57,Single,Tier 2,Desktop,Debit Card,Electronics,2023-12-31,12,4.5,586.97,54,31696.38,2641.36,63392.64,132,3.5,4,0,No Complaint,169.17,5,1,6,3,0,,0.019,6-12 Months,High Value,0,Dormant
CUST00138,Female,50,Married,Tier 3,Mobile,Credit Card,Grocery,2023-07-01,18,3.6,1383.39,65,89920.35,4980.2,119524.8,23,2.4,5,0,No Complaint,88.13,1,5,35,4,0,,0.077,12-24 Months,High Value,0,Active
CUST00139,Male,38,Married,Tier 2,Mobile,Credit Card,Sports,2023-12-31,12,2.9,1280.88,35,44830.8,3714.55,89149.2,128,1.4,4,1,Yes,168.78,4,11,3,8,0,,0.314,6-12 Months,High Value,0,Dormant
CUST00140,Female,19,Married,Tier 2,Desktop,Net Banking,Sports,2024-08-01,5,6.1,833.98,30,25019.4,5087.28,122094.72,52,5.5,4,0,No Complaint,248.94,7,2,11,1,0,,0.067,3-6 Months,High Value,0,Slipping
CUST00141,Female,35,Married,Tier 1,Mobile,UPI,Electronics,2022-12-30,24,1.7,526.15,41,21572.15,894.46,0.0,88,4.5,2,0,No Complaint,76.86,4,4,9,3,1,2023-04-12,0.098,12-24 Months,Mid Value,0,At Risk
CUST00142,Male,64,Married,Tier 3,Mobile,Net Banking,Home & Kitchen,2024-10-31,2,0.5,375.88,1,375.88,187.94,0.0,54,4.5,3,0,No Complaint,83.89,6,0,11,5,1,2024-11-24,0.0,0-3 Months,Low Value,0,Slipping
CUST00143,Male,50,Married,Tier 1,Mobile,Net Banking,Electronics,2024-08-31,4,0.5,850.95,2,1701.9,425.48,0.0,16,8.9,3,1,Yes,178.93,3,0,4,4,1,2024-10-05,0.0,3-6 Months,Low Value,0,Active
CUST00144,Male,54,Single,Tier 2,Desktop,Credit Card,Electronics,2022-12-30,24,1.0,773.86,24,18572.64,773.86,18572.64,138,7.4,4,0,No Complaint,109.45,5,3,2,3,0,,0.125,12-24 Months,Low Value,0,Dormant
CUST00145,Male,51,Single,Tier 2,Mobile,Credit Card,Fashion,2024-08-01,5,0.5,515.64,2,1031.28,257.82,0.0,149,4.6,4,0,No Complaint,134.75,4,0,4,4,1,2024-11-25,0.0,3-6 Months,Low Value,0,Dormant
CUST00146,Male,37,Married,Tier 2,Desktop,Credit Card,Fashion,2024-03-01,10,1.9,750.79,19,14265.01,1426.5,34236.0,42,4.9,5,4,Yes,723.95,4,1,2,5,0,,0.053,6-12 Months,Mid Value,0,Slipping
CUST00147,Female,52,Single,Tier 2,Mobile,Wallet,Grocery,2024-07-01,6,0.5,1070.23,3,3210.69,535.12,0.0,43,2.5,2,0,No Complaint,8.06,1,0,1,4,1,2024-12-10,0.0,3-6 Months,Low Value,0,Slipping
CUST00148,Male,35,Married,Tier 1,Mobile,UPI,Grocery,2024-01-31,11,1.5,1898.67,16,30378.72,2848.0,68352.0,77,5.7,3,0,No Complaint,187.89,4,4,9,8,0,,0.25,6-12 Months,High Value,0,At Risk
CUST00149,Male,63,Married,Tier 2,Desktop,Debit Card,Fashion,2024-06-01,7,0.5,1029.21,4,4116.84,514.6,12350.4,146,4.9,2,0,No Complaint,461.24,0,0,34,3,0,,0.0,6-12 Months,Low Value,0,Dormant
CUST00150,Male,41,Married,Tier 3,Mobile,Debit Card,Electronics,2021-12-29,36,1.1,793.99,40,31759.6,873.39,20961.36,14,2.9,4,4,No,48.5,5,3,9,3,0,,0.075,24+ Months,Low Value,1,Active
CUST00151,Female,25,Single,Tier 3,Mobile,Wallet,Electronics,2024-06-01,7,2.8,504.51,20,10090.2,1412.63,33903.12,145,4.9,5,1,Yes,42.89,2,2,1,4,0,,0.1,6-12 Months,Mid Value,0,Dormant
CUST00152,Male,47,Single,Tier 1,Mobile,COD,Sports,2023-07-01,18,1.1,533.19,20,10663.8,586.51,14076.24,166,6.4,5,0,No Complaint,81.18,3,1,6,7,0,,0.05,12-24 Months,Low Value,0,Dormant
CUST00153,Male,61,Married,Tier 3,Mobile,Debit Card,Home & Kitchen,2021-12-29,36,1.0,1044.73,36,37610.28,1044.73,0.0,101,8.2,4,2,Yes,13.85,4,3,7,3,1,2024-01-15,0.083,24+ Months,Mid Value,0,Dormant
CUST00154,Male,27,Single,Tier 2,Mobile,UPI,Electronics,2023-07-01,18,11.7,1085.21,211,228979.31,12696.96,0.0,11,1.8,1,2,Yes,147.89,0,2,11,1,1,2023-12-14,0.009,12-24 Months,High Value,0,Active
CUST00155,Female,40,Married,Tier 3,Mobile,Credit Card,Home & Kitchen,2023-12-31,12,3.2,768.49,38,29202.62,2459.17,0.0,49,2.4,3,3,No,186.65,3,1,12,3,1,2024-07-07,0.026,6-12 Months,Mid Value,1,Slipping
CUST00156,Male,28,Married,Tier 2,Mobile,UPI,Electronics,2023-12-31,12,1.8,1691.81,22,37219.82,3045.26,73086.24,20,4.3,5,1,Yes,308.55,3,2,2,6,0,,0.091,6-12 Months,High Value,0,Active
CUST00157,Female,19,Married,Tier 2,Mobile,Net Banking,Grocery,2024-03-01,10,2.2,935.6,22,20583.2,2058.32,49399.68,47,4.9,4,0,No Complaint,12.32,3,1,3,4,0,,0.045,6-12 Months,Mid Value,0,Slipping
CUST00158,Female,43,Married,Tier 3,Mobile,COD,Sports,2022-06-30,30,2.4,638.76,72,45990.72,1533.02,0.0,146,7.5,3,1,No,103.15,1,1,6,2,1,2023-06-28,0.014,24+ Months,Mid Value,1,Dormant
CUST00159,Male,53,Single,Tier 3,Mobile,COD,Electronics,2024-12-01,1,0.5,567.63,1,567.63,283.82,0.0,10,6.7,4,0,No Complaint,276.02,5,0,1,2,1,2024-12-07,0.0,0-3 Months,Low Value,0,Active
CUST00160,Female,50,Married,Tier 2,Tablet,Debit Card,Grocery,2021-12-29,36,0.5,541.58,18,9748.44,270.79,6498.96,51,1.0,2,2,Yes,263.22,9,2,2,4,0,,0.111,24+ Months,Low Value,0,Slipping
CUST00161,Male,64,Single,Tier 1,Desktop,Credit Card,Electronics,2023-07-01,18,2.6,1256.42,47,59051.74,3266.69,0.0,93,3.7,4,1,Yes,13.77,2,3,25,4,1,2024-03-30,0.064,12-24 Months,High Value,0,Dormant
CUST00162,Female,30,Single,Tier 2,Mobile,UPI,Fashion,2022-06-30,30,1.1,581.18,33,19178.94,639.3,15343.2,157,1.8,5,1,Yes,2.06,0,9,4,4,0,,0.273,24+ Months,Low Value,0,Dormant
CUST00163,Female,57,Married,Tier 2,Mobile,Credit Card,Grocery,2024-12-01,1,0.5,968.06,1,968.06,484.03,0.0,45,2.2,1,0,No Complaint,275.29,2,0,11,2,1,2024-12-23,0.0,0-3 Months,Low Value,0,Slipping
CUST00164,Male,42,Married,Tier 1,Tablet,UPI,Sports,2022-06-30,30,0.9,495.74,27,13384.98,446.17,10708.08,140,5.6,4,0,No Complaint,26.73,6,2,5,4,0,,0.074,24+ Months,Low Value,0,Dormant
CUST00165,Male,21,Married,Tier 1,Mobile,COD,Electronics,2024-10-31,2,0.5,798.78,1,798.78,399.39,0.0,105,4.8,3,0,No Complaint,155.21,1,0,56,3,1,2024-12-29,0.0,0-3 Months,Low Value,0,Dormant
CUST00166,Female,59,Single,Tier 3,Mobile,UPI,Home & Kitchen,2022-12-30,24,6.2,864.22,149,128768.78,5358.16,128595.84,122,7.5,5,5,Yes,17.82,3,66,19,5,0,,0.443,12-24 Months,High Value,0,Dormant
CUST00167,Male,36,Married,Tier 1,Desktop,COD,Home & Kitchen,2024-05-01,8,0.6,4698.03,5,23490.15,2818.82,0.0,155,2.0,1,0,No Complaint,63.05,1,1,3,6,1,2024-10-22,0.2,6-12 Months,High Value,0,Dormant
CUST00168,Male,35,Single,Tier 2,Mobile,Debit Card,Fashion,2022-12-30,24,0.5,359.61,12,4315.32,179.8,4315.2,5,4.5,4,2,No,30.96,3,0,13,5,0,,0.0,12-24 Months,Low Value,1,Active
CUST00169,Male,54,Married,Tier 1,Mobile,Credit Card,Electronics,2023-07-01,18,2.5,1581.4,45,71163.0,3953.5,94884.0,95,3.5,3,0,No Complaint,239.99,1,9,6,4,0,,0.2,12-24 Months,High Value,0,Dormant
CUST00170,Female,47,Married,Tier 1,Tablet,UPI,Grocery,2024-10-01,3,1.8,524.27,5,2621.35,943.69,22648.56,134,7.3,5,0,No Complaint,201.05,3,0,3,3,0,,0.0,0-3 Months,Mid Value,0,Dormant
CUST00171,Female,36,Single,Tier 1,Desktop,UPI,Grocery,2024-01-31,11,2.1,2309.57,23,53120.11,4850.1,0.0,159,2.9,2,0,No Complaint,26.17,3,2,6,4,1,2024-12-27,0.087,6-12 Months,High Value,0,Dormant
CUST00172,Male,40,Single,Tier 1,Mobile,Credit Card,Fashion,2024-08-01,5,1.4,550.8,7,3855.6,771.12,18506.88,24,4.9,3,1,Yes,11.01,3,1,3,3,0,,0.143,3-6 Months,Low Value,0,Active
CUST00173,Male,33,Single,Tier 3,Mobile,COD,Sports,2023-12-31,12,1.6,1854.49,19,35235.31,2967.18,71212.32,62,2.0,2,1,Yes,113.04,4,0,2,5,0,,0.0,6-12 Months,High Value,0,At Risk
CUST00174,Male,18,Married,Tier 3,Mobile,UPI,Beauty,2022-12-30,24,3.8,1048.61,91,95423.51,3984.72,95633.28,15,7.1,4,1,Yes,39.17,4,5,5,6,0,,0.055,12-24 Months,High Value,0,Active
CUST00175,Female,29,Married,Tier 1,Desktop,COD,Electronics,2024-10-31,2,0.6,353.56,1,353.56,212.14,0.0,150,7.8,3,2,Yes,1.47,3,0,4,2,1,2024-11-04,0.0,0-3 Months,Low Value,0,Dormant
CUST00176,Male,41,Married,Tier 2,Mobile,COD,Grocery,2024-01-31,11,1.3,1031.85,14,14445.9,1341.4,0.0,154,3.2,2,0,No Complaint,55.24,3,3,3,7,1,2024-12-07,0.214,6-12 Months,Mid Value,0,Dormant
CUST00177,Female,51,Married,Tier 2,Mobile,UPI,Fashion,2023-07-01,18,7.9,1288.09,142,182908.78,10175.91,244221.84,87,3.0,4,1,No,43.63,1,11,8,5,0,,0.077,12-24 Months,High Value,1,At Risk
CUST00178,Male,25,Married,Tier 3,Tablet,COD,Electronics,2024-07-01,6,0.5,1354.72,3,4064.16,677.36,0.0,4,5.0,5,1,No,207.91,3,0,1,3,1,2024-12-10,0.0,3-6 Months,Low Value,1,Active
CUST00179,Female,35,Married,Tier 3,Mobile,Debit Card,Home & Kitchen,2021-12-29,36,0.9,760.63,32,24340.16,684.57,16429.68,19,3.0,4,1,Yes,355.01,2,1,29,2,0,,0.031,24+ Months,Low Value,0,Active
CUST00180,Male,22,Married,Tier 2,Mobile,COD,Home & Kitchen,2024-01-31,11,0.5,5520.59,6,33123.54,2760.3,66247.2,112,6.6,3,1,Yes,48.84,5,0,2,5,0,,0.0,6-12 Months,High Value,0,Dormant
CUST00181,Male,43,Single,Tier 2,Mobile,UPI,Electronics,2024-10-01,3,0.5,3506.1,2,7012.2,1753.05,0.0,176,5.3,4,0,No Complaint,45.43,3,1,8,1,1,2024-10-22,0.5,0-3 Months,Mid Value,0,Dormant
CUST00182,Male,47,Married,Tier 3,Mobile,UPI,Grocery,2024-10-31,2,0.8,1137.62,2,2275.24,910.1,0.0,151,6.8,4,3,Yes,88.32,8,0,4,3,1,2024-12-04,0.0,0-3 Months,Mid Value,0,Dormant
CUST00183,Female,30,Married,Tier 1,Mobile,UPI,Beauty,2023-12-31,12,0.5,357.35,6,2144.1,178.68,0.0,143,2.6,4,5,Yes,34.09,3,1,1,4,1,2024-05-04,0.167,6-12 Months,Low Value,0,Dormant
CUST00184,Female,36,Single,Tier 2,Desktop,Credit Card,Electronics,2024-06-01,7,0.5,445.77,4,1783.08,222.88,5349.12,75,2.0,3,1,No,528.12,5,0,2,4,0,,0.0,6-12 Months,Low Value,1,At Risk
CUST00185,Male,46,Married,Tier 3,Desktop,COD,Fashion,2024-08-31,4,1.1,743.76,4,2975.04,818.14,19635.36,177,5.2,5,0,No Complaint,50.24,3,0,6,8,0,,0.0,3-6 Months,Low Value,0,Dormant
CUST00186,Female,20,Married,Tier 2,Mobile,COD,Grocery,2024-12-01,1,0.5,839.49,1,839.49,419.74,0.0,148,7.5,3,1,Yes,17.64,5,0,3,3,1,2024-12-06,0.0,0-3 Months,Low Value,0,Dormant
CUST00187,Female,43,Single,Tier 2,Mobile,Net Banking,Grocery,2023-12-31,12,3.5,503.57,42,21149.94,1762.5,42300.0,61,2.8,3,0,No Complaint,146.51,3,3,14,3,0,,0.071,6-12 Months,Mid Value,0,At Risk
CUST00188,Female,57,Single,Tier 2,Mobile,UPI,Fashion,2023-07-01,18,4.0,613.63,72,44181.36,2454.52,58908.48,134,5.3,3,0,No Complaint,138.85,3,6,9,4,0,,0.083,12-24 Months,Mid Value,0,Dormant
CUST00189,Male,29,Married,Tier 1,Mobile,UPI,Fashion,2024-10-01,3,1.3,223.14,4,892.56,290.08,6961.92,78,3.3,5,5,No,179.9,2,1,1,5,0,,0.25,0-3 Months,Low Value,1,At Risk
CUST00190,Male,19,Married,Tier 2,Mobile,Debit Card,Fashion,2023-07-01,18,10.4,197.77,187,36982.99,2056.81,49363.44,119,6.4,5,1,Yes,612.41,4,22,22,3,0,,0.118,12-24 Months,Mid Value,0,Dormant
CUST00191,Male,28,Married,Tier 2,Tablet,UPI,Electronics,2021-12-29,36,2.8,906.54,101,91560.54,2538.31,60919.44,174,2.9,5,1,No,70.34,2,12,2,2,0,,0.119,24+ Months,High Value,1,Dormant
CUST00192,Female,61,Married,Tier 2,Mobile,Credit Card,Grocery,2021-12-29,36,3.4,2737.15,122,333932.3,9306.31,0.0,45,5.0,1,4,Yes,80.21,2,41,1,4,1,2024-08-01,0.336,24+ Months,High Value,0,Slipping
CUST00193,Female,45,Single,Tier 2,Mobile,Debit Card,Electronics,2021-12-29,36,0.5,303.15,18,5456.7,151.57,0.0,143,6.5,4,3,Yes,73.99,1,2,5,6,1,2024-02-14,0.111,24+ Months,Low Value,0,Dormant
CUST00194,Female,35,Single,Tier 3,Mobile,UPI,Fashion,2022-06-30,30,4.5,773.28,135,104392.8,3479.76,0.0,106,2.1,3,1,Yes,178.3,4,56,5,3,1,2023-04-02,0.415,24+ Months,High Value,0,Dormant
CUST00195,Male,30,Single,Tier 1,Mobile,Debit Card,Home & Kitchen,2024-08-31,4,7.3,886.3,29,25702.7,6469.99,0.0,171,5.6,5,0,No Complaint,166.77,8,2,5,5,1,2024-12-27,0.069,3-6 Months,High Value,0,Dormant
CUST00196,Male,54,Married,Tier 2,Mobile,Credit Card,Fashion,2024-10-01,3,0.7,1165.52,2,2331.04,815.86,19580.64,25,3.9,4,0,No Complaint,135.45,2,0,1,1,0,,0.0,0-3 Months,Low Value,0,Active
CUST00197,Female,39,Married,Tier 2,Mobile,Debit Card,Electronics,2024-04-01,9,2.9,628.12,26,16331.12,1821.55,0.0,129,6.0,4,3,No,81.55,3,2,3,3,1,2024-07-22,0.077,6-12 Months,Mid Value,1,Dormant
CUST00198,Female,29,Single,Tier 2,Mobile,COD,Sports,2023-07-01,18,3.4,415.66,61,25355.26,1413.24,0.0,7,5.2,3,3,Yes,100.44,2,8,20,3,1,2024-05-28,0.131,12-24 Months,Mid Value,0,Active
CUST00199,Female,19,Married,Tier 1,Desktop,UPI,Grocery,2022-06-30,30,0.9,1410.99,27,38096.73,1269.89,0.0,45,3.7,4,1,Yes,283.08,3,9,13,1,1,2024-11-09,0.333,24+ Months,Mid Value,0,Slipping
CUST00200,Female,54,Married,Tier 2,Mobile,Wallet,Beauty,2024-08-31,4,1.6,228.63,6,1371.78,365.81,0.0,58,4.3,4,0,No Complaint,169.14,1,1,1,4,1,2024-12-07,0.167,3-6 Months,Low Value,0,Slipping
CUST00201,Female,24,Single,Tier 3,Mobile,Debit Card,Electronics,2024-03-01,10,0.5,1172.92,5,5864.6,586.46,14075.04,78,1.2,4,1,Yes,226.78,4,1,3,4,0,,0.2,6-12 Months,Low Value,0,At Risk
CUST00202,Male,43,Married,Tier 2,Mobile,Net Banking,Fashion,2023-07-01,18,0.5,511.45,9,4603.05,255.72,0.0,173,6.1,4,0,No Complaint,58.32,6,2,11,3,1,2023-08-27,0.222,12-24 Months,Low Value,0,Dormant
CUST00203,Male,43,Married,Tier 3,Desktop,UPI,Grocery,2024-04-01,9,0.5,1064.96,4,4259.84,532.48,0.0,13,7.9,4,0,No Complaint,436.44,2,0,16,8,1,2024-07-27,0.0,6-12 Months,Low Value,0,Active
CUST00204,Female,41,Single,Tier 3,Mobile,Debit Card,Grocery,2024-04-01,9,2.1,2023.04,19,38437.76,4248.38,0.0,31,3.5,4,3,Yes,6.44,2,0,1,3,1,2024-04-17,0.0,6-12 Months,High Value,0,Slipping
CUST00205,Female,29,Married,Tier 1,Mobile,Credit Card,Fashion,2024-08-31,4,2.5,555.33,10,5553.3,1388.32,33319.68,37,4.4,5,0,No Complaint,163.01,3,1,7,3,0,,0.1,3-6 Months,Mid Value,0,Slipping
CUST00206,Male,33,Single,Tier 1,Mobile,COD,Electronics,2021-12-29,36,6.2,693.86,223,154730.78,4301.93,0.0,76,7.3,1,1,Yes,301.17,3,52,5,4,1,2023-10-06,0.233,24+ Months,High Value,0,At Risk
CUST00207,Male,40,Single,Tier 3,Desktop,Debit Card,Home & Kitchen,2024-03-01,10,2.0,668.87,20,13377.4,1337.74,32105.76,11,1.3,2,0,No Complaint,362.17,4,3,5,4,0,,0.15,6-12 Months,Mid Value,0,Active
CUST00208,Female,57,Single,Tier 3,Mobile,Credit Card,Fashion,2024-01-31,11,0.8,4424.59,9,39821.31,3539.67,84952.08,173,5.4,4,2,Yes,69.3,9,1,13,5,0,,0.111,6-12 Months,High Value,0,Dormant
CUST00209,Male,26,Married,Tier 1,Mobile,Net Banking,Electronics,2024-08-31,4,0.5,820.91,2,1641.82,410.46,0.0,101,7.5,3,1,No,110.83,3,0,7,10,1,2024-10-21,0.0,3-6 Months,Low Value,1,Dormant
CUST00210,Male,49,Single,Tier 1,Mobile,Credit Card,Electronics,2024-01-31,11,5.4,794.97,59,46903.23,4292.84,103028.16,146,3.4,3,0,No Complaint,6.39,1,23,7,6,0,,0.39,6-12 Months,High Value,0,Dormant
CUST00211,Female,32,Married,Tier 1,Mobile,UPI,Beauty,2024-08-01,5,1.6,845.1,8,6760.8,1352.16,32451.84,139,3.5,2,0,No Complaint,280.72,4,1,4,8,0,,0.125,3-6 Months,Mid Value,0,Dormant
CUST00212,Female,54,Married,Tier 3,Mobile,Debit Card,Home & Kitchen,2024-08-31,4,3.3,2314.67,13,30090.71,7638.41,0.0,119,6.9,4,0,No Complaint,23.95,2,1,3,2,1,2024-10-04,0.077,3-6 Months,High Value,0,Dormant
CUST00213,Female,30,Married,Tier 1,Mobile,Debit Card,Beauty,2024-08-01,5,0.5,574.46,2,1148.92,287.23,6893.52,162,2.5,3,1,Yes,100.58,3,0,10,6,0,,0.0,3-6 Months,Low Value,0,Dormant
CUST00214,Male,22,Married,Tier 2,Desktop,Credit Card,Electronics,2024-12-01,1,1.7,1564.52,2,3129.04,2659.68,63832.32,162,6.1,4,1,Yes,844.12,5,0,20,5,0,,0.0,0-3 Months,High Value,0,Dormant
CUST00215,Female,28,Single,Tier 3,Mobile,Credit Card,Fashion,2023-12-31,12,1.0,527.79,12,6333.48,527.79,12666.96,23,5.2,5,0,No Complaint,449.61,1,1,1,4,0,,0.083,6-12 Months,Low Value,0,Active
CUST00216,Male,27,Married,Tier 1,Mobile,Wallet,Electronics,2024-05-01,8,0.5,502.77,4,2011.08,251.38,6033.12,162,6.5,4,0,No Complaint,72.09,2,0,5,3,0,,0.0,6-12 Months,Low Value,0,Dormant
CUST00217,Male,30,Single,Tier 2,Mobile,COD,Grocery,2021-12-29,36,3.7,1163.95,133,154805.35,4306.62,103358.88,94,4.3,4,0,No Complaint,45.62,5,4,7,4,0,,0.03,24+ Months,High Value,0,Dormant
CUST00218,Female,58,Married,Tier 1,Mobile,UPI,Beauty,2024-12-01,1,1.8,2100.56,2,4201.12,3781.01,90744.24,48,7.3,2,0,No Complaint,52.19,3,0,3,2,0,,0.0,0-3 Months,High Value,0,Slipping
CUST00219,Female,63,Married,Tier 3,Mobile,UPI,Sports,2024-12-01,1,1.0,686.54,1,686.54,686.54,0.0,109,3.8,3,1,Yes,207.81,2,0,1,3,1,2024-12-03,0.0,0-3 Months,Low Value,0,Dormant
CUST00220,Female,32,Married,Tier 1,Desktop,Wallet,Electronics,2021-12-29,36,4.1,683.17,148,101109.16,2801.0,0.0,51,1.8,2,1,Yes,232.9,4,1,1,3,1,2023-03-06,0.007,24+ Months,High Value,0,Slipping
CUST00221,Female,59,Single,Tier 2,Tablet,COD,Grocery,2024-10-31,2,1.5,1400.61,3,4201.83,2100.92,50422.08,86,1.7,5,0,No Complaint,43.92,1,0,10,3,0,,0.0,0-3 Months,Mid Value,0,At Risk
CUST00222,Female,24,Married,Tier 2,Mobile,Net Banking,Grocery,2024-12-01,1,0.5,891.18,1,891.18,445.59,0.0,147,2.5,4,2,Yes,49.4,3,0,2,4,1,2024-12-30,0.0,0-3 Months,Low Value,0,Dormant
CUST00223,Male,57,Single,Tier 1,Mobile,UPI,Fashion,2024-10-01,3,7.2,1445.2,22,31794.4,10405.44,249730.56,6,5.7,1,1,Yes,70.32,4,1,4,4,0,,0.045,0-3 Months,High Value,0,Active
CUST00224,Male,45,Single,Tier 1,Mobile,COD,Electronics,2022-06-30,30,0.7,287.79,21,6043.59,201.45,0.0,33,3.1,4,2,Yes,102.19,2,2,1,9,1,2024-01-31,0.095,24+ Months,Low Value,0,Slipping
CUST00225,Male,49,Single,Tier 2,Desktop,COD,Grocery,2022-06-30,30,4.4,433.75,132,57255.0,1908.5,0.0,172,4.5,3,2,No,449.03,4,32,1,2,1,2024-12-13,0.242,24+ Months,Mid Value,1,Dormant
CUST00226,Male,52,Single,Tier 1,Desktop,UPI,Sports,2024-06-01,7,4.2,859.94,29,24938.26,3611.75,86682.0,80,4.7,4,2,Yes,4.84,2,1,14,3,0,,0.034,6-12 Months,High Value,0,At Risk
CUST00227,Female,32,Married,Tier 3,Desktop,Debit Card,Electronics,2023-07-01,18,0.5,1231.85,9,11086.65,615.92,0.0,55,3.1,2,2,No,183.0,1,0,6,3,1,2024-05-18,0.0,12-24 Months,Low Value,1,Slipping
CUST00228,Male,53,Married,Tier 3,Desktop,Debit Card,Sports,2024-01-31,11,1.6,819.83,18,14756.94,1311.73,0.0,166,4.8,1,1,Yes,356.1,1,1,1,3,1,2024-05-18,0.056,6-12 Months,Mid Value,0,Dormant
CUST00229,Female,38,Single,Tier 2,Mobile,Credit Card,Grocery,2021-12-29,36,0.5,949.46,18,17090.28,474.73,0.0,164,6.2,3,2,No,231.31,3,4,1,2,1,2024-10-16,0.222,24+ Months,Low Value,1,Dormant
CUST00230,Female,23,Married,Tier 2,Mobile,COD,Fashion,2024-12-01,1,1.1,1372.77,1,1372.77,1510.05,0.0,8,4.6,3,2,Yes,43.97,1,0,20,6,1,2024-12-13,0.0,0-3 Months,Mid Value,0,Active
CUST00231,Female,18,Single,Tier 2,Desktop,COD,Fashion,2022-06-30,30,3.3,375.15,99,37139.85,1237.99,29711.76,65,6.2,4,0,No Complaint,116.58,1,17,4,4,0,,0.172,24+ Months,Mid Value,0,At Risk
CUST00232,Male,21,Married,Tier 3,Mobile,Net Banking,Fashion,2024-10-01,3,0.7,1372.6,2,2745.2,960.82,23059.68,164,3.8,4,0,No Complaint,433.99,9,0,12,4,0,,0.0,0-3 Months,Mid Value,0,Dormant
CUST00233,Female,28,Married,Tier 2,Mobile,COD,Electronics,2024-05-01,8,0.5,1873.25,4,7493.0,936.62,22478.88,33,5.0,3,0,No Complaint,22.14,0,0,5,5,0,,0.0,6-12 Months,Mid Value,0,Slipping
CUST00234,Male,61,Married,Tier 1,Mobile,Credit Card,Fashion,2024-08-31,4,1.8,706.28,7,4943.96,1271.3,30511.2,104,4.7,4,0,No Complaint,788.93,6,1,1,4,0,,0.143,3-6 Months,Mid Value,0,Dormant
CUST00235,Male,43,Single,Tier 1,Mobile,Credit Card,Electronics,2022-12-30,24,1.9,491.37,46,22603.02,933.6,22406.4,58,6.4,1,2,Yes,27.91,3,0,6,6,0,,0.0,12-24 Months,Mid Value,0,Slipping
CUST00236,Female,54,Married,Tier 2,Mobile,COD,Sports,2023-07-01,18,2.8,1672.62,50,83631.0,4683.34,0.0,132,5.3,4,4,Yes,27.65,3,6,1,7,1,2024-10-12,0.12,12-24 Months,High Value,0,Dormant
CUST00237,Male,40,Single,Tier 2,Mobile,Credit Card,Grocery,2023-12-31,12,3.6,2991.91,43,128652.13,10770.88,258501.12,29,3.3,2,1,Yes,301.66,4,8,16,1,0,,0.186,6-12 Months,High Value,0,Active
CUST00238,Male,46,Married,Tier 2,Desktop,UPI,Beauty,2022-12-30,24,3.0,995.7,72,71690.4,2987.1,0.0,107,5.4,3,3,No,317.21,4,7,1,8,1,2023-05-25,0.097,12-24 Months,High Value,1,Dormant
CUST00239,Female,38,Married,Tier 1,Mobile,Credit Card,Fashion,2023-07-01,18,4.7,483.94,85,41134.9,2274.52,54588.48,1,2.8,3,0,No Complaint,6.96,3,22,10,2,0,,0.259,12-24 Months,Mid Value,0,Active
CUST00240,Male,62,Married,Tier 2,Mobile,UPI,Electronics,2022-12-30,24,0.6,894.18,14,12518.52,536.51,12876.24,46,5.2,4,2,Yes,33.17,4,0,30,4,0,,0.0,12-24 Months,Low Value,0,Slipping
CUST00241,Female,62,Single,Tier 1,Desktop,Debit Card,Electronics,2024-08-31,4,2.1,500.89,8,4007.12,1051.87,25244.88,30,4.4,5,0,No Complaint,534.01,3,3,17,4,0,,0.375,3-6 Months,Mid Value,0,Active
CUST00242,Female,44,Married,Tier 1,Mobile,Credit Card,Home & Kitchen,2024-04-01,9,1.1,1482.18,10,14821.8,1630.4,0.0,38,4.8,3,3,No,58.97,7,2,19,4,1,2024-08-14,0.2,6-12 Months,Mid Value,1,Slipping
CUST00243,Female,56,Married,Tier 2,Mobile,UPI,Fashion,2024-10-01,3,8.2,866.59,25,21664.75,7106.04,0.0,155,4.4,3,2,Yes,2.22,3,2,2,4,1,2024-10-18,0.08,0-3 Months,High Value,0,Dormant
CUST00244,Male,57,Married,Tier 1,Mobile,Wallet,Electronics,2024-04-01,9,1.5,468.92,14,6564.88,703.38,0.0,164,3.4,2,5,Yes,52.76,2,1,5,3,1,2024-08-05,0.071,6-12 Months,Low Value,0,Dormant
CUST00245,Male,30,Married,Tier 2,Mobile,COD,Grocery,2022-12-30,24,8.0,1032.36,192,198213.12,8258.88,198213.12,136,3.2,3,2,No,239.34,1,7,2,4,0,,0.036,12-24 Months,High Value,1,Dormant
CUST00246,Female,40,Married,Tier 2,Mobile,COD,Grocery,2022-12-30,24,3.7,567.5,89,50507.5,2099.75,0.0,106,6.4,2,0,No Complaint,446.82,1,13,9,2,1,2024-07-26,0.146,12-24 Months,Mid Value,0,Dormant
CUST00247,Male,33,Married,Tier 2,Tablet,Debit Card,Home & Kitchen,2022-12-30,24,3.2,357.62,77,27536.74,1144.38,27465.12,42,7.9,2,0,No Complaint,30.35,3,3,9,7,0,,0.039,12-24 Months,Mid Value,0,Slipping
CUST00248,Female,47,Single,Tier 2,Mobile,COD,Fashion,2024-07-01,6,1.7,1527.66,10,15276.6,2597.02,62328.48,50,5.0,5,3,Yes,45.74,3,1,3,2,0,,0.1,3-6 Months,High Value,0,Slipping
CUST00249,Female,21,Married,Tier 1,Mobile,COD,Electronics,2023-07-01,18,1.5,1106.59,27,29877.93,1659.88,0.0,56,4.6,1,1,Yes,104.86,5,3,4,3,1,2024-03-26,0.111,12-24 Months,Mid Value,0,Slipping
CUST00250,Female,57,Single,Tier 1,Mobile,Debit Card,Beauty,2024-06-01,7,1.9,646.51,13,8404.63,1228.37,0.0,140,2.3,4,2,No,248.31,5,1,4,4,1,2024-12-09,0.077,6-12 Months,Mid Value,1,Dormant
CUST00251,Male,33,Married,Tier 3,Mobile,Wallet,Grocery,2021-12-29,36,0.9,2187.36,32,69995.52,1968.62,47246.88,46,1.3,3,0,No Complaint,193.5,1,3,10,0,0,,0.094,24+ Months,Mid Value,0,Slipping
CUST00252,Male,48,Married,Tier 2,Desktop,UPI,Electronics,2024-06-01,7,5.9,532.34,41,21825.94,3140.81,75379.44,175,1.6,1,0,No Complaint,71.42,6,1,1,5,0,,0.024,6-12 Months,High Value,0,Dormant
CUST00253,Female,59,Single,Tier 2,Mobile,Wallet,Fashion,2023-07-01,18,4.0,662.3,72,47685.6,2649.2,63580.8,143,5.5,4,0,No Complaint,12.36,2,14,21,3,0,,0.194,12-24 Months,High Value,0,Dormant
CUST00254,Male,42,Married,Tier 1,Mobile,Credit Card,Beauty,2022-12-30,24,4.0,1167.4,96,112070.4,4669.6,112070.4,179,1.3,4,1,Yes,52.49,4,8,1,1,0,,0.083,12-24 Months,High Value,0,Dormant
CUST00255,Male,61,Married,Tier 2,Desktop,Debit Card,Sports,2021-12-29,36,1.4,1658.03,50,82901.5,2321.24,55709.76,83,5.7,3,0,No Complaint,44.62,7,10,3,1,0,,0.2,24+ Months,Mid Value,0,At Risk
CUST00256,Female,29,Married,Tier 2,Mobile,UPI,Grocery,2024-04-01,9,0.5,1180.48,4,4721.92,590.24,14165.76,106,2.5,1,2,Yes,3.83,2,1,1,2,0,,0.25,6-12 Months,Low Value,0,Dormant
CUST00257,Female,43,Single,Tier 2,Desktop,Debit Card,Home & Kitchen,2024-06-01,7,2.9,605.0,20,12100.0,1754.5,42108.0,51,4.8,3,0,No Complaint,664.29,2,1,5,3,0,,0.05,6-12 Months,Mid Value,0,Slipping
CUST00258,Female,54,Single,Tier 2,Mobile,Debit Card,Grocery,2024-04-01,9,1.2,760.41,11,8364.51,912.49,0.0,109,3.8,2,1,Yes,53.08,3,1,11,0,1,2024-11-06,0.091,6-12 Months,Mid Value,0,Dormant
CUST00259,Female,50,Married,Tier 1,Mobile,Wallet,Fashion,2024-07-01,6,5.1,571.51,31,17716.81,2914.7,0.0,175,2.6,5,2,Yes,326.01,3,7,12,5,1,2024-11-27,0.226,3-6 Months,High Value,0,Dormant
CUST00260,Male,45,Single,Tier 1,Desktop,Wallet,Fashion,2023-07-01,18,3.8,711.5,68,48382.0,2703.7,64888.8,6,2.0,4,0,No Complaint,119.4,3,14,4,4,0,,0.206,12-24 Months,High Value,0,Active
CUST00261,Female,26,Married,Tier 3,Desktop,Wallet,Grocery,2021-12-29,36,0.5,750.22,18,13503.96,375.11,9002.64,52,1.4,5,0,No Complaint,645.48,5,1,4,3,0,,0.056,24+ Months,Low Value,0,Slipping
CUST00262,Female,29,Single,Tier 3,Mobile,Credit Card,Electronics,2024-10-31,2,2.3,1201.59,5,6007.95,2763.66,0.0,51,2.6,3,1,Yes,29.16,3,2,3,2,1,2024-11-25,0.4,0-3 Months,High Value,0,Slipping
CUST00263,Male,22,Single,Tier 1,Mobile,Wallet,Beauty,2023-12-31,12,2.9,553.9,35,19386.5,1606.31,0.0,176,8.5,4,3,Yes,21.11,3,3,2,4,1,2024-07-03,0.086,6-12 Months,Mid Value,0,Dormant
CUST00264,Male,45,Married,Tier 2,Mobile,Credit Card,Beauty,2021-12-29,36,2.1,1751.75,76,133133.0,3678.68,88288.32,24,6.8,2,0,No Complaint,0.44,1,25,10,6,0,,0.329,24+ Months,High Value,0,Active
CUST00265,Female,52,Single,Tier 1,Mobile,Net Banking,Sports,2024-10-31,2,1.8,882.29,4,3529.16,1588.12,0.0,146,4.8,5,1,Yes,228.14,2,1,18,1,1,2024-11-14,0.25,0-3 Months,Mid Value,0,Dormant
CUST00266,Female,22,Married,Tier 1,Tablet,UPI,Grocery,2024-03-01,10,0.6,493.87,6,2963.22,296.32,0.0,50,3.8,1,4,No,65.85,4,1,4,5,1,2024-05-10,0.167,6-12 Months,Low Value,1,Slipping
CUST00267,Female,51,Married,Tier 1,Mobile,Credit Card,Electronics,2022-06-30,30,0.7,1178.53,21,24749.13,824.97,0.0,155,3.4,4,1,No,367.73,6,2,10,5,1,2023-12-03,0.095,24+ Months,Low Value,1,Dormant
CUST00268,Female,63,Married,Tier 1,Mobile,Wallet,Electronics,2021-12-29,36,3.7,825.43,133,109782.19,3054.09,0.0,88,4.7,3,3,Yes,180.83,4,2,5,4,1,2024-10-04,0.015,24+ Months,High Value,0,At Risk
CUST00269,Male,51,Single,Tier 2,Desktop,Wallet,Electronics,2024-01-31,11,0.5,650.63,6,3903.78,325.32,0.0,44,3.5,4,4,Yes,155.05,1,0,1,4,1,2024-03-17,0.0,6-12 Months,Low Value,0,Slipping
CUST00270,Male,30,Married,Tier 2,Mobile,Debit Card,Home & Kitchen,2024-12-01,1,3.8,2420.09,4,9680.36,9196.34,0.0,128,3.5,4,3,Yes,120.11,4,1,6,1,1,2024-12-25,0.25,0-3 Months,High Value,0,Dormant
CUST00271,Female,56,Single,Tier 1,Mobile,COD,Fashion,2024-10-31,2,1.9,721.36,4,2885.44,1370.58,0.0,151,5.4,4,2,No,53.76,1,0,2,2,1,2024-11-03,0.0,0-3 Months,Mid Value,1,Dormant
CUST00272,Female,59,Married,Tier 1,Tablet,UPI,Sports,2023-07-01,18,6.9,653.37,124,81017.88,4508.25,108198.0,85,2.7,3,1,Yes,12.04,5,6,9,4,0,,0.048,12-24 Months,High Value,0,At Risk
CUST00273,Female,62,Single,Tier 3,Desktop,COD,Sports,2024-10-31,2,14.8,1758.98,30,52769.4,26032.9,624789.6,128,1.0,4,0,No Complaint,105.52,0,2,5,1,0,,0.067,0-3 Months,High Value,0,Dormant
CUST00274,Female,31,Single,Tier 1,Desktop,Debit Card,Grocery,2024-10-01,3,2.7,1277.56,8,10220.48,3449.41,0.0,33,3.4,3,0,No Complaint,18.79,3,2,9,5,1,2024-10-15,0.25,0-3 Months,High Value,0,Slipping
CUST00275,Male,28,Married,Tier 2,Mobile,UPI,Electronics,2022-12-30,24,1.3,1522.48,31,47196.88,1979.22,47501.28,168,7.1,3,0,No Complaint,425.09,1,7,5,4,0,,0.226,12-24 Months,Mid Value,0,Dormant
CUST00276,Male,59,Married,Tier 1,Desktop,UPI,Fashion,2022-12-30,24,1.6,605.37,38,23004.06,968.59,23246.16,18,1.6,4,0,No Complaint,318.24,4,3,11,4,0,,0.079,12-24 Months,Mid Value,0,Active
CUST00277,Female,55,Single,Tier 2,Mobile,UPI,Fashion,2022-06-30,30,0.6,1047.27,18,18850.86,628.36,15080.64,40,2.3,5,0,No Complaint,174.05,4,5,47,3,0,,0.278,24+ Months,Low Value,0,Slipping
CUST00278,Female,21,Married,Tier 1,Mobile,COD,Fashion,2024-10-31,2,0.5,340.2,1,340.2,170.1,0.0,52,3.4,5,0,No Complaint,108.41,4,0,16,4,1,2024-11-09,0.0,0-3 Months,Low Value,0,Slipping
CUST00279,Female,50,Married,Tier 1,Tablet,UPI,Electronics,2024-08-31,4,2.2,234.09,9,2106.81,515.0,12360.0,28,1.6,3,0,No Complaint,108.99,2,1,10,5,0,,0.111,3-6 Months,Low Value,0,Active
CUST00280,Female,24,Single,Tier 1,Mobile,Credit Card,Fashion,2022-06-30,30,4.1,593.69,123,73023.87,2434.13,58419.12,73,7.2,5,0,No Complaint,112.42,4,19,2,5,0,,0.154,24+ Months,Mid Value,0,At Risk
CUST00281,Female,58,Single,Tier 1,Desktop,Credit Card,Beauty,2022-12-30,24,0.8,927.99,19,17631.81,742.39,0.0,82,4.7,5,0,No Complaint,246.3,3,1,7,4,1,2024-10-02,0.053,12-24 Months,Low Value,0,At Risk
CUST00282,Male,25,Single,Tier 2,Mobile,Debit Card,Electronics,2022-06-30,30,1.4,4818.13,42,202361.46,6745.38,161889.12,93,1.3,3,0,No Complaint,24.28,1,3,8,2,0,,0.071,24+ Months,High Value,0,Dormant
CUST00283,Male,54,Single,Tier 2,Mobile,COD,Fashion,2021-12-29,36,2.0,2153.48,72,155050.56,4306.96,103367.04,8,4.3,4,2,Yes,136.4,4,0,11,4,0,,0.0,24+ Months,High Value,0,Active
CUST00284,Male,27,Single,Tier 1,Desktop,Debit Card,Grocery,2022-06-30,30,6.0,417.61,180,75169.8,2505.66,60135.84,40,4.4,5,2,No,301.48,4,8,2,5,0,,0.044,24+ Months,Mid Value,1,Slipping
CUST00285,Female,60,Single,Tier 1,Mobile,Credit Card,Sports,2024-01-31,11,0.5,1657.26,6,9943.56,828.63,0.0,145,4.1,4,3,Yes,128.45,0,1,6,6,1,2024-04-21,0.167,6-12 Months,Low Value,0,Dormant
CUST00286,Male,32,Married,Tier 2,Mobile,Credit Card,Beauty,2024-07-01,6,0.7,350.07,4,1400.28,245.05,0.0,146,4.2,3,2,Yes,2.49,2,1,5,6,1,2024-12-22,0.25,3-6 Months,Low Value,0,Dormant
CUST00287,Male,55,Single,Tier 2,Mobile,Credit Card,Electronics,2023-12-31,12,6.3,2625.76,76,199557.76,16542.29,397014.96,60,4.3,4,0,No Complaint,50.51,2,11,2,4,0,,0.145,6-12 Months,High Value,0,Slipping
CUST00288,Female,32,Married,Tier 3,Tablet,Net Banking,Beauty,2023-07-01,18,0.5,630.35,9,5673.15,315.18,0.0,83,5.1,2,1,No,198.79,4,1,6,8,1,2024-09-05,0.111,12-24 Months,Low Value,1,At Risk
CUST00289,Male,22,Married,Tier 2,Mobile,Credit Card,Beauty,2024-07-01,6,2.7,600.52,16,9608.32,1621.4,0.0,33,5.2,2,2,No,489.8,3,2,19,5,1,2024-11-30,0.125,3-6 Months,Mid Value,1,Slipping
CUST00290,Female,46,Married,Tier 2,Mobile,UPI,Home & Kitchen,2022-12-30,24,2.6,1833.81,62,113696.22,4767.91,0.0,148,1.8,5,1,No,403.55,5,2,12,2,1,2023-03-05,0.032,12-24 Months,High Value,1,Dormant
CUST00291,Male,36,Married,Tier 2,Mobile,COD,Fashion,2024-10-31,2,1.2,607.05,2,1214.1,728.46,0.0,172,4.6,1,2,Yes,311.39,7,0,7,5,1,2024-11-24,0.0,0-3 Months,Low Value,0,Dormant
CUST00292,Male,27,Single,Tier 3,Tablet,Credit Card,Home & Kitchen,2022-12-30,24,1.6,3052.72,38,116003.36,4884.35,117224.4,53,4.8,5,0,No Complaint,539.82,2,5,10,3,0,,0.132,12-24 Months,High Value,0,Slipping
CUST00293,Female,29,Single,Tier 3,Desktop,COD,Electronics,2024-12-01,1,4.8,602.39,5,3011.95,2891.47,0.0,140,3.4,3,1,Yes,59.11,4,0,12,1,1,2024-12-13,0.0,0-3 Months,High Value,0,Dormant
CUST00294,Male,21,Married,Tier 1,Desktop,Credit Card,Sports,2024-03-01,10,0.5,1671.1,5,8355.5,835.55,20053.2,64,7.6,4,0,No Complaint,2.25,4,0,10,1,0,,0.0,6-12 Months,Low Value,0,At Risk
CUST00295,Male,48,Single,Tier 1,Mobile,COD,Electronics,2022-06-30,30,0.7,973.77,21,20449.17,681.64,0.0,1,4.4,4,2,No,78.76,3,3,16,4,1,2024-03-01,0.143,24+ Months,Low Value,1,Active
CUST00296,Male,35,Single,Tier 1,Mobile,UPI,Home & Kitchen,2024-10-31,2,1.8,1443.98,4,5775.92,2599.16,62379.84,108,5.4,4,0,No Complaint,154.87,1,0,12,6,0,,0.0,0-3 Months,High Value,0,Dormant
CUST00297,Female,33,Married,Tier 2,Mobile,Credit Card,Sports,2024-01-31,11,1.3,443.46,14,6208.44,576.5,13836.0,74,3.7,5,0,No Complaint,68.49,1,1,14,2,0,,0.071,6-12 Months,Low Value,0,At Risk
CUST00298,Male,57,Single,Tier 2,Mobile,Credit Card,Fashion,2024-10-01,3,2.1,248.78,6,1492.68,522.44,0.0,136,4.0,5,1,Yes,8.14,3,0,6,3,1,2024-11-29,0.0,0-3 Months,Low Value,0,Dormant
CUST00299,Female,53,Married,Tier 2,Mobile,COD,Sports,2021-12-29,36,6.3,465.39,227,105643.53,2931.96,0.0,135,5.1,4,4,No,127.37,1,1,6,5,1,2024-12-16,0.004,24+ Months,High Value,1,Dormant
CUST00300,Male,42,Married,Tier 1,Tablet,Wallet,Fashion,2022-06-30,30,6.2,676.73,186,125871.78,4195.73,0.0,170,2.0,3,0,No Complaint,40.1,2,29,4,3,1,2023-03-14,0.156,24+ Months,High Value,0,Dormant
CUST00301,Male,40,Married,Tier 2,Desktop,Credit Card,Fashion,2021-12-29,36,0.7,780.59,25,19514.75,546.41,0.0,79,5.8,4,2,No,234.07,5,2,5,5,1,2022-01-21,0.08,24+ Months,Low Value,1,At Risk
CUST00302,Male,29,Married,Tier 3,Mobile,COD,Electronics,2022-06-30,30,0.9,639.8,27,17274.6,575.82,13819.68,87,2.3,1,0,No Complaint,16.82,5,0,10,7,0,,0.0,24+ Months,Low Value,0,At Risk
CUST00303,Female,51,Single,Tier 1,Mobile,Debit Card,Sports,2022-12-30,24,0.5,201.22,12,2414.64,100.61,2414.64,72,6.1,3,0,No Complaint,571.16,1,3,3,3,0,,0.25,12-24 Months,Low Value,0,At Risk
CUST00304,Female,53,Married,Tier 2,Desktop,Wallet,Electronics,2024-10-01,3,6.6,574.15,20,11483.0,3789.39,0.0,54,4.0,3,0,No Complaint,376.74,4,1,2,3,1,2024-12-27,0.05,0-3 Months,High Value,0,Slipping
CUST00305,Female,54,Single,Tier 2,Mobile,COD,Grocery,2024-07-01,6,1.3,923.05,8,7384.4,1199.96,28799.04,115,8.2,3,1,Yes,372.66,1,2,17,5,0,,0.25,3-6 Months,Mid Value,0,Dormant
CUST00306,Female,20,Married,Tier 3,Mobile,UPI,Beauty,2024-03-01,10,1.5,757.22,15,11358.3,1135.83,0.0,149,6.3,2,2,Yes,280.82,1,1,1,5,1,2024-04-28,0.067,6-12 Months,Mid Value,0,Dormant
CUST00307,Male,26,Single,Tier 3,Mobile,COD,Sports,2023-07-01,18,4.1,690.87,74,51124.38,2832.57,0.0,29,6.3,1,1,No,180.72,5,12,22,8,1,2024-12-31,0.162,12-24 Months,High Value,1,Active
CUST00308,Male,35,Married,Tier 2,Mobile,Debit Card,Beauty,2022-06-30,30,1.8,650.63,54,35134.02,1171.13,0.0,176,4.8,3,1,Yes,9.88,0,3,15,9,1,2024-08-06,0.056,24+ Months,Mid Value,0,Dormant
CUST00309,Female,60,Married,Tier 2,Desktop,UPI,Fashion,2024-08-31,4,0.5,934.02,2,1868.04,467.01,0.0,123,6.3,1,0,No Complaint,195.47,2,1,9,9,1,2024-10-04,0.5,3-6 Months,Low Value,0,Dormant
CUST00310,Male,52,Single,Tier 3,Mobile,UPI,Electronics,2024-10-31,2,1.4,431.36,3,1294.08,603.9,0.0,140,5.9,3,0,No Complaint,247.33,2,0,11,4,1,2024-12-19,0.0,0-3 Months,Low Value,0,Dormant
CUST00311,Male,51,Single,Tier 2,Mobile,Net Banking,Fashion,2024-03-01,10,2.5,756.2,25,18905.0,1890.5,0.0,179,1.0,4,2,Yes,25.24,4,5,7,3,1,2024-08-22,0.2,6-12 Months,Mid Value,0,Dormant
CUST00312,Male,58,Single,Tier 1,Mobile,Net Banking,Grocery,2024-10-01,3,3.2,675.0,10,6750.0,2160.0,0.0,91,2.9,3,0,No Complaint,172.17,5,2,7,9,1,2024-10-15,0.2,0-3 Months,Mid Value,0,Dormant
CUST00313,Male,31,Single,Tier 3,Desktop,COD,Fashion,2022-12-30,24,2.6,374.58,62,23223.96,973.91,23373.84,13,2.8,1,0,No Complaint,117.32,3,6,8,3,0,,0.097,12-24 Months,Mid Value,0,Active
CUST00314,Female,21,Single,Tier 1,Mobile,Wallet,Fashion,2023-12-31,12,0.5,790.73,6,4744.38,395.36,0.0,142,3.1,3,1,Yes,115.11,3,1,1,3,1,2024-05-29,0.167,6-12 Months,Low Value,0,Dormant
CUST00315,Female,46,Married,Tier 2,Mobile,COD,Home & Kitchen,2022-12-30,24,0.9,223.57,22,4918.54,201.21,0.0,156,4.0,3,4,Yes,40.04,1,2,14,4,1,2024-03-19,0.091,12-24 Months,Low Value,0,Dormant
CUST00316,Female,58,Married,Tier 3,Tablet,UPI,Electronics,2024-12-01,1,3.3,558.22,3,1674.66,1842.13,0.0,30,5.4,5,0,No Complaint,242.08,2,0,14,2,1,2024-12-06,0.0,0-3 Months,Mid Value,0,Active
CUST00317,Male,62,Married,Tier 2,Tablet,UPI,Grocery,2021-12-29,36,5.3,1136.61,191,217092.51,6024.03,144576.72,5,6.6,2,1,Yes,466.55,4,10,5,7,0,,0.052,24+ Months,High Value,0,Active
CUST00318,Male,32,Married,Tier 2,Tablet,UPI,Electronics,2024-12-01,1,0.5,1197.91,1,1197.91,598.96,14375.04,25,5.6,4,0,No Complaint,279.04,4,0,2,4,0,,0.0,0-3 Months,Low Value,0,Active
CUST00319,Male,45,Single,Tier 1,Desktop,UPI,Fashion,2024-07-01,6,0.5,906.17,3,2718.51,453.08,0.0,58,6.7,3,0,No Complaint,82.89,4,1,3,6,1,2024-10-25,0.333,3-6 Months,Low Value,0,Slipping
CUST00320,Male,59,Single,Tier 2,Mobile,UPI,Electronics,2023-07-01,18,2.6,1050.85,47,49389.95,2732.21,0.0,166,2.6,2,2,No,746.34,1,8,4,2,1,2023-07-04,0.17,12-24 Months,High Value,1,Dormant
CUST00321,Female,33,Married,Tier 1,Mobile,Credit Card,Electronics,2024-12-01,1,2.0,1385.62,2,2771.24,2771.24,0.0,1,3.6,3,1,No,81.51,5,0,1,1,1,2024-12-31,0.0,0-3 Months,High Value,1,Active
CUST00322,Female,29,Married,Tier 1,Mobile,COD,Home & Kitchen,2024-10-31,2,0.5,966.08,1,966.08,483.04,0.0,144,4.0,3,0,No Complaint,48.08,1,0,7,4,1,2024-12-16,0.0,0-3 Months,Low Value,0,Dormant
CUST00323,Female,22,Single,Tier 2,Mobile,Net Banking,Electronics,2024-10-31,2,2.0,2045.86,4,8183.44,4091.72,0.0,154,3.3,3,3,Yes,620.04,2,1,1,3,1,2024-12-26,0.25,0-3 Months,High Value,0,Dormant
CUST00324,Male,51,Single,Tier 1,Tablet,Debit Card,Electronics,2023-07-01,18,9.2,203.35,166,33756.1,1870.82,44899.68,146,2.5,4,1,Yes,280.76,4,4,9,6,0,,0.024,12-24 Months,Mid Value,0,Dormant
CUST00325,Female,59,Single,Tier 2,Desktop,Net Banking,Beauty,2021-12-29,36,2.5,1599.36,90,143942.4,3998.4,95961.6,15,5.2,5,2,Yes,257.82,4,8,7,2,0,,0.089,24+ Months,High Value,0,Active
CUST00326,Female,18,Single,Tier 2,Desktop,Credit Card,Beauty,2023-12-31,12,1.5,195.93,18,3526.74,293.9,0.0,122,3.2,2,0,No Complaint,14.51,4,1,14,5,1,2024-05-13,0.056,6-12 Months,Low Value,0,Dormant
CUST00327,Female,56,Single,Tier 3,Mobile,Net Banking,Beauty,2023-07-01,18,4.4,579.02,79,45742.58,2547.69,0.0,171,6.0,2,0,No Complaint,38.38,3,7,4,5,1,2024-11-24,0.089,12-24 Months,High Value,0,Dormant
CUST00328,Female,49,Married,Tier 2,Desktop,Credit Card,Sports,2024-06-01,7,0.6,1497.15,4,5988.6,898.29,21558.96,22,2.3,3,0,No Complaint,3.36,2,0,19,3,0,,0.0,6-12 Months,Mid Value,0,Active
CUST00329,Male,43,Married,Tier 1,Desktop,UPI,Beauty,2024-12-01,1,1.3,1385.87,1,1385.87,1801.63,0.0,6,6.1,3,0,No Complaint,269.82,4,0,8,4,1,2024-12-25,0.0,0-3 Months,Mid Value,0,Active
CUST00330,Male,34,Single,Tier 1,Mobile,Net Banking,Electronics,2024-12-01,1,1.9,455.34,2,910.68,865.15,0.0,157,4.9,5,0,No Complaint,58.69,4,0,1,5,1,2024-12-06,0.0,0-3 Months,Low Value,0,Dormant
CUST00331,Male,44,Married,Tier 2,Desktop,Credit Card,Home & Kitchen,2021-12-29,36,1.8,868.18,65,56431.7,1562.72,37505.28,116,4.9,5,1,Yes,25.53,5,3,5,4,0,,0.046,24+ Months,Mid Value,0,Dormant
CUST00332,Female,41,Single,Tier 2,Mobile,Credit Card,Grocery,2024-10-31,2,6.3,591.88,13,7694.44,3728.84,0.0,116,4.9,2,0,No Complaint,36.14,2,3,27,3,1,2024-12-02,0.231,0-3 Months,High Value,0,Dormant
CUST00333,Male,52,Married,Tier 2,Mobile,Credit Card,Fashion,2021-12-29,36,0.9,1624.87,32,51995.84,1462.38,0.0,173,4.4,4,0,No Complaint,184.46,3,1,26,1,1,2022-08-03,0.031,24+ Months,Mid Value,0,Dormant
CUST00334,Male,63,Married,Tier 2,Desktop,Debit Card,Electronics,2024-10-01,3,0.5,850.53,2,1701.06,425.26,10206.24,138,4.4,4,1,Yes,102.15,2,0,7,4,0,,0.0,0-3 Months,Low Value,0,Dormant
CUST00335,Male,59,Married,Tier 1,Desktop,Wallet,Fashion,2023-07-01,18,6.2,570.36,112,63880.32,3536.23,84869.52,72,4.0,4,1,Yes,510.65,0,5,9,3,0,,0.045,12-24 Months,High Value,0,At Risk
CUST00336,Male,56,Single,Tier 2,Mobile,UPI,Fashion,2021-12-29,36,0.6,1172.9,22,25803.8,703.74,0.0,79,5.0,3,1,Yes,82.0,2,7,2,2,1,2023-09-01,0.318,24+ Months,Low Value,0,At Risk
CUST00337,Female,43,Single,Tier 2,Mobile,Net Banking,Fashion,2024-06-01,7,1.2,1346.63,8,10773.04,1615.96,38783.04,26,5.5,2,3,Yes,323.1,3,0,3,3,0,,0.0,6-12 Months,Mid Value,0,Active
CUST00338,Female,55,Married,Tier 1,Tablet,UPI,Fashion,2022-12-30,24,1.9,783.19,46,36026.74,1488.06,35713.44,55,3.7,4,5,Yes,142.32,2,5,4,3,0,,0.109,12-24 Months,Mid Value,0,Slipping
CUST00339,Male,40,Single,Tier 1,Desktop,Credit Card,Home & Kitchen,2024-06-01,7,9.3,1418.48,65,92201.2,13191.86,316604.64,80,7.0,4,4,Yes,219.95,5,14,4,1,0,,0.215,6-12 Months,High Value,0,At Risk
CUST00340,Male,39,Single,Tier 1,Desktop,UPI,Home & Kitchen,2024-07-01,6,1.9,2678.81,11,29466.91,5089.74,122153.76,47,3.8,5,2,Yes,33.25,5,1,10,6,0,,0.091,3-6 Months,High Value,0,Slipping
CUST00341,Male,21,Single,Tier 1,Mobile,COD,Grocery,2024-08-31,4,1.5,209.28,6,1255.68,313.92,0.0,164,3.2,4,1,Yes,248.8,3,2,1,3,1,2024-12-16,0.333,3-6 Months,Low Value,0,Dormant
CUST00342,Male,26,Married,Tier 2,Mobile,UPI,Home & Kitchen,2022-06-30,30,2.2,2088.56,66,137844.96,4594.83,110275.92,3,4.2,3,0,No Complaint,16.12,1,7,1,3,0,,0.106,24+ Months,High Value,0,Active
CUST00343,Male,21,Single,Tier 1,Mobile,Debit Card,Fashion,2024-08-01,5,8.8,2446.57,44,107649.08,21529.82,516715.68,106,3.1,5,1,Yes,211.47,1,15,6,2,0,,0.341,3-6 Months,High Value,0,Dormant
CUST00344,Male,24,Married,Tier 1,Mobile,UPI,Home & Kitchen,2024-08-01,5,4.3,1229.54,22,27049.88,5287.02,0.0,139,5.3,3,1,Yes,112.76,4,4,7,2,1,2024-12-08,0.182,3-6 Months,High Value,0,Dormant
CUST00345,Male,40,Single,Tier 1,Mobile,UPI,Grocery,2021-12-29,36,0.5,721.43,18,12985.74,360.72,0.0,132,4.2,2,0,No Complaint,46.7,4,1,4,2,1,2023-02-09,0.056,24+ Months,Low Value,0,Dormant
CUST00346,Female,19,Single,Tier 3,Mobile,COD,Fashion,2024-07-01,6,4.1,301.55,25,7538.75,1236.36,0.0,116,5.8,4,0,No Complaint,117.84,2,2,11,8,1,2024-08-09,0.08,3-6 Months,Mid Value,0,Dormant
CUST00347,Female,41,Married,Tier 3,Mobile,UPI,Fashion,2024-04-01,9,4.6,924.94,41,37922.54,4254.72,102113.28,74,4.4,3,1,Yes,348.43,6,7,1,4,0,,0.171,6-12 Months,High Value,0,At Risk
CUST00348,Male,57,Single,Tier 1,Mobile,UPI,Electronics,2021-12-29,36,2.9,677.37,104,70446.48,1964.37,0.0,165,4.3,5,3,Yes,30.26,3,8,38,2,1,2024-02-02,0.077,24+ Months,Mid Value,0,Dormant
CUST00349,Male,48,Married,Tier 1,Desktop,UPI,Fashion,2024-06-01,7,2.7,339.08,19,6442.52,915.52,21972.48,59,3.8,3,0,No Complaint,33.46,2,6,3,6,0,,0.316,6-12 Months,Mid Value,0,Slipping
CUST00350,Female,64,Married,Tier 1,Mobile,Debit Card,Electronics,2024-06-01,7,1.5,566.98,10,5669.8,850.47,0.0,135,6.0,2,0,No Complaint,137.44,2,3,3,3,1,2024-12-13,0.3,6-12 Months,Low Value,0,Dormant
CUST00351,Male,48,Married,Tier 2,Mobile,Debit Card,Fashion,2022-06-30,30,2.6,873.13,78,68104.14,2270.14,0.0,166,4.1,2,1,Yes,176.67,3,15,4,3,1,2022-12-12,0.192,24+ Months,Mid Value,0,Dormant
CUST00352,Female,64,Married,Tier 1,Mobile,UPI,Fashion,2024-07-01,6,3.3,1084.2,20,21684.0,3577.86,85868.64,23,5.0,4,0,No Complaint,98.11,1,3,14,3,0,,0.15,3-6 Months,High Value,0,Active
CUST00353,Female,57,Single,Tier 2,Mobile,UPI,Fashion,2024-08-31,4,0.5,438.23,2,876.46,219.12,0.0,170,6.4,3,2,Yes,55.76,6,0,2,4,1,2024-11-08,0.0,3-6 Months,Low Value,0,Dormant
CUST00354,Male,60,Married,Tier 2,Mobile,Credit Card,Sports,2024-04-01,9,0.7,169.68,6,1018.08,118.78,0.0,139,4.3,3,1,No,12.52,4,0,5,4,1,2024-12-28,0.0,6-12 Months,Low Value,1,Dormant
CUST00355,Male,51,Married,Tier 3,Tablet,Credit Card,Fashion,2022-12-30,24,0.5,750.72,12,9008.64,375.36,0.0,111,4.3,4,0,No Complaint,9.19,2,3,2,10,1,2022-12-30,0.25,12-24 Months,Low Value,0,Dormant
CUST00356,Female,41,Single,Tier 1,Desktop,Net Banking,Fashion,2024-12-01,1,4.6,472.2,5,2361.0,2172.12,0.0,67,4.1,3,1,No,7.5,7,0,1,5,1,2024-12-20,0.0,0-3 Months,Mid Value,1,At Risk
CUST00357,Male,43,Single,Tier 3,Mobile,COD,Beauty,2024-06-01,7,2.8,661.53,20,13230.6,1852.28,0.0,162,4.8,2,0,No Complaint,416.79,4,5,4,3,1,2024-08-22,0.25,6-12 Months,Mid Value,0,Dormant
CUST00358,Female,33,Single,Tier 3,Mobile,Debit Card,Home & Kitchen,2024-06-01,7,1.5,214.26,10,2142.6,321.39,7713.36,8,6.0,4,2,Yes,25.35,3,1,1,4,0,,0.1,6-12 Months,Low Value,0,Active
CUST00359,Female,64,Single,Tier 1,Mobile,Credit Card,Electronics,2024-08-01,5,4.4,717.28,22,15780.16,3156.03,75744.72,78,5.9,1,0,No Complaint,62.95,2,1,28,4,0,,0.045,3-6 Months,High Value,0,At Risk
CUST00360,Female,30,Married,Tier 2,Desktop,COD,Home & Kitchen,2023-07-01,18,3.2,1165.2,58,67581.6,3728.64,89487.36,136,5.4,5,0,No Complaint,766.99,2,7,1,2,0,,0.121,12-24 Months,High Value,0,Dormant
CUST00361,Male,32,Single,Tier 1,Mobile,COD,Electronics,2024-08-01,5,6.1,658.27,30,19748.1,4015.45,96370.8,146,6.7,2,0,No Complaint,472.29,4,7,33,5,0,,0.233,3-6 Months,High Value,0,Dormant
CUST00362,Female,44,Married,Tier 1,Mobile,Debit Card,Fashion,2023-07-01,18,0.5,965.19,9,8686.71,482.6,0.0,37,4.6,3,2,Yes,7.89,4,1,5,4,1,2024-11-12,0.111,12-24 Months,Low Value,0,Slipping
CUST00363,Male,21,Single,Tier 1,Desktop,COD,Electronics,2024-01-31,11,1.8,730.75,20,14615.0,1315.35,0.0,9,7.0,3,2,Yes,144.24,5,1,1,4,1,2024-02-09,0.05,6-12 Months,Mid Value,0,Active
CUST00364,Female,33,Single,Tier 2,Desktop,COD,Grocery,2024-08-31,4,3.1,225.93,12,2711.16,700.38,16809.12,144,6.4,3,2,Yes,180.68,0,0,2,4,0,,0.0,3-6 Months,Low Value,0,Dormant
CUST00365,Female,47,Single,Tier 2,Desktop,Debit Card,Electronics,2024-08-01,5,0.6,950.24,3,2850.72,570.14,13683.36,76,3.3,5,1,No,10.01,3,1,4,5,0,,0.333,3-6 Months,Low Value,1,At Risk
CUST00366,Male,61,Single,Tier 3,Desktop,UPI,Grocery,2024-10-01,3,1.0,518.44,3,1555.32,518.44,12442.56,26,5.9,4,2,No,234.44,3,0,9,3,0,,0.0,0-3 Months,Low Value,1,Active
CUST00367,Female,47,Married,Tier 1,Tablet,COD,Fashion,2024-12-01,1,1.4,355.2,1,355.2,497.28,11934.72,16,1.2,3,0,No Complaint,794.17,3,0,10,6,0,,0.0,0-3 Months,Low Value,0,Active
CUST00368,Female,53,Married,Tier 3,Mobile,UPI,Beauty,2023-07-01,18,4.0,1443.38,72,103923.36,5773.52,0.0,115,6.7,3,1,Yes,100.99,2,1,2,6,1,2023-10-23,0.014,12-24 Months,High Value,0,Dormant
CUST00369,Male,20,Single,Tier 1,Mobile,COD,Electronics,2023-07-01,18,1.7,1084.17,31,33609.27,1843.09,0.0,105,4.4,3,0,No Complaint,107.42,0,2,2,5,1,2024-07-06,0.065,12-24 Months,Mid Value,0,Dormant
CUST00370,Male,39,Married,Tier 3,Desktop,COD,Electronics,2024-10-01,3,1.7,584.89,5,2924.45,994.31,0.0,153,3.1,4,3,No,193.84,1,1,20,7,1,2024-11-09,0.2,0-3 Months,Mid Value,1,Dormant
CUST00371,Male,39,Married,Tier 1,Desktop,COD,Grocery,2023-07-01,18,1.4,805.46,25,20136.5,1127.64,27063.36,6,1.4,4,1,Yes,240.1,1,0,5,6,0,,0.0,12-24 Months,Mid Value,0,Active
CUST00372,Male,29,Married,Tier 1,Tablet,Credit Card,Beauty,2021-12-29,36,0.6,1004.55,22,22100.1,602.73,0.0,156,4.3,3,3,Yes,280.72,3,1,4,2,1,2023-05-03,0.045,24+ Months,Low Value,0,Dormant
CUST00373,Male,38,Married,Tier 3,Mobile,UPI,Fashion,2024-10-31,2,6.4,273.39,13,3554.07,1749.7,0.0,159,6.7,3,2,No,14.54,3,2,8,1,1,2024-11-03,0.154,0-3 Months,Mid Value,1,Dormant
CUST00374,Female,21,Married,Tier 1,Mobile,UPI,Home & Kitchen,2024-03-01,10,1.0,404.1,10,4041.0,404.1,9698.4,80,4.9,4,0,No Complaint,290.32,2,2,6,3,0,,0.2,6-12 Months,Low Value,0,At Risk
CUST00375,Male,48,Married,Tier 2,Mobile,COD,Beauty,2022-12-30,24,2.1,417.83,50,20891.5,877.44,21058.56,14,3.8,4,0,No Complaint,359.22,3,11,18,5,0,,0.22,12-24 Months,Mid Value,0,Active
CUST00376,Male,61,Single,Tier 2,Mobile,Net Banking,Fashion,2024-12-01,1,0.5,1272.03,1,1272.03,636.02,0.0,170,4.2,3,2,Yes,8.33,2,0,1,5,1,2024-12-08,0.0,0-3 Months,Low Value,0,Dormant
CUST00377,Female,48,Single,Tier 2,Mobile,Debit Card,Sports,2022-12-30,24,1.4,2686.06,34,91326.04,3760.48,90251.52,13,6.9,3,0,No Complaint,7.19,2,4,5,4,0,,0.118,12-24 Months,High Value,0,Active
CUST00378,Male,40,Married,Tier 2,Desktop,UPI,Grocery,2021-12-29,36,5.9,1358.1,212,287917.2,8012.79,192306.96,106,5.8,5,0,No Complaint,144.09,2,22,2,5,0,,0.104,24+ Months,High Value,0,Dormant
CUST00379,Female,37,Married,Tier 2,Mobile,Wallet,Electronics,2024-10-31,2,13.5,974.95,27,26323.65,13161.82,315883.68,89,4.4,4,0,No Complaint,123.62,6,7,1,4,0,,0.259,0-3 Months,High Value,0,At Risk
CUST00380,Male,32,Married,Tier 1,Desktop,Wallet,Fashion,2022-06-30,30,1.1,437.44,33,14435.52,481.18,0.0,150,6.2,2,0,No Complaint,705.04,1,0,3,3,1,2024-12-15,0.0,24+ Months,Low Value,0,Dormant
CUST00381,Male,40,Married,Tier 2,Desktop,Credit Card,Grocery,2024-06-01,7,0.5,1507.84,4,6031.36,753.92,18094.08,90,5.9,3,0,No Complaint,62.77,1,0,1,4,0,,0.0,6-12 Months,Low Value,0,At Risk
CUST00382,Female,45,Single,Tier 3,Mobile,Debit Card,Fashion,2024-10-01,3,0.9,696.63,3,2089.89,626.97,15047.28,84,2.9,5,2,Yes,160.58,0,0,7,4,0,,0.0,0-3 Months,Low Value,0,At Risk
CUST00383,Female,33,Married,Tier 1,Mobile,COD,Electronics,2024-03-01,10,1.0,442.3,10,4423.0,442.3,10615.2,158,3.9,4,1,Yes,127.19,3,2,15,3,0,,0.2,6-12 Months,Low Value,0,Dormant
CUST00384,Female,54,Married,Tier 1,Mobile,COD,Electronics,2024-10-31,2,2.6,1488.91,5,7444.55,3871.17,0.0,173,7.1,4,0,No Complaint,138.11,3,1,3,3,1,2024-12-06,0.2,0-3 Months,High Value,0,Dormant
CUST00385,Female,38,Married,Tier 2,Desktop,Wallet,Beauty,2024-01-31,11,1.7,2277.64,19,43275.16,3871.99,0.0,99,5.7,2,1,Yes,194.01,1,4,8,3,1,2024-03-11,0.211,6-12 Months,High Value,0,Dormant
CUST00386,Female,32,Married,Tier 2,Desktop,UPI,Fashion,2024-12-01,1,3.7,1505.81,4,6023.24,5571.5,0.0,82,7.7,5,0,No Complaint,138.84,6,0,1,5,1,2024-12-03,0.0,0-3 Months,High Value,0,At Risk
CUST00387,Male,34,Single,Tier 2,Desktop,Debit Card,Home & Kitchen,2022-12-30,24,3.0,4745.43,72,341670.96,14236.29,341670.96,149,5.6,4,1,Yes,1.25,4,22,2,6,0,,0.306,12-24 Months,High Value,0,Dormant
CUST00388,Male,54,Single,Tier 1,Tablet,Debit Card,Electronics,2024-03-01,10,0.7,527.97,7,3695.79,369.58,0.0,149,3.2,2,1,Yes,334.09,3,1,9,2,1,2024-11-04,0.143,6-12 Months,Low Value,0,Dormant
CUST00389,Female,30,Married,Tier 2,Mobile,Net Banking,Electronics,2024-04-01,9,3.8,646.64,34,21985.76,2457.23,58973.52,58,4.5,3,0,No Complaint,40.43,3,6,20,4,0,,0.176,6-12 Months,Mid Value,0,Slipping
CUST00390,Female,36,Single,Tier 1,Desktop,Net Banking,Beauty,2024-08-31,4,4.7,484.7,19,9209.3,2278.09,0.0,104,5.9,2,0,No Complaint,47.32,4,3,1,2,1,2024-12-13,0.158,3-6 Months,Mid Value,0,Dormant
CUST00391,Female,47,Married,Tier 2,Desktop,Wallet,Grocery,2024-06-01,7,2.3,482.64,16,7722.24,1110.07,26641.68,28,4.5,4,2,Yes,187.93,4,2,8,2,0,,0.125,6-12 Months,Mid Value,0,Active
CUST00392,Male,62,Single,Tier 3,Desktop,Credit Card,Electronics,2024-10-01,3,6.6,2387.6,20,47752.0,15758.16,378195.84,114,4.6,4,0,No Complaint,116.93,5,1,10,4,0,,0.05,0-3 Months,High Value,0,Dormant
CUST00393,Male,35,Single,Tier 1,Mobile,COD,Electronics,2022-12-30,24,3.8,413.41,91,37620.31,1570.96,0.0,150,8.2,4,4,Yes,153.8,1,25,7,6,1,2023-03-10,0.275,12-24 Months,Mid Value,0,Dormant
CUST00394,Female,31,Married,Tier 2,Tablet,Credit Card,Electronics,2024-08-31,4,2.3,612.06,9,5508.54,1407.74,0.0,34,4.1,4,3,Yes,123.87,2,0,4,6,1,2024-12-06,0.0,3-6 Months,Mid Value,0,Slipping
CUST00395,Male,53,Married,Tier 3,Mobile,Credit Card,Grocery,2023-07-01,18,5.9,2170.12,106,230032.72,12803.71,307289.04,58,5.1,4,2,Yes,97.39,6,8,35,4,0,,0.075,12-24 Months,High Value,0,Slipping
CUST00396,Female,53,Married,Tier 2,Desktop,UPI,Electronics,2024-08-01,5,2.3,1176.57,12,14118.84,2706.11,0.0,81,5.0,1,0,No Complaint,118.85,6,3,3,4,1,2024-12-15,0.25,3-6 Months,High Value,0,At Risk
CUST00397,Female,37,Single,Tier 3,Mobile,COD,Beauty,2023-07-01,18,1.8,440.94,32,14110.08,793.69,0.0,152,6.1,3,0,No Complaint,27.38,0,1,5,3,1,2023-11-06,0.031,12-24 Months,Low Value,0,Dormant
CUST00398,Male,36,Married,Tier 2,Mobile,Wallet,Grocery,2023-12-31,12,1.1,848.51,13,11030.63,933.36,0.0,131,5.0,2,0,No Complaint,627.06,1,1,9,4,1,2024-03-05,0.077,6-12 Months,Mid Value,0,Dormant
CUST00399,Female,62,Married,Tier 3,Mobile,UPI,Fashion,2024-04-01,9,5.4,273.39,49,13396.11,1476.31,0.0,57,4.7,2,0,No Complaint,153.91,4,6,1,4,1,2024-11-30,0.122,6-12 Months,Mid Value,0,Slipping
CUST00400,Female,61,Married,Tier 1,Mobile,UPI,Electronics,2023-07-01,18,0.5,780.0,9,7020.0,390.0,9360.0,44,8.1,5,5,No,60.84,4,0,4,7,0,,0.0,12-24 Months,Low Value,1,Slipping
CUST00401,Male,24,Married,Tier 1,Mobile,COD,Fashion,2024-05-01,8,1.6,947.4,13,12316.2,1515.84,0.0,125,4.3,3,0,No Complaint,224.59,4,2,4,2,1,2024-12-29,0.154,6-12 Months,Mid Value,0,Dormant
CUST00402,Female,61,Married,Tier 1,Desktop,Debit Card,Electronics,2022-06-30,30,1.9,990.96,57,56484.72,1882.82,45187.68,86,5.8,4,0,No Complaint,381.81,3,5,1,8,0,,0.088,24+ Months,Mid Value,0,At Risk
CUST00403,Male,21,Single,Tier 2,Mobile,Wallet,Grocery,2022-12-30,24,2.0,3341.66,48,160399.68,6683.32,160399.68,107,2.2,5,3,Yes,63.3,3,16,1,7,0,,0.333,12-24 Months,High Value,0,Dormant
CUST00404,Female,51,Single,Tier 3,Mobile,UPI,Grocery,2023-12-31,12,2.6,1510.59,31,46828.29,3927.53,94260.72,117,4.5,3,0,No Complaint,70.62,0,1,36,2,0,,0.032,6-12 Months,High Value,0,Dormant
CUST00405,Male,19,Married,Tier 1,Mobile,UPI,Beauty,2022-06-30,30,1.8,395.66,54,21365.64,712.19,0.0,101,4.3,4,0,No Complaint,103.9,5,2,1,4,1,2024-01-13,0.037,24+ Months,Low Value,0,Dormant
CUST00406,Female,22,Married,Tier 2,Mobile,Credit Card,Fashion,2022-06-30,30,0.7,968.84,21,20345.64,678.19,16276.56,110,4.4,2,5,Yes,44.1,2,5,2,1,0,,0.238,24+ Months,Low Value,0,Dormant
CUST00407,Male,27,Married,Tier 2,Mobile,UPI,Sports,2024-01-31,11,4.9,857.69,54,46315.26,4202.68,0.0,159,1.4,3,0,No Complaint,298.73,3,2,1,8,1,2024-04-24,0.037,6-12 Months,High Value,0,Dormant
CUST00408,Male,49,Single,Tier 2,Mobile,UPI,Electronics,2024-12-01,1,2.7,3314.04,3,9942.12,8947.91,0.0,156,3.9,4,1,No,157.95,3,0,6,2,1,2024-12-09,0.0,0-3 Months,High Value,1,Dormant
CUST00409,Female,59,Married,Tier 2,Mobile,UPI,Electronics,2023-12-31,12,4.9,659.22,59,38893.98,3230.18,77524.32,27,2.9,3,0,No Complaint,10.57,3,11,11,2,0,,0.186,6-12 Months,High Value,0,Active
CUST00410,Male,58,Single,Tier 2,Desktop,UPI,Beauty,2024-06-01,7,0.8,983.62,6,5901.72,786.9,0.0,105,6.5,1,1,Yes,1028.71,1,0,1,0,1,2024-10-14,0.0,6-12 Months,Low Value,0,Dormant
CUST00411,Male,30,Married,Tier 1,Mobile,UPI,Beauty,2023-12-31,12,2.5,1082.42,30,32472.6,2706.05,64945.2,79,2.9,3,0,No Complaint,154.01,4,7,7,6,0,,0.233,6-12 Months,High Value,0,At Risk
CUST00412,Female,56,Single,Tier 1,Mobile,Wallet,Electronics,2023-07-01,18,3.1,424.6,56,23777.6,1316.26,31590.24,52,5.6,5,1,Yes,397.21,0,1,3,3,0,,0.018,12-24 Months,Mid Value,0,Slipping
CUST00413,Female,22,Married,Tier 3,Mobile,UPI,Beauty,2023-07-01,18,1.2,308.87,22,6795.14,370.64,8895.36,113,5.7,2,0,No Complaint,125.35,3,5,5,6,0,,0.227,12-24 Months,Low Value,0,Dormant
CUST00414,Female,27,Single,Tier 1,Tablet,Credit Card,Home & Kitchen,2023-07-01,18,4.2,766.24,76,58234.24,3218.21,0.0,92,3.4,1,0,No Complaint,157.2,1,18,2,3,1,2024-09-06,0.237,12-24 Months,High Value,0,Dormant
CUST00415,Female,27,Married,Tier 1,Mobile,Net Banking,Beauty,2023-07-01,18,0.5,1431.91,9,12887.19,715.96,0.0,139,3.0,2,1,No,109.08,3,1,16,6,1,2024-02-02,0.111,12-24 Months,Low Value,1,Dormant
CUST00416,Male,55,Single,Tier 3,Mobile,Debit Card,Fashion,2024-10-31,2,2.3,358.14,5,1790.7,823.72,0.0,17,4.0,4,0,No Complaint,98.91,1,2,5,3,1,2024-12-29,0.4,0-3 Months,Low Value,0,Active
CUST00417,Male,44,Married,Tier 1,Mobile,Debit Card,Home & Kitchen,2024-08-31,4,2.4,837.28,10,8372.8,2009.47,48227.28,55,3.8,4,2,No,44.33,4,1,1,4,0,,0.1,3-6 Months,Mid Value,1,Slipping
CUST00418,Male,38,Married,Tier 2,Mobile,COD,Beauty,2023-07-01,18,1.9,561.97,34,19106.98,1067.74,0.0,5,2.7,1,2,No,589.22,4,1,13,3,1,2024-01-22,0.029,12-24 Months,Mid Value,1,Active
CUST00419,Female,25,Married,Tier 1,Mobile,COD,Grocery,2024-05-01,8,2.5,231.54,20,4630.8,578.85,13892.4,134,4.0,5,1,Yes,36.11,3,2,11,4,0,,0.1,6-12 Months,Low Value,0,Dormant
CUST00420,Female,18,Single,Tier 2,Mobile,Net Banking,Beauty,2022-12-30,24,0.5,1057.01,12,12684.12,528.5,0.0,164,5.1,4,0,No Complaint,134.53,5,1,5,3,1,2024-12-29,0.083,12-24 Months,Low Value,0,Dormant
CUST00421,Female,45,Single,Tier 1,Mobile,Debit Card,Sports,2024-10-31,2,2.9,1195.65,6,7173.9,3467.38,0.0,106,2.4,4,3,No,16.4,0,1,10,5,1,2024-11-19,0.167,0-3 Months,High Value,1,Dormant
CUST00422,Female,56,Married,Tier 1,Mobile,Net Banking,Electronics,2024-08-31,4,1.0,1435.55,4,5742.2,1435.55,34453.2,111,4.1,3,1,Yes,903.09,2,1,7,5,0,,0.25,3-6 Months,Mid Value,0,Dormant
CUST00423,Male,31,Single,Tier 2,Mobile,Debit Card,Fashion,2023-12-31,12,1.5,1553.49,18,27962.82,2330.24,55925.76,9,3.6,3,0,No Complaint,146.02,3,0,1,7,0,,0.0,6-12 Months,Mid Value,0,Active
CUST00424,Male,38,Single,Tier 2,Desktop,UPI,Electronics,2024-01-31,11,1.0,837.63,11,9213.93,837.63,20103.12,91,4.7,5,2,No,303.33,7,1,58,4,0,,0.091,6-12 Months,Low Value,1,Dormant
CUST00425,Male,47,Married,Tier 2,Tablet,Net Banking,Fashion,2024-08-01,5,1.6,1188.34,8,9506.72,1901.34,45632.16,95,7.9,5,1,No,148.98,4,0,12,3,0,,0.0,3-6 Months,Mid Value,1,Dormant
CUST00426,Female,38,Married,Tier 3,Mobile,Debit Card,Electronics,2024-05-01,8,2.4,1024.05,19,19456.95,2457.72,58985.28,7,1.8,4,0,No Complaint,294.24,2,0,9,4,0,,0.0,6-12 Months,Mid Value,0,Active
CUST00427,Male,26,Single,Tier 1,Mobile,Net Banking,Grocery,2024-12-01,1,4.6,150.0,5,750.0,690.0,16560.0,141,4.3,4,0,No Complaint,137.6,2,1,14,6,0,,0.2,0-3 Months,Low Value,0,Dormant
CUST00428,Female,34,Single,Tier 2,Tablet,UPI,Electronics,2024-12-01,1,1.7,314.23,2,628.46,534.19,0.0,50,5.0,3,4,No,105.97,5,0,21,5,1,2024-12-13,0.0,0-3 Months,Low Value,1,Slipping
CUST00429,Male,22,Married,Tier 2,Desktop,Credit Card,Beauty,2024-10-31,2,1.0,534.69,2,1069.38,534.69,0.0,130,3.6,5,0,No Complaint,109.55,2,0,7,1,1,2024-12-12,0.0,0-3 Months,Low Value,0,Dormant
CUST00430,Male,48,Married,Tier 3,Mobile,Wallet,Home & Kitchen,2023-12-31,12,1.7,931.38,20,18627.6,1583.35,38000.4,73,5.2,4,1,No,0.42,3,0,7,3,0,,0.0,6-12 Months,Mid Value,1,At Risk
CUST00431,Male,57,Single,Tier 1,Desktop,UPI,Electronics,2022-06-30,30,2.9,1082.93,87,94214.91,3140.5,0.0,179,1.9,3,0,No Complaint,83.35,3,10,1,6,1,2024-04-25,0.115,24+ Months,High Value,0,Dormant
CUST00432,Female,55,Single,Tier 2,Mobile,Wallet,Home & Kitchen,2024-08-01,5,1.1,1417.27,6,8503.62,1559.0,37416.0,38,3.9,5,1,No,546.37,3,1,4,6,0,,0.167,3-6 Months,Mid Value,1,Slipping
CUST00433,Female,60,Married,Tier 3,Mobile,Wallet,Fashion,2024-12-01,1,1.3,1439.81,1,1439.81,1871.75,0.0,11,1.0,3,0,No Complaint,202.63,9,0,6,3,1,2024-12-12,0.0,0-3 Months,Mid Value,0,Active
CUST00434,Male,36,Single,Tier 1,Mobile,Net Banking,Home & Kitchen,2022-12-30,24,2.1,1022.71,50,51135.5,2147.69,0.0,176,4.1,3,0,No Complaint,453.11,5,7,2,4,1,2024-03-22,0.14,12-24 Months,Mid Value,0,Dormant
CUST00435,Male,53,Married,Tier 3,Mobile,Debit Card,Home & Kitchen,2022-06-30,30,0.9,1267.18,27,34213.86,1140.46,27371.04,44,2.3,4,2,Yes,40.22,4,2,4,3,0,,0.074,24+ Months,Mid Value,0,Slipping
CUST00436,Female,50,Married,Tier 1,Mobile,Debit Card,Electronics,2024-10-01,3,0.6,2625.75,2,5251.5,1575.45,0.0,114,5.1,4,2,No,121.61,2,0,4,6,1,2024-12-06,0.0,0-3 Months,Mid Value,1,Dormant
CUST00437,Male,30,Married,Tier 2,Mobile,Net Banking,Electronics,2024-05-01,8,0.5,1197.04,4,4788.16,598.52,14364.48,68,7.0,4,1,No,6.32,1,0,4,2,0,,0.0,6-12 Months,Low Value,1,At Risk
CUST00438,Female,31,Married,Tier 3,Desktop,COD,Electronics,2024-10-01,3,1.1,877.01,3,2631.03,964.71,23153.04,115,5.0,4,0,No Complaint,203.45,3,0,25,6,0,,0.0,0-3 Months,Mid Value,0,Dormant
CUST00439,Female,50,Single,Tier 2,Mobile,Debit Card,Beauty,2024-10-31,2,0.5,1237.34,1,1237.34,618.67,0.0,107,4.4,2,0,No Complaint,275.86,5,0,7,4,1,2024-11-28,0.0,0-3 Months,Low Value,0,Dormant
CUST00440,Male,46,Single,Tier 2,Mobile,Wallet,Home & Kitchen,2023-07-01,18,2.2,1589.16,40,63566.4,3496.15,0.0,127,3.6,3,0,No Complaint,247.96,0,8,3,3,1,2023-11-01,0.2,12-24 Months,High Value,0,Dormant
CUST00441,Male,60,Married,Tier 1,Mobile,Debit Card,Electronics,2021-12-29,36,0.5,2656.13,18,47810.34,1328.06,31873.44,4,4.0,4,1,Yes,16.34,3,2,3,4,0,,0.111,24+ Months,Mid Value,0,Active
CUST00442,Female,53,Married,Tier 3,Mobile,Wallet,Grocery,2023-07-01,18,1.2,417.22,22,9178.84,500.66,12015.84,150,4.0,3,2,Yes,51.19,4,3,15,3,0,,0.136,12-24 Months,Low Value,0,Dormant
CUST00443,Male,61,Single,Tier 2,Mobile,UPI,Fashion,2021-12-29,36,0.8,284.97,29,8264.13,227.98,5471.52,86,4.5,4,1,No,191.99,5,2,8,3,0,,0.069,24+ Months,Low Value,1,At Risk
CUST00444,Male,27,Single,Tier 1,Tablet,UPI,Electronics,2024-04-01,9,2.5,1038.08,22,22837.76,2595.2,0.0,93,5.4,4,2,No,256.13,3,3,15,1,1,2024-08-05,0.136,6-12 Months,High Value,1,Dormant
CUST00445,Female,48,Single,Tier 2,Mobile,Credit Card,Sports,2021-12-29,36,4.7,326.46,169,55171.74,1534.36,36824.64,74,3.1,5,0,No Complaint,57.69,2,32,8,8,0,,0.189,24+ Months,Mid Value,0,At Risk
CUST00446,Female,23,Single,Tier 2,Mobile,Credit Card,Fashion,2024-08-31,4,2.5,754.13,10,7541.3,1885.32,0.0,178,6.6,3,1,Yes,93.83,3,2,20,3,1,2024-09-28,0.2,3-6 Months,Mid Value,0,Dormant
CUST00447,Female,18,Married,Tier 1,Desktop,COD,Sports,2024-10-31,2,2.0,3189.67,4,12758.68,6379.34,0.0,144,4.1,3,0,No Complaint,77.89,3,1,4,6,1,2024-11-04,0.25,0-3 Months,High Value,0,Dormant
CUST00448,Female,24,Married,Tier 1,Mobile,UPI,Home & Kitchen,2022-12-30,24,2.8,900.02,67,60301.34,2520.06,60481.44,56,4.5,5,0,No Complaint,0.82,1,7,15,2,0,,0.104,12-24 Months,Mid Value,0,Slipping
CUST00449,Male,44,Single,Tier 1,Desktop,Wallet,Sports,2024-06-01,7,0.5,906.95,4,3627.8,453.48,10883.52,141,6.8,2,0,No Complaint,154.66,2,0,2,3,0,,0.0,6-12 Months,Low Value,0,Dormant
CUST00450,Male,38,Single,Tier 2,Mobile,UPI,Fashion,2024-07-01,6,0.5,678.32,3,2034.96,339.16,8139.84,79,1.0,4,1,Yes,199.08,2,0,9,4,0,,0.0,3-6 Months,Low Value,0,At Risk
CUST00451,Female,45,Single,Tier 2,Mobile,Credit Card,Fashion,2023-07-01,18,0.5,2574.82,9,23173.38,1287.41,30897.84,156,1.0,2,0,No Complaint,58.24,4,1,4,2,0,,0.111,12-24 Months,Mid Value,0,Dormant
CUST00452,Female,33,Single,Tier 2,Mobile,UPI,Fashion,2024-07-01,6,0.5,1207.51,3,3622.53,603.76,14490.24,6,5.2,5,0,No Complaint,209.53,2,1,6,6,0,,0.333,3-6 Months,Low Value,0,Active
CUST00453,Male,63,Single,Tier 3,Mobile,Debit Card,Beauty,2023-12-31,12,0.8,647.03,10,6470.3,517.62,12422.88,64,4.5,4,0,No Complaint,50.05,3,1,11,2,0,,0.1,6-12 Months,Low Value,0,At Risk
CUST00454,Female,40,Single,Tier 3,Mobile,UPI,Grocery,2024-07-01,6,1.9,2529.98,11,27829.78,4806.96,115367.04,77,7.2,5,0,No Complaint,226.28,3,1,7,3,0,,0.091,3-6 Months,High Value,0,At Risk
CUST00455,Male,37,Single,Tier 2,Desktop,UPI,Fashion,2022-06-30,30,0.5,1022.11,15,15331.65,511.06,0.0,134,2.5,2,1,No,109.98,1,1,10,7,1,2023-06-11,0.067,24+ Months,Low Value,1,Dormant
CUST00456,Male,55,Married,Tier 1,Desktop,COD,Beauty,2024-07-01,6,6.8,671.5,41,27531.5,4566.2,109588.8,33,5.4,4,1,Yes,369.94,4,8,1,3,0,,0.195,3-6 Months,High Value,0,Slipping
CUST00457,Male,42,Married,Tier 2,Desktop,UPI,Electronics,2024-01-31,11,4.8,208.16,53,11032.48,999.17,0.0,52,3.9,4,1,No,141.64,4,1,4,8,1,2024-02-10,0.019,6-12 Months,Mid Value,1,Slipping
CUST00458,Male,45,Single,Tier 2,Desktop,UPI,Fashion,2024-12-01,1,8.9,988.5,9,8896.5,8797.65,211143.6,130,6.2,4,1,Yes,36.75,2,0,25,2,0,,0.0,0-3 Months,High Value,0,Dormant
CUST00459,Male,22,Married,Tier 2,Mobile,COD,Electronics,2022-06-30,30,0.5,654.6,15,9819.0,327.3,7855.2,14,1.0,2,0,No Complaint,310.69,2,5,11,2,0,,0.333,24+ Months,Low Value,0,Active
CUST00460,Male,38,Married,Tier 2,Mobile,UPI,Fashion,2023-07-01,18,4.8,720.32,86,61947.52,3457.54,0.0,37,4.0,3,2,No,270.65,5,5,5,4,1,2024-02-21,0.058,12-24 Months,High Value,1,Slipping
CUST00461,Male,35,Married,Tier 2,Mobile,Credit Card,Fashion,2024-08-31,4,4.1,692.53,16,11080.48,2839.37,68144.88,135,5.8,3,3,Yes,15.84,1,1,10,5,0,,0.062,3-6 Months,High Value,0,Dormant
CUST00462,Female,64,Married,Tier 3,Desktop,UPI,Electronics,2024-08-31,4,5.8,249.28,23,5733.44,1445.82,0.0,157,3.1,3,0,No Complaint,8.86,1,11,1,5,1,2024-11-14,0.478,3-6 Months,Mid Value,0,Dormant
CUST00463,Female,23,Married,Tier 1,Mobile,Credit Card,Home & Kitchen,2024-08-01,5,1.9,5402.64,10,54026.4,10265.02,246360.48,131,4.4,4,0,No Complaint,26.37,4,1,3,5,0,,0.1,3-6 Months,High Value,0,Dormant
CUST00464,Female,46,Married,Tier 2,Mobile,Debit Card,Beauty,2023-12-31,12,3.9,552.43,47,25964.21,2154.48,0.0,95,4.6,1,0,No Complaint,335.95,2,0,19,2,1,2024-04-21,0.0,6-12 Months,Mid Value,0,Dormant
CUST00465,Female,36,Single,Tier 1,Desktop,UPI,Electronics,2023-12-31,12,0.5,1433.43,6,8600.58,716.72,17201.28,18,5.1,4,1,Yes,69.52,2,1,5,6,0,,0.167,6-12 Months,Low Value,0,Active
CUST00466,Male,50,Married,Tier 3,Mobile,Net Banking,Beauty,2024-08-01,5,0.5,770.29,2,1540.58,385.14,0.0,149,2.5,4,1,Yes,126.49,2,0,24,4,1,2024-08-02,0.0,3-6 Months,Low Value,0,Dormant
CUST00467,Male,18,Married,Tier 1,Mobile,Net Banking,Grocery,2022-12-30,24,0.5,150.0,12,1800.0,75.0,1800.0,23,3.6,2,5,Yes,166.27,2,0,2,3,0,,0.0,12-24 Months,Low Value,0,Active
CUST00468,Female,62,Married,Tier 1,Mobile,UPI,Electronics,2021-12-29,36,6.2,809.35,223,180485.05,5017.97,120431.28,69,5.4,3,1,No,244.9,0,45,14,6,0,,0.202,24+ Months,High Value,1,At Risk
CUST00469,Male,20,Married,Tier 1,Mobile,Wallet,Beauty,2024-12-01,1,0.5,976.15,1,976.15,488.08,0.0,10,5.8,2,0,No Complaint,318.9,3,0,1,2,1,2024-12-03,0.0,0-3 Months,Low Value,0,Active
CUST00470,Female,59,Single,Tier 2,Desktop,UPI,Beauty,2024-05-01,8,0.5,613.05,4,2452.2,306.52,0.0,128,4.8,4,1,No,130.57,8,1,1,6,1,2024-10-29,0.25,6-12 Months,Low Value,1,Dormant
CUST00471,Male,38,Married,Tier 1,Tablet,UPI,Grocery,2023-07-01,18,6.7,2479.06,121,299966.26,16609.7,0.0,91,3.9,4,5,Yes,96.74,3,47,1,2,1,2023-08-30,0.388,12-24 Months,High Value,0,Dormant
CUST00472,Female,52,Single,Tier 2,Mobile,UPI,Grocery,2023-07-01,18,0.5,3147.57,9,28328.13,1573.78,0.0,163,4.7,4,1,No,39.26,1,0,2,4,1,2024-02-20,0.0,12-24 Months,Mid Value,1,Dormant
CUST00473,Male,58,Married,Tier 2,Mobile,Credit Card,Beauty,2024-12-01,1,5.1,1097.7,5,5488.5,5598.27,134358.48,25,6.0,5,0,No Complaint,168.35,3,1,1,2,0,,0.2,0-3 Months,High Value,0,Active
CUST00474,Female,57,Married,Tier 1,Desktop,Debit Card,Electronics,2024-08-31,4,3.9,1207.49,16,19319.84,4709.21,0.0,147,4.9,3,0,No Complaint,143.68,4,2,2,3,1,2024-09-08,0.125,3-6 Months,High Value,0,Dormant
CUST00475,Male,20,Married,Tier 1,Mobile,Credit Card,Home & Kitchen,2024-12-01,1,0.5,400.7,1,400.7,200.35,0.0,92,2.4,4,0,No Complaint,61.94,2,0,17,0,1,2024-12-29,0.0,0-3 Months,Low Value,0,Dormant
CUST00476,Female,42,Married,Tier 3,Mobile,COD,Fashion,2023-12-31,12,0.5,399.66,6,2397.96,199.83,0.0,66,2.5,4,2,Yes,106.37,3,0,20,7,1,2024-01-16,0.0,6-12 Months,Low Value,0,At Risk
CUST00477,Male,62,Single,Tier 2,Desktop,COD,Home & Kitchen,2023-07-01,18,1.9,567.87,34,19307.58,1078.95,0.0,116,4.6,1,1,Yes,242.23,3,1,1,1,1,2024-06-03,0.029,12-24 Months,Mid Value,0,Dormant
CUST00478,Female,55,Married,Tier 2,Desktop,Credit Card,Electronics,2024-10-01,3,14.7,3641.33,44,160218.52,53527.55,1284661.2,142,1.5,5,2,No,177.55,4,4,3,7,0,,0.091,0-3 Months,High Value,1,Dormant
CUST00479,Female,62,Single,Tier 2,Mobile,COD,Fashion,2024-07-01,6,5.3,611.55,32,19569.6,3241.21,0.0,79,5.9,5,0,No Complaint,118.31,6,10,8,1,1,2024-07-19,0.312,3-6 Months,High Value,0,At Risk
CUST00480,Male,37,Married,Tier 1,Mobile,Wallet,Grocery,2024-07-01,6,0.9,2257.35,5,11286.75,2031.62,0.0,42,2.8,3,3,Yes,57.22,5,1,9,4,1,2024-11-09,0.2,3-6 Months,Mid Value,0,Slipping
CUST00481,Female,61,Single,Tier 1,Desktop,UPI,Electronics,2022-06-30,30,1.2,541.43,36,19491.48,649.72,15593.28,164,2.4,3,0,No Complaint,198.47,6,0,1,5,0,,0.0,24+ Months,Low Value,0,Dormant
CUST00482,Female,62,Single,Tier 1,Desktop,UPI,Beauty,2024-08-31,4,1.2,457.8,5,2289.0,549.36,13184.64,57,7.5,5,0,No Complaint,177.83,3,0,19,5,0,,0.0,3-6 Months,Low Value,0,Slipping
CUST00483,Male,51,Married,Tier 3,Desktop,Credit Card,Electronics,2023-12-31,12,3.3,632.54,40,25301.6,2087.38,50097.12,179,3.6,4,0,No Complaint,110.33,1,0,4,2,0,,0.0,6-12 Months,Mid Value,0,Dormant
CUST00484,Female,38,Married,Tier 3,Mobile,Credit Card,Grocery,2022-06-30,30,1.0,621.33,30,18639.9,621.33,0.0,138,5.0,4,0,No Complaint,49.05,2,3,5,3,1,2023-02-28,0.1,24+ Months,Low Value,0,Dormant
CUST00485,Female,40,Single,Tier 2,Tablet,Debit Card,Electronics,2022-06-30,30,0.5,540.31,15,8104.65,270.15,0.0,124,5.6,1,4,Yes,34.6,4,1,1,2,1,2023-04-11,0.067,24+ Months,Low Value,0,Dormant
CUST00486,Female,23,Married,Tier 1,Mobile,UPI,Fashion,2023-07-01,18,3.4,2678.67,61,163398.87,9107.48,218579.52,3,7.1,3,0,No Complaint,74.63,2,8,6,1,0,,0.131,12-24 Months,High Value,0,Active
CUST00487,Male,30,Married,Tier 1,Desktop,Debit Card,Electronics,2024-07-01,6,1.5,864.43,9,7779.87,1296.64,0.0,81,3.4,2,0,No Complaint,430.88,2,0,7,4,1,2024-12-19,0.0,3-6 Months,Mid Value,0,At Risk
CUST00488,Male,40,Single,Tier 1,Mobile,Debit Card,Grocery,2022-06-30,30,0.5,781.12,15,11716.8,390.56,0.0,90,4.8,4,3,Yes,252.35,0,2,5,7,1,2023-11-09,0.133,24+ Months,Low Value,0,At Risk
CUST00489,Female,26,Married,Tier 2,Mobile,Debit Card,Grocery,2022-12-30,24,3.9,913.94,94,85910.36,3564.37,85544.88,68,4.3,5,1,Yes,399.07,2,16,17,3,0,,0.17,12-24 Months,High Value,0,At Risk
CUST00490,Female,34,Single,Tier 1,Tablet,UPI,Grocery,2022-12-30,24,2.2,1703.5,53,90285.5,3747.7,89944.8,27,8.8,4,0,No Complaint,332.81,3,13,1,2,0,,0.245,12-24 Months,High Value,0,Active
CUST00491,Male,19,Married,Tier 3,Mobile,Credit Card,Sports,2024-12-01,1,1.7,913.75,2,1827.5,1553.38,37281.12,66,1.0,4,0,No Complaint,110.54,3,0,2,5,0,,0.0,0-3 Months,Mid Value,0,At Risk
CUST00492,Female,36,Single,Tier 2,Mobile,Credit Card,Beauty,2024-12-01,1,2.8,1111.95,3,3335.85,3113.46,0.0,14,4.2,3,2,Yes,136.07,3,0,4,7,1,2024-12-07,0.0,0-3 Months,High Value,0,Active
CUST00493,Male,36,Married,Tier 3,Desktop,Credit Card,Home & Kitchen,2022-12-30,24,1.8,1830.55,43,78713.65,3294.99,79079.76,53,4.5,1,1,Yes,33.45,1,1,8,5,0,,0.023,12-24 Months,High Value,0,Slipping
CUST00494,Male,24,Single,Tier 3,Mobile,Net Banking,Fashion,2021-12-29,36,2.6,424.82,94,39933.08,1104.53,26508.72,15,4.3,4,0,No Complaint,229.7,0,40,4,5,0,,0.426,24+ Months,Mid Value,0,Active
CUST00495,Male,59,Single,Tier 3,Desktop,Credit Card,Fashion,2022-12-30,24,5.1,499.49,122,60937.78,2547.4,61137.6,135,1.9,4,0,No Complaint,98.66,3,16,15,2,0,,0.131,12-24 Months,High Value,0,Dormant
CUST00496,Male,59,Married,Tier 2,Mobile,UPI,Electronics,2022-06-30,30,2.4,968.66,72,69743.52,2324.78,55794.72,121,1.2,5,1,No,31.66,3,6,2,7,0,,0.083,24+ Months,Mid Value,1,Dormant
CUST00497,Female,37,Married,Tier 2,Mobile,Credit Card,Fashion,2023-12-31,12,2.7,547.06,32,17505.92,1477.06,35449.44,169,1.7,3,1,Yes,18.04,2,5,2,3,0,,0.156,6-12 Months,Mid Value,0,Dormant
CUST00498,Male,26,Married,Tier 2,Desktop,COD,Grocery,2024-07-01,6,2.4,763.21,14,10684.94,1831.7,43960.8,69,6.1,3,2,Yes,214.41,1,1,18,7,0,,0.071,3-6 Months,Mid Value,0,At Risk
CUST00499,Female,34,Married,Tier 2,Mobile,COD,Grocery,2023-07-01,18,1.9,414.9,34,14106.6,788.31,18919.44,141,4.5,5,2,Yes,118.47,1,2,5,7,0,,0.059,12-24 Months,Low Value,0,Dormant
CUST00500,Female,44,Married,Tier 2,Desktop,Credit Card,Grocery,2022-12-30,24,0.5,490.79,12,5889.48,245.4,0.0,106,1.3,2,2,Yes,1.63,5,1,8,7,1,2024-07-04,0.083,12-24 Months,Low Value,0,Dormant
CUST00501,Female,64,Married,Tier 3,Mobile,UPI,Beauty,2023-07-01,18,1.0,1953.29,18,35159.22,1953.29,0.0,116,7.1,3,1,Yes,313.24,4,5,4,5,1,2023-11-13,0.278,12-24 Months,Mid Value,0,Dormant
CUST00502,Male,19,Single,Tier 2,Desktop,Credit Card,Sports,2021-12-29,36,3.0,694.48,108,75003.84,2083.44,50002.56,98,8.0,4,2,No,173.91,3,7,4,8,0,,0.065,24+ Months,Mid Value,1,Dormant
CUST00503,Male,53,Single,Tier 3,Mobile,Debit Card,Home & Kitchen,2024-06-01,7,1.4,651.23,10,6512.3,911.72,21881.28,140,5.0,4,1,Yes,7.04,3,1,1,2,0,,0.1,6-12 Months,Mid Value,0,Dormant
CUST00504,Female,36,Single,Tier 3,Mobile,Wallet,Fashion,2024-12-01,1,1.3,503.24,1,503.24,654.21,0.0,8,5.3,4,3,Yes,65.41,6,0,17,2,1,2024-12-24,0.0,0-3 Months,Low Value,0,Active
CUST00505,Female,34,Married,Tier 1,Desktop,Debit Card,Electronics,2021-12-29,36,3.6,483.1,130,62803.0,1739.16,41739.84,15,4.7,3,1,Yes,230.69,6,32,14,10,0,,0.246,24+ Months,Mid Value,0,Active
CUST00506,Male,22,Single,Tier 1,Mobile,Debit Card,Fashion,2024-10-01,3,0.5,434.31,2,868.62,217.16,0.0,18,3.4,5,1,No,10.95,4,1,6,8,1,2024-12-13,0.5,0-3 Months,Low Value,1,Active
CUST00507,Female,56,Married,Tier 2,Desktop,Credit Card,Fashion,2022-12-30,24,2.8,363.66,67,24365.22,1018.25,24438.0,52,1.2,4,1,No,239.9,2,5,1,9,0,,0.075,12-24 Months,Mid Value,1,Slipping
CUST00508,Female,35,Single,Tier 2,Desktop,Credit Card,Grocery,2022-06-30,30,1.7,548.59,51,27978.09,932.6,22382.4,106,2.6,3,0,No Complaint,126.54,0,7,2,2,0,,0.137,24+ Months,Mid Value,0,Dormant
CUST00509,Female,24,Single,Tier 3,Desktop,COD,Grocery,2024-07-01,6,1.2,828.02,7,5796.14,993.62,0.0,116,4.4,3,2,Yes,274.9,4,0,2,4,1,2024-11-25,0.0,3-6 Months,Mid Value,0,Dormant
CUST00510,Female,34,Single,Tier 2,Desktop,Credit Card,Fashion,2022-06-30,30,1.0,1405.92,30,42177.6,1405.92,0.0,128,5.5,5,4,No,347.88,8,3,6,2,1,2023-10-27,0.1,24+ Months,Mid Value,1,Dormant
CUST00511,Female,56,Married,Tier 2,Mobile,Wallet,Beauty,2024-07-01,6,0.5,846.31,3,2538.93,423.16,0.0,51,4.1,3,0,No Complaint,262.8,1,0,1,2,1,2024-09-01,0.0,3-6 Months,Low Value,0,Slipping
CUST00512,Male,53,Single,Tier 2,Mobile,Credit Card,Beauty,2022-06-30,30,1.0,443.51,30,13305.3,443.51,10644.24,117,4.3,4,1,Yes,14.63,2,4,5,8,0,,0.133,24+ Months,Low Value,0,Dormant
CUST00513,Female,57,Married,Tier 1,Mobile,UPI,Fashion,2024-12-01,1,1.2,614.66,1,614.66,737.59,0.0,22,4.6,2,0,No Complaint,111.04,1,0,2,4,1,2024-12-26,0.0,0-3 Months,Low Value,0,Active
CUST00514,Female,62,Married,Tier 2,Mobile,Debit Card,Electronics,2023-07-01,18,1.4,589.19,25,14729.75,824.87,19796.88,2,4.7,3,2,No,69.08,0,0,3,2,0,,0.0,12-24 Months,Low Value,1,Active
CUST00515,Male,21,Married,Tier 3,Mobile,UPI,Home & Kitchen,2023-07-01,18,2.8,565.21,50,28260.5,1582.59,37982.16,125,3.4,3,1,Yes,127.85,7,1,3,5,0,,0.02,12-24 Months,Mid Value,0,Dormant
CUST00516,Male,55,Married,Tier 1,Mobile,UPI,Grocery,2024-03-01,10,1.5,688.75,15,10331.25,1033.12,24794.88,129,5.2,4,1,Yes,607.61,1,0,2,5,0,,0.0,6-12 Months,Mid Value,0,Dormant
CUST00517,Male,42,Married,Tier 2,Mobile,Credit Card,Electronics,2022-12-30,24,4.0,1673.58,96,160663.68,6694.32,160663.68,112,2.5,3,0,No Complaint,23.91,3,11,2,5,0,,0.115,12-24 Months,High Value,0,Dormant
CUST00518,Female,22,Married,Tier 2,Mobile,COD,Fashion,2021-12-29,36,2.6,1438.91,94,135257.54,3741.17,0.0,47,5.1,5,2,No,361.25,2,10,1,2,1,2024-08-23,0.106,24+ Months,High Value,1,Slipping
CUST00519,Female,47,Single,Tier 1,Mobile,Credit Card,Fashion,2022-12-30,24,0.5,2745.43,12,32945.16,1372.72,32945.28,167,1.8,3,0,No Complaint,844.98,4,1,12,5,0,,0.083,12-24 Months,Mid Value,0,Dormant
CUST00520,Male,29,Married,Tier 1,Desktop,UPI,Fashion,2021-12-29,36,0.8,480.49,29,13934.21,384.39,0.0,157,2.4,4,1,Yes,829.33,5,3,29,5,1,2024-04-10,0.103,24+ Months,Low Value,0,Dormant
CUST00521,Female,21,Single,Tier 3,Mobile,Debit Card,Beauty,2024-04-01,9,0.5,410.86,4,1643.44,205.43,0.0,93,3.2,3,1,Yes,286.74,2,0,12,4,1,2024-07-07,0.0,6-12 Months,Low Value,0,Dormant
CUST00522,Male,41,Single,Tier 2,Mobile,Credit Card,Fashion,2024-01-31,11,7.3,693.38,80,55470.4,5061.67,121480.08,178,4.9,5,1,Yes,112.78,2,4,4,4,0,,0.05,6-12 Months,High Value,0,Dormant
CUST00523,Female,46,Single,Tier 1,Desktop,Net Banking,Electronics,2024-08-01,5,5.4,2031.4,27,54847.8,10969.56,263269.44,54,4.9,5,0,No Complaint,35.28,4,1,11,3,0,,0.037,3-6 Months,High Value,0,Slipping
CUST00524,Female,26,Married,Tier 1,Mobile,Credit Card,Fashion,2021-12-29,36,0.5,205.75,18,3703.5,102.88,2469.12,88,3.0,2,2,Yes,168.67,2,2,1,4,0,,0.111,24+ Months,Low Value,0,At Risk
CUST00525,Female,21,Single,Tier 2,Tablet,COD,Beauty,2024-12-01,1,2.1,972.38,2,1944.76,2042.0,0.0,167,1.9,4,2,Yes,169.66,1,0,3,2,1,2024-12-04,0.0,0-3 Months,Mid Value,0,Dormant
CUST00526,Male,41,Married,Tier 2,Mobile,UPI,Fashion,2024-06-01,7,8.1,708.42,57,40379.94,5738.2,0.0,83,6.7,2,0,No Complaint,68.48,1,33,4,5,1,2024-06-25,0.579,6-12 Months,High Value,0,At Risk
CUST00527,Male,31,Married,Tier 2,Mobile,COD,Electronics,2024-07-01,6,3.4,1389.18,20,27783.6,4723.21,113357.04,85,4.6,4,0,No Complaint,172.67,2,1,1,3,0,,0.05,3-6 Months,High Value,0,At Risk
CUST00528,Male,22,Married,Tier 1,Desktop,COD,Grocery,2024-05-01,8,1.7,1204.92,14,16868.88,2048.36,49160.64,15,4.3,5,0,No Complaint,22.31,4,3,24,3,0,,0.214,6-12 Months,Mid Value,0,Active
CUST00529,Male,35,Single,Tier 3,Desktop,Net Banking,Electronics,2021-12-29,36,0.7,1384.9,25,34622.5,969.43,23266.32,38,5.2,3,3,Yes,180.93,4,4,5,3,0,,0.16,24+ Months,Mid Value,0,Slipping
CUST00530,Female,59,Married,Tier 2,Mobile,UPI,Electronics,2024-06-01,7,0.8,1265.34,6,7592.04,1012.27,24294.48,29,2.8,3,2,No,408.66,1,1,35,1,0,,0.167,6-12 Months,Mid Value,1,Active
CUST00531,Female,36,Single,Tier 1,Desktop,Credit Card,Fashion,2021-12-29,36,3.3,6383.97,119,759692.43,21067.1,505610.4,102,6.4,3,1,No,114.98,2,15,3,6,0,,0.126,24+ Months,High Value,1,Dormant
CUST00532,Female,29,Single,Tier 2,Mobile,Debit Card,Beauty,2024-04-01,9,3.8,3130.69,34,106443.46,11896.62,0.0,58,5.5,3,3,Yes,260.34,1,2,31,5,1,2024-11-07,0.059,6-12 Months,High Value,0,Slipping
CUST00533,Female,35,Single,Tier 2,Mobile,UPI,Sports,2022-06-30,30,1.9,1600.03,57,91201.71,3040.06,72961.44,14,4.0,3,0,No Complaint,181.73,6,6,8,6,0,,0.105,24+ Months,High Value,0,Active
CUST00534,Female,34,Married,Tier 3,Mobile,Credit Card,Electronics,2024-01-31,11,0.5,639.28,6,3835.68,319.64,0.0,92,4.4,2,1,Yes,0.55,3,0,4,4,1,2024-07-30,0.0,6-12 Months,Low Value,0,Dormant
CUST00535,Female,47,Married,Tier 3,Mobile,Wallet,Fashion,2024-07-01,6,6.8,690.2,41,28298.2,4693.36,0.0,120,4.1,3,1,Yes,23.42,1,3,14,5,1,2024-10-17,0.073,3-6 Months,High Value,0,Dormant
CUST00536,Female,41,Married,Tier 1,Mobile,Credit Card,Fashion,2024-04-01,9,4.7,2007.0,42,84294.0,9432.9,226389.6,132,6.9,5,5,Yes,268.37,1,0,6,4,0,,0.0,6-12 Months,High Value,0,Dormant
CUST00537,Female,28,Married,Tier 3,Desktop,Wallet,Beauty,2024-04-01,9,0.5,2062.16,4,8248.64,1031.08,24745.92,150,5.3,3,0,No Complaint,7.43,0,1,14,1,0,,0.25,6-12 Months,Mid Value,0,Dormant
CUST00538,Male,52,Married,Tier 3,Mobile,UPI,Grocery,2024-08-01,5,0.5,494.94,2,989.88,247.47,0.0,87,5.5,3,0,No Complaint,563.26,3,0,6,3,1,2024-11-14,0.0,3-6 Months,Low Value,0,At Risk
CUST00539,Male,40,Single,Tier 3,Mobile,COD,Beauty,2024-08-01,5,1.9,221.55,10,2215.5,420.94,0.0,70,4.6,3,0,No Complaint,404.11,3,0,4,5,1,2024-11-28,0.0,3-6 Months,Low Value,0,At Risk
CUST00540,Male,34,Single,Tier 1,Mobile,Debit Card,Beauty,2024-10-01,3,0.8,249.04,2,498.08,199.23,4781.52,123,4.5,5,0,No Complaint,81.0,1,0,7,1,0,,0.0,0-3 Months,Low Value,0,Dormant
CUST00541,Female,18,Married,Tier 2,Desktop,Credit Card,Home & Kitchen,2024-07-01,6,0.8,2040.32,5,10201.6,1632.26,39174.24,3,7.9,4,1,No,66.89,2,0,11,3,0,,0.0,3-6 Months,Mid Value,1,Active
CUST00542,Female,32,Married,Tier 1,Tablet,Wallet,Home & Kitchen,2023-07-01,18,0.5,2326.79,9,20941.11,1163.4,0.0,114,3.8,3,0,No Complaint,170.85,0,2,1,1,1,2023-08-25,0.222,12-24 Months,Mid Value,0,Dormant
CUST00543,Male,49,Married,Tier 3,Desktop,UPI,Beauty,2024-05-01,8,7.7,908.79,62,56344.98,6997.68,167944.32,73,4.9,4,0,No Complaint,170.32,1,10,4,3,0,,0.161,6-12 Months,High Value,0,At Risk
CUST00544,Female,26,Married,Tier 1,Tablet,Net Banking,Electronics,2022-12-30,24,4.4,1126.3,106,119387.8,4955.72,118937.28,82,8.2,4,4,Yes,16.78,5,6,1,4,0,,0.057,12-24 Months,High Value,0,At Risk
CUST00545,Female,32,Married,Tier 2,Desktop,Debit Card,Electronics,2021-12-29,36,0.5,3126.41,18,56275.38,1563.2,37516.8,54,6.9,5,4,Yes,43.66,2,0,24,3,0,,0.0,24+ Months,Mid Value,0,Slipping
CUST00546,Male,45,Married,Tier 1,Tablet,UPI,Grocery,2024-06-01,7,5.2,3677.05,36,132373.8,19120.66,458895.84,23,5.2,5,0,No Complaint,182.14,3,6,29,4,0,,0.167,6-12 Months,High Value,0,Active
CUST00547,Male,41,Single,Tier 1,Desktop,Net Banking,Grocery,2024-03-01,10,2.9,1444.86,29,41900.94,4190.09,0.0,72,1.8,2,2,Yes,290.39,1,1,19,7,1,2024-04-20,0.034,6-12 Months,High Value,0,At Risk
CUST00548,Female,52,Married,Tier 2,Mobile,Credit Card,Grocery,2024-10-01,3,1.0,884.31,3,2652.93,884.31,21223.44,56,8.4,4,3,Yes,38.38,6,0,6,2,0,,0.0,0-3 Months,Mid Value,0,Slipping
CUST00549,Male,39,Single,Tier 3,Mobile,COD,Fashion,2024-05-01,8,5.1,663.38,41,27198.58,3383.24,81197.76,172,4.1,4,0,No Complaint,217.88,3,10,11,3,0,,0.244,6-12 Months,High Value,0,Dormant
CUST00550,Female,44,Single,Tier 2,Mobile,Credit Card,Grocery,2022-12-30,24,2.3,737.27,55,40549.85,1695.72,0.0,169,4.7,5,0,No Complaint,367.9,3,5,20,2,1,2023-03-02,0.091,12-24 Months,Mid Value,0,Dormant
CUST00551,Male,36,Single,Tier 3,Mobile,Net Banking,Electronics,2024-08-31,4,4.7,522.06,19,9919.14,2453.68,58888.32,116,6.4,2,0,No Complaint,22.56,4,3,16,5,0,,0.158,3-6 Months,Mid Value,0,Dormant
CUST00552,Female,62,Married,Tier 1,Mobile,Debit Card,Grocery,2024-10-01,3,1.6,1416.87,5,7084.35,2266.99,0.0,162,4.1,3,0,No Complaint,104.08,3,0,6,2,1,2024-11-21,0.0,0-3 Months,Mid Value,0,Dormant
CUST00553,Female,29,Married,Tier 2,Mobile,UPI,Fashion,2024-06-01,7,1.7,818.96,12,9827.52,1392.23,0.0,135,4.9,4,2,Yes,342.15,6,3,1,7,1,2024-12-04,0.25,6-12 Months,Mid Value,0,Dormant
CUST00554,Female,37,Married,Tier 2,Tablet,Debit Card,Electronics,2022-06-30,30,0.9,505.86,27,13658.22,455.27,0.0,62,4.6,3,0,No Complaint,83.35,3,1,19,4,1,2023-06-12,0.037,24+ Months,Low Value,0,At Risk
CUST00555,Female,18,Married,Tier 1,Mobile,UPI,Fashion,2023-07-01,18,1.2,1979.2,22,43542.4,2375.04,57000.96,109,3.8,4,1,Yes,56.51,1,1,14,3,0,,0.045,12-24 Months,Mid Value,0,Dormant
CUST00556,Male,38,Single,Tier 2,Desktop,Credit Card,Home & Kitchen,2021-12-29,36,2.1,1322.2,76,100487.2,2776.62,0.0,40,5.1,3,1,No,246.4,3,5,4,3,1,2022-08-09,0.066,24+ Months,High Value,1,Slipping
CUST00557,Male,62,Married,Tier 2,Desktop,UPI,Electronics,2021-12-29,36,7.3,1075.33,263,282811.79,7849.91,188397.84,124,3.4,5,0,No Complaint,92.18,3,45,5,2,0,,0.171,24+ Months,High Value,0,Dormant
CUST00558,Male,18,Married,Tier 2,Tablet,UPI,Fashion,2024-10-01,3,2.3,802.33,7,5616.31,1845.36,0.0,9,2.5,5,0,No Complaint,220.54,2,2,36,2,1,2024-11-01,0.286,0-3 Months,Mid Value,0,Active
CUST00559,Female,27,Married,Tier 2,Tablet,UPI,Fashion,2024-12-01,1,0.5,1236.45,1,1236.45,618.22,14837.28,149,5.5,4,0,No Complaint,24.32,2,0,7,8,0,,0.0,0-3 Months,Low Value,0,Dormant
CUST00560,Female,64,Single,Tier 2,Desktop,Debit Card,Grocery,2024-05-01,8,0.5,703.57,4,2814.28,351.78,0.0,105,6.8,3,2,Yes,145.14,3,2,1,3,1,2024-06-19,0.5,6-12 Months,Low Value,0,Dormant
CUST00561,Female,49,Married,Tier 1,Mobile,Credit Card,Fashion,2024-01-31,11,4.8,6237.78,53,330602.34,29941.34,718592.16,11,3.2,5,2,Yes,85.89,1,1,1,7,0,,0.019,6-12 Months,High Value,0,Active
CUST00562,Male,56,Single,Tier 1,Mobile,Credit Card,Sports,2024-01-31,11,1.1,4437.37,12,53248.44,4881.11,0.0,157,3.6,2,0,No Complaint,1064.95,2,1,1,2,1,2024-05-07,0.083,6-12 Months,High Value,0,Dormant
CUST00563,Male,39,Married,Tier 2,Mobile,UPI,Grocery,2024-10-01,3,0.9,506.69,3,1520.07,456.02,0.0,158,4.5,2,0,No Complaint,161.1,2,0,7,5,1,2024-12-08,0.0,0-3 Months,Low Value,0,Dormant
CUST00564,Male,35,Married,Tier 1,Desktop,Debit Card,Electronics,2024-10-31,2,4.0,748.6,8,5988.8,2994.4,71865.6,153,4.5,5,2,No,206.32,1,0,1,3,0,,0.0,0-3 Months,High Value,1,Dormant
CUST00565,Male,63,Married,Tier 1,Desktop,COD,Grocery,2024-12-01,1,7.3,478.63,7,3350.41,3494.0,0.0,139,1.0,4,0,No Complaint,25.28,3,2,14,3,1,2024-12-15,0.286,0-3 Months,High Value,0,Dormant
CUST00566,Female,49,Single,Tier 2,Desktop,Credit Card,Fashion,2022-06-30,30,3.4,241.54,102,24637.08,821.24,0.0,122,3.7,2,1,Yes,868.41,0,20,3,2,1,2022-11-20,0.196,24+ Months,Low Value,0,Dormant
CUST00567,Male,44,Single,Tier 2,Mobile,Net Banking,Home & Kitchen,2021-12-29,36,0.5,2965.41,18,53377.38,1482.7,35584.8,72,7.7,5,1,Yes,9.5,1,3,3,2,0,,0.167,24+ Months,Mid Value,0,At Risk
CUST00568,Male,45,Single,Tier 1,Mobile,Debit Card,Electronics,2024-10-31,2,1.2,808.49,2,1616.98,970.19,23284.56,25,7.0,5,1,Yes,13.22,2,0,11,4,0,,0.0,0-3 Months,Mid Value,0,Active
CUST00569,Female,35,Married,Tier 2,Mobile,COD,Sports,2024-08-31,4,3.6,417.4,14,5843.6,1502.64,0.0,52,7.6,5,0,No Complaint,14.18,1,2,1,2,1,2024-10-24,0.143,3-6 Months,Mid Value,0,Slipping
CUST00570,Male,56,Married,Tier 2,Mobile,UPI,Grocery,2024-10-31,2,5.9,266.92,12,3203.04,1574.83,0.0,63,5.6,3,4,Yes,368.07,7,3,6,3,1,2024-11-11,0.25,0-3 Months,Mid Value,0,At Risk
CUST00571,Male,46,Married,Tier 1,Mobile,UPI,Home & Kitchen,2022-06-30,30,15.0,1049.42,450,472239.0,15741.3,377791.2,65,3.5,3,0,No Complaint,234.74,5,57,4,3,0,,0.127,24+ Months,High Value,0,At Risk
CUST00572,Female,35,Married,Tier 3,Mobile,Net Banking,Fashion,2021-12-29,36,1.8,1153.8,65,74997.0,2076.84,49844.16,102,5.0,3,0,No Complaint,650.5,1,7,1,6,0,,0.108,24+ Months,Mid Value,0,Dormant
CUST00573,Male,61,Single,Tier 2,Desktop,COD,Electronics,2024-08-01,5,4.3,1197.57,22,26346.54,5149.55,123589.2,38,5.6,4,0,No Complaint,12.4,2,4,3,3,0,,0.182,3-6 Months,High Value,0,Slipping
CUST00574,Female,25,Single,Tier 2,Mobile,UPI,Beauty,2024-07-01,6,0.5,1899.16,3,5697.48,949.58,0.0,34,3.9,5,5,Yes,211.79,3,1,8,1,1,2024-09-10,0.333,3-6 Months,Mid Value,0,Slipping
CUST00575,Female,48,Single,Tier 2,Mobile,Credit Card,Grocery,2024-06-01,7,0.8,1681.46,6,10088.76,1345.17,32284.08,129,1.4,5,0,No Complaint,137.16,5,0,9,5,0,,0.0,6-12 Months,Mid Value,0,Dormant
CUST00576,Female,51,Married,Tier 1,Tablet,Debit Card,Fashion,2024-01-31,11,1.2,364.61,13,4739.93,437.53,10500.72,2,6.1,5,3,No,183.47,4,1,1,7,0,,0.077,6-12 Months,Low Value,1,Active
CUST00577,Male,24,Married,Tier 2,Mobile,Debit Card,Electronics,2022-12-30,24,9.3,419.07,223,93452.61,3897.35,93536.4,27,3.7,2,0,No Complaint,129.48,6,31,22,5,0,,0.139,12-24 Months,High Value,0,Active
CUST00578,Female,53,Married,Tier 2,Mobile,Net Banking,Fashion,2024-01-31,11,0.5,1776.26,6,10657.56,888.13,21315.12,78,5.6,4,0,No Complaint,202.5,3,0,2,6,0,,0.0,6-12 Months,Mid Value,0,At Risk
CUST00579,Male,35,Single,Tier 3,Mobile,UPI,Grocery,2021-12-29,36,0.9,582.63,32,18644.16,524.37,12584.88,27,1.7,5,2,No,427.64,0,3,9,5,0,,0.094,24+ Months,Low Value,1,Active
CUST00580,Male,55,Single,Tier 3,Mobile,Credit Card,Electronics,2024-10-31,2,6.7,321.66,13,4181.58,2155.12,0.0,172,3.3,3,2,Yes,159.38,2,0,3,3,1,2024-11-29,0.0,0-3 Months,Mid Value,0,Dormant
CUST00581,Male,26,Single,Tier 2,Mobile,UPI,Electronics,2022-06-30,30,0.9,343.25,27,9267.75,308.92,0.0,120,5.2,3,2,Yes,408.13,4,6,10,3,1,2023-03-12,0.222,24+ Months,Low Value,0,Dormant
CUST00582,Female,26,Married,Tier 1,Mobile,Credit Card,Fashion,2024-07-01,6,0.6,1729.95,4,6919.8,1037.97,24911.28,78,5.6,4,0,No Complaint,274.32,4,1,13,6,0,,0.25,3-6 Months,Mid Value,0,At Risk
CUST00583,Male,63,Married,Tier 1,Mobile,UPI,Electronics,2024-06-01,7,3.3,1708.84,23,39303.32,5639.17,135340.08,21,5.8,2,3,No,360.35,0,0,1,7,0,,0.0,6-12 Months,High Value,1,Active
CUST00584,Male,25,Single,Tier 1,Mobile,Net Banking,Fashion,2022-12-30,24,3.4,982.14,82,80535.48,3339.28,80142.72,69,4.4,5,0,No Complaint,193.79,6,21,13,10,0,,0.256,12-24 Months,High Value,0,At Risk
CUST00585,Female,52,Single,Tier 2,Mobile,Debit Card,Sports,2021-12-29,36,1.6,464.08,58,26916.64,742.53,0.0,117,4.8,2,0,No Complaint,131.59,3,2,1,5,1,2022-06-01,0.034,24+ Months,Low Value,0,Dormant
CUST00586,Male,35,Married,Tier 1,Desktop,COD,Fashion,2022-12-30,24,7.3,859.14,175,150349.5,6271.72,150521.28,174,5.2,4,0,No Complaint,12.98,7,37,6,1,0,,0.211,12-24 Months,High Value,0,Dormant
CUST00587,Male,22,Married,Tier 2,Mobile,UPI,Home & Kitchen,2022-12-30,24,0.6,802.89,14,11240.46,481.73,11561.52,85,5.1,5,0,No Complaint,324.22,2,1,3,1,0,,0.071,12-24 Months,Low Value,0,At Risk
CUST00588,Male,31,Single,Tier 1,Desktop,UPI,Electronics,2022-12-30,24,6.1,659.64,146,96307.44,4023.8,96571.2,124,5.5,5,1,Yes,49.88,4,16,3,4,0,,0.11,12-24 Months,High Value,0,Dormant
CUST00589,Male,45,Married,Tier 3,Mobile,UPI,Electronics,2024-07-01,6,3.5,1449.15,21,30432.15,5072.03,121728.72,35,2.4,4,1,Yes,6.72,5,5,1,5,0,,0.238,3-6 Months,High Value,0,Slipping
CUST00590,Male,47,Single,Tier 1,Mobile,Credit Card,Fashion,2022-12-30,24,1.1,641.62,26,16682.12,705.78,0.0,112,7.9,5,5,Yes,131.77,7,11,9,8,1,2024-03-27,0.423,12-24 Months,Low Value,0,Dormant
CUST00591,Male,21,Married,Tier 3,Desktop,COD,Grocery,2022-06-30,30,4.1,1310.48,123,161189.04,5372.97,128951.28,43,4.2,5,1,Yes,180.19,2,15,3,6,0,,0.122,24+ Months,High Value,0,Slipping
CUST00592,Female,56,Single,Tier 3,Mobile,Credit Card,Beauty,2024-01-31,11,0.5,1134.2,6,6805.2,567.1,13610.4,36,4.3,5,0,No Complaint,195.16,4,0,6,5,0,,0.0,6-12 Months,Low Value,0,Slipping
CUST00593,Male,37,Single,Tier 2,Mobile,UPI,Electronics,2024-01-31,11,0.5,327.33,6,1963.98,163.66,3927.84,92,4.0,4,2,Yes,199.4,2,0,1,1,0,,0.0,6-12 Months,Low Value,0,Dormant
CUST00594,Male,42,Single,Tier 2,Desktop,UPI,Fashion,2022-12-30,24,6.6,3624.02,158,572595.16,23918.53,574044.72,38,4.9,4,0,No Complaint,190.89,4,3,7,5,0,,0.019,12-24 Months,High Value,0,Slipping
CUST00595,Female,45,Single,Tier 2,Mobile,UPI,Home & Kitchen,2022-06-30,30,0.5,1344.59,15,20168.85,672.3,0.0,130,1.9,4,1,Yes,297.23,2,1,9,6,1,2024-10-04,0.067,24+ Months,Low Value,0,Dormant
CUST00596,Male,29,Married,Tier 2,Desktop,COD,Sports,2024-07-01,6,0.5,294.46,3,883.38,147.23,3533.52,168,3.6,4,0,No Complaint,264.04,2,1,1,1,0,,0.333,3-6 Months,Low Value,0,Dormant
CUST00597,Female,19,Married,Tier 1,Desktop,Credit Card,Electronics,2022-06-30,30,1.2,328.38,36,11821.68,394.06,9457.44,71,1.1,5,0,No Complaint,301.64,4,3,6,3,0,,0.083,24+ Months,Low Value,0,At Risk
CUST00598,Male,60,Married,Tier 1,Mobile,COD,Grocery,2022-06-30,30,0.5,2721.43,15,40821.45,1360.72,0.0,58,3.7,4,1,Yes,111.0,2,2,10,4,1,2024-11-28,0.133,24+ Months,Mid Value,0,Slipping
CUST00599,Male,31,Married,Tier 2,Mobile,Debit Card,Electronics,2024-08-31,4,5.0,1018.24,20,20364.8,5091.2,0.0,32,4.8,5,1,Yes,11.68,4,1,1,5,1,2024-12-18,0.05,3-6 Months,High Value,0,Slipping
CUST00600,Male,39,Single,Tier 2,Mobile,UPI,Electronics,2022-12-30,24,6.4,1329.47,154,204738.38,8508.61,204206.64,70,5.5,2,0,No Complaint,183.69,3,12,1,7,0,,0.078,12-24 Months,High Value,0,At Risk
CUST00601,Male,48,Single,Tier 2,Tablet,UPI,Fashion,2024-10-01,3,1.6,1177.95,5,5889.75,1884.72,0.0,101,4.4,4,2,No,42.48,3,0,2,2,1,2024-12-10,0.0,0-3 Months,Mid Value,1,Dormant
CUST00602,Male,40,Married,Tier 1,Desktop,COD,Electronics,2024-10-31,2,1.4,1922.06,3,5766.18,2690.88,0.0,67,5.0,3,3,Yes,353.29,2,1,3,8,1,2024-11-06,0.333,0-3 Months,High Value,0,At Risk
CUST00603,Male,37,Married,Tier 2,Desktop,COD,Beauty,2023-12-31,12,1.9,1982.83,23,45605.09,3767.38,0.0,112,1.5,4,0,No Complaint,230.21,3,0,4,3,1,2024-01-25,0.0,6-12 Months,High Value,0,Dormant
CUST00604,Male,55,Single,Tier 1,Mobile,Credit Card,Fashion,2021-12-29,36,0.6,485.76,22,10686.72,291.46,6995.04,119,4.8,4,2,Yes,261.34,6,0,1,2,0,,0.0,24+ Months,Low Value,0,Dormant
CUST00605,Male,21,Single,Tier 1,Desktop,UPI,Grocery,2024-12-01,1,0.9,1276.95,1,1276.95,1149.26,27582.24,18,6.8,5,0,No Complaint,60.74,1,0,31,7,0,,0.0,0-3 Months,Mid Value,0,Active
CUST00606,Male,32,Married,Tier 1,Mobile,UPI,Home & Kitchen,2022-06-30,30,0.5,335.8,15,5037.0,167.9,0.0,125,5.3,1,1,No,180.46,3,3,9,1,1,2024-04-27,0.2,24+ Months,Low Value,1,Dormant
CUST00607,Male,41,Single,Tier 1,Mobile,UPI,Fashion,2024-01-31,11,1.5,419.25,16,6708.0,628.88,0.0,162,3.2,2,2,Yes,135.17,2,1,1,3,1,2024-11-02,0.062,6-12 Months,Low Value,0,Dormant
CUST00608,Male,42,Married,Tier 1,Tablet,UPI,Fashion,2022-06-30,30,2.4,726.06,72,52276.32,1742.54,41820.96,5,4.8,5,0,No Complaint,56.27,2,6,13,5,0,,0.083,24+ Months,Mid Value,0,Active
CUST00609,Male,18,Married,Tier 3,Mobile,UPI,Beauty,2022-06-30,30,6.7,273.05,201,54883.05,1829.44,0.0,99,7.0,5,0,No Complaint,301.05,1,26,3,6,1,2024-11-02,0.129,24+ Months,Mid Value,0,Dormant
CUST00610,Female,24,Single,Tier 1,Tablet,Credit Card,Fashion,2022-06-30,30,3.4,520.95,102,53136.9,1771.23,0.0,109,5.5,1,1,Yes,143.71,3,2,4,3,1,2022-07-15,0.02,24+ Months,Mid Value,0,Dormant
CUST00611,Male,48,Single,Tier 2,Mobile,UPI,Fashion,2022-12-30,24,3.2,196.24,77,15110.48,627.97,0.0,128,5.6,3,2,Yes,38.11,4,1,1,3,1,2023-04-04,0.013,12-24 Months,Low Value,0,Dormant
CUST00612,Female,29,Married,Tier 1,Desktop,UPI,Electronics,2022-06-30,30,0.9,885.34,27,23904.18,796.81,0.0,70,3.1,1,0,No Complaint,65.56,3,6,4,5,1,2024-08-09,0.222,24+ Months,Low Value,0,At Risk
CUST00613,Female,59,Single,Tier 3,Mobile,Net Banking,Electronics,2024-10-01,3,5.5,2835.07,16,45361.12,15592.88,0.0,147,3.8,4,0,No Complaint,46.37,6,4,1,5,1,2024-10-31,0.25,0-3 Months,High Value,0,Dormant
CUST00614,Male,22,Single,Tier 2,Mobile,Debit Card,Home & Kitchen,2024-07-01,6,7.3,918.21,44,40401.24,6702.93,160870.32,97,4.4,4,2,Yes,67.42,2,4,9,6,0,,0.091,3-6 Months,High Value,0,Dormant
CUST00615,Female,61,Married,Tier 1,Mobile,Wallet,Grocery,2024-08-01,5,6.7,920.04,34,31281.36,6164.27,0.0,74,7.8,4,0,No Complaint,37.52,2,2,3,5,1,2024-09-12,0.059,3-6 Months,High Value,0,At Risk
CUST00616,Female,59,Married,Tier 2,Mobile,Credit Card,Electronics,2022-12-30,24,0.5,698.16,12,8377.92,349.08,8377.92,129,2.9,4,0,No Complaint,83.49,1,2,3,5,0,,0.167,12-24 Months,Low Value,0,Dormant
CUST00617,Male,55,Single,Tier 2,Mobile,Debit Card,Grocery,2024-10-01,3,2.3,1778.94,7,12452.58,4091.56,0.0,167,5.0,4,0,No Complaint,213.14,2,0,8,5,1,2024-11-22,0.0,0-3 Months,High Value,0,Dormant
CUST00618,Male,29,Married,Tier 2,Desktop,UPI,Sports,2024-10-01,3,2.6,865.87,8,6926.96,2251.26,0.0,146,5.7,3,0,No Complaint,576.27,4,0,9,4,1,2024-12-02,0.0,0-3 Months,Mid Value,0,Dormant
CUST00619,Female,56,Married,Tier 1,Mobile,Debit Card,Fashion,2022-06-30,30,0.9,415.91,27,11229.57,374.32,8983.68,167,5.8,4,1,Yes,42.55,1,4,8,7,0,,0.148,24+ Months,Low Value,0,Dormant
CUST00620,Female,35,Single,Tier 3,Mobile,UPI,Fashion,2022-12-30,24,12.2,1011.07,293,296243.51,12335.05,296041.2,48,4.1,4,1,Yes,64.16,1,41,12,2,0,,0.14,12-24 Months,High Value,0,Slipping
CUST00621,Male,19,Single,Tier 2,Mobile,UPI,Sports,2022-06-30,30,0.9,2661.7,27,71865.9,2395.53,57492.72,22,3.9,5,0,No Complaint,0.39,2,1,8,1,0,,0.037,24+ Months,Mid Value,0,Active
CUST00622,Male,27,Married,Tier 1,Mobile,Wallet,Sports,2024-10-01,3,0.6,330.57,2,661.14,198.34,0.0,96,8.0,5,0,No Complaint,45.95,2,0,23,6,1,2024-12-01,0.0,0-3 Months,Low Value,0,Dormant
CUST00623,Male,32,Single,Tier 2,Desktop,Debit Card,Fashion,2024-05-01,8,1.7,464.66,14,6505.24,789.92,18958.08,8,4.0,4,0,No Complaint,97.57,5,0,7,7,0,,0.0,6-12 Months,Low Value,0,Active
CUST00624,Male,47,Married,Tier 2,Desktop,Net Banking,Fashion,2024-08-01,5,1.0,834.55,5,4172.75,834.55,0.0,121,3.7,1,1,Yes,111.49,0,1,17,4,1,2024-09-24,0.2,3-6 Months,Low Value,0,Dormant
CUST00625,Female,61,Married,Tier 3,Mobile,Credit Card,Electronics,2024-12-01,1,6.4,702.5,6,4215.0,4496.0,0.0,43,6.2,1,3,No,55.75,4,1,26,3,1,2024-12-28,0.167,0-3 Months,High Value,1,Slipping
CUST00626,Male,34,Married,Tier 2,Mobile,Credit Card,Fashion,2024-08-01,5,1.4,1204.7,7,8432.9,1686.58,40477.92,82,4.7,4,2,No,29.32,4,0,1,3,0,,0.0,3-6 Months,Mid Value,1,At Risk
CUST00627,Male,21,Married,Tier 2,Desktop,Credit Card,Grocery,2024-06-01,7,1.3,451.2,9,4060.8,586.56,0.0,118,2.2,1,0,No Complaint,149.04,7,0,9,5,1,2024-09-11,0.0,6-12 Months,Low Value,0,Dormant
CUST00628,Female,24,Married,Tier 1,Mobile,COD,Fashion,2024-10-31,2,2.5,619.67,5,3098.35,1549.18,37180.32,87,6.3,3,0,No Complaint,94.73,5,1,9,5,0,,0.2,0-3 Months,Mid Value,0,At Risk
CUST00629,Male,58,Single,Tier 3,Mobile,Debit Card,Fashion,2023-12-31,12,0.5,931.42,6,5588.52,465.71,11177.04,43,3.8,2,0,No Complaint,100.01,2,1,16,1,0,,0.167,6-12 Months,Low Value,0,Slipping
CUST00630,Male,48,Single,Tier 2,Mobile,Net Banking,Electronics,2024-05-01,8,3.5,954.04,28,26713.12,3339.14,0.0,158,3.8,5,2,Yes,405.65,0,7,3,2,1,2024-12-18,0.25,6-12 Months,High Value,0,Dormant
CUST00631,Female,56,Married,Tier 1,Mobile,UPI,Sports,2024-12-01,1,3.7,5554.49,4,22217.96,20551.61,0.0,137,9.3,3,0,No Complaint,148.37,1,1,4,2,1,2024-12-02,0.25,0-3 Months,High Value,0,Dormant
CUST00632,Female,51,Married,Tier 1,Mobile,COD,Electronics,2022-12-30,24,1.6,1553.56,38,59035.28,2485.7,0.0,108,4.1,1,3,Yes,88.48,4,18,1,2,1,2023-06-16,0.474,12-24 Months,Mid Value,0,Dormant
CUST00633,Male,23,Married,Tier 1,Mobile,Credit Card,Electronics,2022-12-30,24,7.8,305.39,187,57107.93,2382.04,57168.96,126,4.6,5,0,No Complaint,52.69,1,9,12,7,0,,0.048,12-24 Months,Mid Value,0,Dormant
CUST00634,Male,55,Single,Tier 3,Mobile,UPI,Sports,2022-06-30,30,2.2,441.08,66,29111.28,970.38,23289.12,75,6.1,4,0,No Complaint,100.74,4,6,2,5,0,,0.091,24+ Months,Mid Value,0,At Risk
CUST00635,Male,62,Married,Tier 1,Mobile,Credit Card,Grocery,2024-03-01,10,3.0,346.15,30,10384.5,1038.45,0.0,68,2.8,1,3,No,356.32,1,3,21,3,1,2024-09-11,0.1,6-12 Months,Mid Value,1,At Risk
CUST00636,Male,51,Single,Tier 2,Mobile,Credit Card,Electronics,2021-12-29,36,6.5,2778.82,234,650243.88,18062.33,433495.92,29,5.5,5,0,No Complaint,603.95,1,9,9,3,0,,0.038,24+ Months,High Value,0,Active
CUST00637,Male,61,Single,Tier 1,Mobile,UPI,Electronics,2021-12-29,36,2.7,424.78,97,41203.66,1146.91,27525.84,144,6.2,2,0,No Complaint,85.24,4,12,3,1,0,,0.124,24+ Months,Mid Value,0,Dormant
CUST00638,Male,32,Single,Tier 2,Mobile,UPI,Fashion,2023-12-31,12,1.4,1354.45,17,23025.65,1896.23,0.0,69,6.9,5,0,No Complaint,42.2,0,0,14,1,1,2024-01-01,0.0,6-12 Months,Mid Value,0,At Risk
CUST00639,Male,31,Single,Tier 2,Mobile,Credit Card,Grocery,2024-04-01,9,0.5,1262.67,4,5050.68,631.34,0.0,124,5.7,4,0,No Complaint,442.7,6,1,14,7,1,2024-10-17,0.25,6-12 Months,Low Value,0,Dormant
CUST00640,Male,23,Married,Tier 3,Desktop,Credit Card,Electronics,2024-12-01,1,3.3,321.82,3,965.46,1062.01,0.0,54,2.5,2,1,Yes,28.08,1,1,1,4,1,2024-12-09,0.333,0-3 Months,Mid Value,0,Slipping
CUST00641,Male,54,Single,Tier 2,Mobile,UPI,Fashion,2022-12-30,24,8.4,669.67,202,135273.34,5625.23,0.0,143,5.3,4,4,No,63.53,1,45,6,2,1,2024-04-08,0.223,12-24 Months,High Value,1,Dormant
CUST00642,Male,49,Single,Tier 3,Desktop,UPI,Fashion,2023-12-31,12,1.6,746.14,19,14176.66,1193.82,28651.68,19,2.1,4,1,Yes,41.1,3,2,1,6,0,,0.105,6-12 Months,Mid Value,0,Active
CUST00643,Male,20,Single,Tier 2,Mobile,UPI,Electronics,2021-12-29,36,1.0,296.88,36,10687.68,296.88,0.0,112,6.7,4,0,No Complaint,150.18,0,14,3,5,1,2023-08-05,0.389,24+ Months,Low Value,0,Dormant
CUST00644,Male,20,Married,Tier 1,Desktop,Wallet,Grocery,2023-07-01,18,1.8,3132.23,32,100231.36,5638.01,135312.24,145,6.4,5,1,Yes,94.56,3,0,9,5,0,,0.0,12-24 Months,High Value,0,Dormant
CUST00645,Male,39,Married,Tier 1,Mobile,Wallet,Fashion,2021-12-29,36,3.3,1011.57,119,120376.83,3338.18,80116.32,119,4.9,3,0,No Complaint,60.93,4,4,3,5,0,,0.034,24+ Months,High Value,0,Dormant
CUST00646,Female,39,Married,Tier 2,Mobile,Credit Card,Fashion,2022-06-30,30,0.5,2738.58,15,41078.7,1369.29,0.0,125,4.8,3,1,Yes,262.93,1,4,1,4,1,2023-09-06,0.267,24+ Months,Mid Value,0,Dormant
CUST00647,Female,27,Single,Tier 3,Desktop,Wallet,Sports,2021-12-29,36,5.5,4211.79,198,833934.42,23164.84,555956.16,95,4.5,5,0,No Complaint,196.38,4,31,7,7,0,,0.157,24+ Months,High Value,0,Dormant
CUST00648,Female,20,Married,Tier 3,Mobile,Debit Card,Grocery,2024-07-01,6,5.4,1003.98,32,32127.36,5421.49,130115.76,101,4.5,4,0,No Complaint,973.12,5,0,26,4,0,,0.0,3-6 Months,High Value,0,Dormant
CUST00649,Female,29,Single,Tier 1,Desktop,UPI,Fashion,2024-10-01,3,1.9,1166.21,6,6997.26,2215.8,53179.2,12,6.2,4,2,Yes,67.31,6,1,4,1,0,,0.167,0-3 Months,Mid Value,0,Active
CUST00650,Male,46,Single,Tier 1,Mobile,UPI,Beauty,2022-06-30,30,0.5,517.26,15,7758.9,258.63,6207.12,45,3.9,3,0,No Complaint,335.91,3,0,20,4,0,,0.0,24+ Months,Low Value,0,Slipping
CUST00651,Male,34,Married,Tier 1,Tablet,Net Banking,Fashion,2022-06-30,30,2.8,2283.61,84,191823.24,6394.11,153458.64,130,8.4,3,1,Yes,64.85,2,23,19,6,0,,0.274,24+ Months,High Value,0,Dormant
CUST00652,Male,24,Married,Tier 3,Desktop,Debit Card,Beauty,2024-08-31,4,0.5,868.29,2,1736.58,434.14,0.0,170,4.8,4,2,Yes,1.63,6,0,9,1,1,2024-11-28,0.0,3-6 Months,Low Value,0,Dormant
CUST00653,Female,30,Single,Tier 3,Tablet,COD,Beauty,2022-12-30,24,1.8,667.57,43,28705.51,1201.63,0.0,97,6.7,3,0,No Complaint,29.44,5,4,1,3,1,2024-07-21,0.093,12-24 Months,Mid Value,0,Dormant
CUST00654,Female,19,Single,Tier 3,Mobile,Net Banking,Grocery,2023-07-01,18,0.5,524.6,9,4721.4,262.3,0.0,130,1.5,3,0,No Complaint,127.84,3,5,8,3,1,2024-11-10,0.556,12-24 Months,Low Value,0,Dormant
CUST00655,Male,21,Single,Tier 2,Mobile,Credit Card,Beauty,2024-10-31,2,2.2,945.09,4,3780.36,2079.2,0.0,123,3.5,4,1,Yes,298.94,8,1,7,0,1,2024-11-09,0.25,0-3 Months,Mid Value,0,Dormant
CUST00656,Male,27,Single,Tier 2,Desktop,UPI,Fashion,2024-01-31,11,1.0,1387.23,11,15259.53,1387.23,0.0,179,6.1,2,2,No,10.64,5,1,7,6,1,2024-05-07,0.091,6-12 Months,Mid Value,1,Dormant
CUST00657,Male,56,Married,Tier 2,Desktop,UPI,Beauty,2021-12-29,36,4.4,1035.41,158,163594.78,4555.8,109339.2,143,5.1,4,0,No Complaint,321.1,6,20,3,5,0,,0.127,24+ Months,High Value,0,Dormant
CUST00658,Male,41,Single,Tier 1,Tablet,UPI,Fashion,2024-01-31,11,4.0,1241.08,44,54607.52,4964.32,119143.68,113,4.6,4,0,No Complaint,226.63,3,9,11,2,0,,0.205,6-12 Months,High Value,0,Dormant
CUST00659,Female,34,Married,Tier 2,Mobile,UPI,Electronics,2022-06-30,30,15.0,772.04,450,347418.0,11580.6,277934.4,21,6.4,2,2,Yes,6.32,3,50,17,3,0,,0.111,24+ Months,High Value,0,Active
CUST00660,Female,23,Married,Tier 1,Desktop,Credit Card,Sports,2024-12-01,1,0.7,1278.42,1,1278.42,894.89,21477.36,65,8.3,4,0,No Complaint,20.23,5,0,9,3,0,,0.0,0-3 Months,Mid Value,0,At Risk
CUST00661,Male,36,Married,Tier 1,Mobile,UPI,Grocery,2022-12-30,24,0.5,1251.23,12,15014.76,625.62,15014.88,45,2.4,3,1,Yes,14.16,5,3,1,4,0,,0.25,12-24 Months,Low Value,0,Slipping
CUST00662,Female,22,Married,Tier 3,Mobile,UPI,Sports,2021-12-29,36,1.5,2101.45,54,113478.3,3152.18,75652.32,153,6.3,5,0,No Complaint,204.53,0,10,12,3,0,,0.185,24+ Months,High Value,0,Dormant
CUST00663,Female,49,Married,Tier 3,Mobile,Credit Card,Fashion,2024-03-01,10,0.5,1578.74,5,7893.7,789.37,18944.88,80,3.7,5,0,No Complaint,148.2,3,0,1,3,0,,0.0,6-12 Months,Low Value,0,At Risk
CUST00664,Male,27,Married,Tier 2,Mobile,Credit Card,Electronics,2024-07-01,6,0.5,1000.48,3,3001.44,500.24,0.0,96,6.0,4,1,Yes,80.01,2,1,13,3,1,2024-09-14,0.333,3-6 Months,Low Value,0,Dormant
CUST00665,Male,26,Single,Tier 2,Tablet,Credit Card,Fashion,2023-07-01,18,2.3,1200.3,41,49212.3,2760.69,0.0,173,3.7,3,0,No Complaint,16.64,2,10,7,7,1,2024-02-08,0.244,12-24 Months,High Value,0,Dormant
CUST00666,Male,44,Married,Tier 2,Mobile,Credit Card,Grocery,2021-12-29,36,2.2,401.04,79,31682.16,882.29,21174.96,150,5.5,5,0,No Complaint,89.86,2,2,3,7,0,,0.025,24+ Months,Mid Value,0,Dormant
CUST00667,Male,30,Single,Tier 2,Mobile,Debit Card,Fashion,2024-10-01,3,0.5,2196.26,2,4392.52,1098.13,0.0,142,5.6,5,0,No Complaint,206.32,3,0,7,2,1,2024-10-08,0.0,0-3 Months,Mid Value,0,Dormant
CUST00668,Male,36,Single,Tier 3,Mobile,Wallet,Fashion,2024-05-01,8,1.5,753.94,12,9047.28,1130.91,27141.84,26,3.2,4,0,No Complaint,17.65,4,2,14,2,0,,0.167,6-12 Months,Mid Value,0,Active
CUST00669,Male,38,Single,Tier 3,Mobile,UPI,Fashion,2024-10-01,3,1.9,822.79,6,4936.74,1563.3,37519.2,5,3.6,4,0,No Complaint,349.56,3,2,6,4,0,,0.333,0-3 Months,Mid Value,0,Active
CUST00670,Male,41,Married,Tier 2,Mobile,UPI,Beauty,2024-03-01,10,0.8,642.34,8,5138.72,513.87,12332.88,23,4.2,1,0,No Complaint,11.7,5,0,5,2,0,,0.0,6-12 Months,Low Value,0,Active
CUST00671,Male,55,Married,Tier 1,Mobile,Net Banking,Fashion,2023-12-31,12,5.1,482.66,61,29442.26,2461.57,59077.68,133,1.6,1,0,No Complaint,168.66,4,4,2,7,0,,0.066,6-12 Months,Mid Value,0,Dormant
CUST00672,Female,21,Single,Tier 1,Mobile,Credit Card,Home & Kitchen,2021-12-29,36,0.5,506.6,18,9118.8,253.3,6079.2,74,5.3,4,4,Yes,37.74,5,3,4,4,0,,0.167,24+ Months,Low Value,0,At Risk
CUST00673,Male,41,Married,Tier 2,Desktop,COD,Fashion,2024-05-01,8,0.7,422.29,6,2533.74,295.6,0.0,22,7.2,4,2,Yes,17.3,4,1,6,10,1,2024-09-26,0.167,6-12 Months,Low Value,0,Active
CUST00674,Male,52,Married,Tier 1,Tablet,UPI,Fashion,2023-12-31,12,0.5,759.3,6,4555.8,379.65,9111.6,133,2.2,3,4,Yes,78.92,3,0,1,4,0,,0.0,6-12 Months,Low Value,0,Dormant
CUST00675,Male,20,Single,Tier 3,Mobile,COD,Electronics,2021-12-29,36,0.5,1608.97,18,28961.46,804.48,0.0,35,5.7,2,0,No Complaint,197.89,3,5,10,7,1,2022-05-02,0.278,24+ Months,Low Value,0,Slipping
CUST00676,Female,21,Single,Tier 1,Mobile,Net Banking,Sports,2024-07-01,6,5.3,883.71,32,28278.72,4683.66,112407.84,106,5.1,4,1,No,23.23,3,1,18,4,0,,0.031,3-6 Months,High Value,1,Dormant
CUST00677,Male,54,Single,Tier 1,Mobile,Debit Card,Fashion,2023-07-01,18,0.8,1428.53,14,19999.42,1142.82,0.0,133,3.3,3,0,No Complaint,116.22,7,2,12,2,1,2024-05-17,0.143,12-24 Months,Mid Value,0,Dormant
CUST00678,Male,57,Married,Tier 2,Desktop,UPI,Fashion,2022-12-30,24,3.2,1257.45,77,96823.65,4023.84,96572.16,109,8.2,4,0,No Complaint,93.79,4,18,5,5,0,,0.234,12-24 Months,High Value,0,Dormant
CUST00679,Female,52,Single,Tier 3,Mobile,Net Banking,Beauty,2024-07-01,6,1.4,655.94,8,5247.52,918.32,0.0,178,6.6,4,0,No Complaint,100.38,4,1,1,3,1,2024-07-15,0.125,3-6 Months,Mid Value,0,Dormant
CUST00680,Female,48,Single,Tier 1,Mobile,COD,Electronics,2024-10-01,3,2.5,2136.07,8,17088.56,5340.18,128164.32,78,6.7,4,1,Yes,516.97,2,0,5,9,0,,0.0,0-3 Months,High Value,0,At Risk
CUST00681,Female,61,Married,Tier 2,Mobile,COD,Beauty,2024-01-31,11,6.6,1807.09,73,131917.57,11926.79,286242.96,56,4.6,2,0,No Complaint,77.27,4,20,1,2,0,,0.274,6-12 Months,High Value,0,Slipping
CUST00682,Male,42,Married,Tier 2,Tablet,UPI,Fashion,2024-06-01,7,4.7,1595.37,33,52647.21,7498.24,179957.76,37,1.8,4,0,No Complaint,860.93,2,2,11,6,0,,0.061,6-12 Months,High Value,0,Slipping
CUST00683,Male,57,Married,Tier 1,Mobile,COD,Electronics,2024-08-01,5,0.5,1201.22,2,2402.44,600.61,0.0,91,4.8,3,0,No Complaint,139.15,3,0,1,5,1,2024-08-13,0.0,3-6 Months,Low Value,0,Dormant
CUST00684,Female,30,Single,Tier 2,Mobile,UPI,Fashion,2021-12-29,36,4.7,707.8,169,119618.2,3326.66,0.0,153,4.3,5,0,No Complaint,332.68,2,16,1,4,1,2024-08-31,0.095,24+ Months,High Value,0,Dormant
CUST00685,Female,21,Married,Tier 2,Tablet,UPI,Electronics,2024-01-31,11,1.5,706.69,16,11307.04,1060.04,25440.96,170,6.3,2,0,No Complaint,77.23,4,0,6,4,0,,0.0,6-12 Months,Mid Value,0,Dormant
CUST00686,Female,63,Single,Tier 2,Desktop,Debit Card,Beauty,2022-06-30,30,1.1,879.26,33,29015.58,967.19,23212.56,174,3.4,3,0,No Complaint,15.95,1,6,2,3,0,,0.182,24+ Months,Mid Value,0,Dormant
CUST00687,Female,31,Single,Tier 3,Desktop,UPI,Beauty,2024-08-31,4,2.8,2355.59,11,25911.49,6595.65,158295.6,96,6.9,3,1,Yes,15.87,4,1,2,5,0,,0.091,3-6 Months,High Value,0,Dormant
CUST00688,Male,30,Married,Tier 1,Mobile,Debit Card,Grocery,2021-12-29,36,7.5,1963.35,270,530104.5,14725.12,353402.88,109,3.4,4,1,Yes,153.66,6,26,26,2,0,,0.096,24+ Months,High Value,0,Dormant
CUST00689,Female,44,Married,Tier 1,Tablet,Debit Card,Home & Kitchen,2022-06-30,30,0.5,327.07,15,4906.05,163.54,3924.96,105,5.8,4,0,No Complaint,478.45,6,2,3,4,0,,0.133,24+ Months,Low Value,0,Dormant
CUST00690,Male,23,Single,Tier 3,Desktop,UPI,Fashion,2022-06-30,30,3.7,1076.81,111,119525.91,3984.2,0.0,84,3.2,3,0,No Complaint,13.3,6,10,20,2,1,2023-11-26,0.09,24+ Months,High Value,0,At Risk
CUST00691,Male,34,Married,Tier 2,Desktop,Debit Card,Fashion,2024-05-01,8,0.6,157.43,5,787.15,94.46,0.0,28,4.4,4,0,No Complaint,210.3,3,0,2,5,1,2024-12-22,0.0,6-12 Months,Low Value,0,Active
CUST00692,Male,53,Married,Tier 2,Desktop,Net Banking,Grocery,2024-03-01,10,1.2,659.22,12,7910.64,791.06,18985.44,12,2.1,3,0,No Complaint,149.11,3,1,18,3,0,,0.083,6-12 Months,Low Value,0,Active
CUST00693,Male,57,Married,Tier 3,Desktop,UPI,Grocery,2023-07-01,18,5.2,558.92,94,52538.48,2906.38,0.0,79,4.6,4,2,Yes,190.13,4,2,2,6,1,2024-12-25,0.021,12-24 Months,High Value,0,At Risk
CUST00694,Male,52,Married,Tier 1,Mobile,Debit Card,Fashion,2022-06-30,30,2.0,1325.1,60,79506.0,2650.2,63604.8,34,2.7,2,0,No Complaint,43.7,2,9,2,5,0,,0.15,24+ Months,High Value,0,Slipping
CUST00695,Male,34,Married,Tier 2,Mobile,Credit Card,Grocery,2022-06-30,30,0.5,419.2,15,6288.0,209.6,0.0,159,5.5,5,2,Yes,13.16,3,3,3,4,1,2022-12-08,0.2,24+ Months,Low Value,0,Dormant
CUST00696,Female,58,Married,Tier 1,Desktop,Credit Card,Electronics,2024-10-31,2,1.8,308.02,4,1232.08,554.44,13306.56,137,5.8,5,0,No Complaint,13.98,1,0,4,4,0,,0.0,0-3 Months,Low Value,0,Dormant
CUST00697,Male,19,Married,Tier 1,Mobile,UPI,Beauty,2021-12-29,36,3.9,633.21,140,88649.4,2469.52,59268.48,111,4.5,5,1,Yes,51.0,3,37,2,7,0,,0.264,24+ Months,Mid Value,0,Dormant
CUST00698,Female,30,Married,Tier 1,Mobile,Credit Card,Beauty,2021-12-29,36,1.9,892.94,68,60719.92,1696.59,40718.16,9,3.3,5,3,Yes,43.26,3,10,8,6,0,,0.147,24+ Months,Mid Value,0,Active
CUST00699,Male,19,Married,Tier 3,Mobile,UPI,Grocery,2023-07-01,18,0.5,265.81,9,2392.29,132.9,3189.6,112,5.2,3,3,Yes,24.32,1,0,5,2,0,,0.0,12-24 Months,Low Value,0,Dormant
CUST00700,Male,45,Single,Tier 1,Desktop,Wallet,Fashion,2024-10-01,3,1.5,1991.15,4,7964.6,2986.73,0.0,112,6.2,3,0,No Complaint,55.34,3,1,6,2,1,2024-10-08,0.25,0-3 Months,High Value,0,Dormant
CUST00701,Male,60,Single,Tier 2,Mobile,Debit Card,Grocery,2022-06-30,30,6.5,779.83,195,152066.85,5068.9,0.0,79,4.2,2,0,No Complaint,137.43,1,9,9,6,1,2023-12-02,0.046,24+ Months,High Value,0,At Risk
CUST00702,Male,43,Single,Tier 3,Desktop,Credit Card,Beauty,2023-12-31,12,2.7,913.88,32,29244.16,2467.48,59219.52,118,3.7,2,1,No,537.49,4,1,5,5,0,,0.031,6-12 Months,Mid Value,1,Dormant
CUST00703,Male,39,Married,Tier 2,Mobile,Credit Card,Fashion,2022-06-30,30,3.3,1942.7,99,192327.3,6410.91,153861.84,154,2.2,1,0,No Complaint,459.81,4,6,1,5,0,,0.061,24+ Months,High Value,0,Dormant
CUST00704,Male,64,Single,Tier 2,Mobile,Debit Card,Electronics,2022-06-30,30,3.9,537.54,117,62892.18,2096.41,50313.84,136,4.9,4,2,Yes,57.07,2,26,3,5,0,,0.222,24+ Months,Mid Value,0,Dormant
CUST00705,Male,60,Single,Tier 2,Mobile,Credit Card,Sports,2024-10-31,2,0.5,2532.35,1,2532.35,1266.18,0.0,85,6.4,4,1,No,12.33,5,0,6,6,1,2024-11-05,0.0,0-3 Months,Mid Value,1,At Risk
CUST00706,Female,20,Single,Tier 1,Mobile,Credit Card,Electronics,2023-07-01,18,2.2,901.34,40,36053.6,1982.95,47590.8,47,7.1,5,2,Yes,978.09,2,2,2,5,0,,0.05,12-24 Months,Mid Value,0,Slipping
CUST00707,Male,52,Single,Tier 2,Mobile,Credit Card,Fashion,2024-03-01,10,1.2,1563.03,12,18756.36,1875.64,45015.36,86,4.9,4,0,No Complaint,116.47,4,6,5,3,0,,0.5,6-12 Months,Mid Value,0,At Risk
CUST00708,Female,29,Married,Tier 2,Mobile,UPI,Fashion,2021-12-29,36,0.5,1225.1,18,22051.8,612.55,0.0,170,2.0,4,1,Yes,689.49,4,3,1,2,1,2023-01-13,0.167,24+ Months,Low Value,0,Dormant
CUST00709,Male,41,Single,Tier 3,Mobile,UPI,Grocery,2024-07-01,6,0.6,1452.29,4,5809.16,871.37,0.0,147,3.7,3,0,No Complaint,138.85,4,1,3,5,1,2024-07-18,0.25,3-6 Months,Low Value,0,Dormant
CUST00710,Female,22,Single,Tier 3,Tablet,Debit Card,Sports,2024-08-31,4,3.8,946.92,15,14203.8,3598.3,86359.2,5,6.6,5,1,Yes,391.45,3,3,15,1,0,,0.2,3-6 Months,High Value,0,Active
CUST00711,Female,37,Married,Tier 3,Mobile,COD,Grocery,2021-12-29,36,0.5,646.98,18,11645.64,323.49,0.0,141,6.0,5,1,Yes,106.7,3,4,1,6,1,2022-05-17,0.222,24+ Months,Low Value,0,Dormant
CUST00712,Female,56,Married,Tier 3,Desktop,UPI,Electronics,2024-10-01,3,0.9,3488.18,3,10464.54,3139.36,75344.64,31,2.6,3,1,No,175.13,0,1,1,3,0,,0.333,0-3 Months,High Value,1,Slipping
CUST00713,Male,56,Single,Tier 2,Mobile,UPI,Grocery,2022-12-30,24,0.8,885.28,19,16820.32,708.22,0.0,103,8.1,2,2,Yes,138.12,3,4,4,3,1,2024-11-20,0.211,12-24 Months,Low Value,0,Dormant
CUST00714,Male,30,Single,Tier 2,Mobile,UPI,Grocery,2024-07-01,6,0.5,416.39,3,1249.17,208.2,0.0,145,2.6,2,2,Yes,44.69,3,0,20,5,1,2024-08-30,0.0,3-6 Months,Low Value,0,Dormant
CUST00715,Male,58,Married,Tier 3,Mobile,Wallet,Grocery,2023-12-31,12,1.6,2510.33,19,47696.27,4016.53,96396.72,101,3.8,4,1,Yes,259.75,3,0,8,1,0,,0.0,6-12 Months,High Value,0,Dormant
CUST00716,Female,62,Single,Tier 2,Desktop,COD,Fashion,2023-07-01,18,3.6,722.31,65,46950.15,2600.32,62407.68,73,5.4,3,0,No Complaint,10.15,2,15,9,3,0,,0.231,12-24 Months,High Value,0,At Risk
CUST00717,Female,29,Married,Tier 3,Desktop,Debit Card,Grocery,2024-05-01,8,0.5,268.74,4,1074.96,134.37,3224.88,58,4.4,4,0,No Complaint,81.01,1,0,7,5,0,,0.0,6-12 Months,Low Value,0,Slipping
CUST00718,Female,30,Single,Tier 2,Desktop,Net Banking,Electronics,2021-12-29,36,0.5,504.23,18,9076.14,252.12,6050.88,55,3.9,4,0,No Complaint,367.11,1,3,12,3,0,,0.167,24+ Months,Low Value,0,Slipping
CUST00719,Male,27,Single,Tier 2,Mobile,Credit Card,Fashion,2024-10-01,3,3.2,228.0,10,2280.0,729.6,0.0,150,4.5,4,0,No Complaint,125.74,2,1,4,7,1,2024-11-21,0.1,0-3 Months,Low Value,0,Dormant
CUST00720,Female,50,Single,Tier 2,Desktop,Wallet,Grocery,2024-05-01,8,2.3,520.73,18,9373.14,1197.68,28744.32,148,6.3,5,1,No,14.55,3,4,11,1,0,,0.222,6-12 Months,Mid Value,1,Dormant
CUST00721,Female,57,Single,Tier 3,Mobile,UPI,Sports,2024-04-01,9,3.1,3073.82,28,86066.96,9528.84,228692.16,148,8.0,4,1,Yes,41.87,0,6,22,1,0,,0.214,6-12 Months,High Value,0,Dormant
CUST00722,Male,33,Married,Tier 1,Mobile,UPI,Electronics,2023-07-01,18,0.7,1238.02,13,16094.26,866.61,20798.64,51,5.0,4,5,No,20.9,3,1,3,7,0,,0.077,12-24 Months,Low Value,1,Slipping
CUST00723,Male,62,Married,Tier 2,Mobile,Debit Card,Sports,2024-05-01,8,4.1,894.87,33,29530.71,3668.97,0.0,144,3.4,1,0,No Complaint,58.54,5,13,4,3,1,2024-05-31,0.394,6-12 Months,High Value,0,Dormant
CUST00724,Female,52,Married,Tier 2,Mobile,Credit Card,Fashion,2024-10-31,2,1.6,599.32,3,1797.96,958.91,0.0,7,4.7,4,5,Yes,32.53,1,0,2,4,1,2024-12-30,0.0,0-3 Months,Mid Value,0,Active
CUST00725,Female,20,Married,Tier 1,Mobile,Debit Card,Beauty,2021-12-29,36,2.4,815.13,86,70101.18,1956.31,46951.44,37,8.1,4,0,No Complaint,224.03,5,6,1,7,0,,0.07,24+ Months,Mid Value,0,Slipping
CUST00726,Female,22,Married,Tier 3,Desktop,UPI,Fashion,2024-05-01,8,0.5,1959.26,4,7837.04,979.63,23511.12,93,6.0,5,1,Yes,193.88,2,0,11,6,0,,0.0,6-12 Months,Mid Value,0,Dormant
CUST00727,Male,43,Married,Tier 2,Mobile,Debit Card,Fashion,2024-06-01,7,0.6,249.79,4,999.16,149.87,3596.88,73,6.9,4,5,Yes,26.12,1,1,7,2,0,,0.25,6-12 Months,Low Value,0,At Risk
CUST00728,Female,28,Married,Tier 2,Mobile,UPI,Grocery,2024-04-01,9,3.7,7027.59,33,231910.47,26002.08,624049.92,21,6.0,4,1,No,105.98,6,4,10,4,0,,0.121,6-12 Months,High Value,1,Active
CUST00729,Male,24,Single,Tier 1,Mobile,UPI,Grocery,2024-08-31,4,0.6,484.03,2,968.06,290.42,6970.08,8,6.2,4,0,No Complaint,63.14,2,0,1,3,0,,0.0,3-6 Months,Low Value,0,Active
CUST00730,Male,27,Single,Tier 2,Desktop,Net Banking,Beauty,2024-10-31,2,0.5,753.97,1,753.97,376.98,0.0,110,4.6,2,1,Yes,74.04,2,0,11,9,1,2024-12-26,0.0,0-3 Months,Low Value,0,Dormant
CUST00731,Male,59,Married,Tier 2,Mobile,Net Banking,Grocery,2024-10-01,3,2.3,802.83,7,5619.81,1846.51,0.0,57,7.1,3,2,Yes,154.44,1,0,3,5,1,2024-12-12,0.0,0-3 Months,Mid Value,0,Slipping
CUST00732,Female,51,Married,Tier 2,Mobile,Wallet,Grocery,2024-10-01,3,2.0,788.21,6,4729.26,1576.42,37834.08,3,1.0,2,4,Yes,412.12,5,0,8,5,0,,0.0,0-3 Months,Mid Value,0,Active
CUST00733,Female,20,Married,Tier 1,Desktop,COD,Home & Kitchen,2024-08-31,4,2.3,561.02,9,5049.18,1290.35,30968.4,78,5.5,1,0,No Complaint,409.71,3,1,15,10,0,,0.111,3-6 Months,Mid Value,0,At Risk
CUST00734,Male,25,Married,Tier 3,Mobile,Debit Card,Electronics,2024-05-01,8,2.4,1656.34,19,31470.46,3975.22,95405.28,55,5.4,3,2,No,95.9,3,0,8,2,0,,0.0,6-12 Months,High Value,1,Slipping
CUST00735,Male,48,Married,Tier 2,Mobile,Debit Card,Fashion,2023-07-01,18,1.7,1995.44,31,61858.64,3392.25,81414.0,104,2.9,4,4,Yes,89.92,5,2,2,5,0,,0.065,12-24 Months,High Value,0,Dormant
CUST00736,Female,28,Married,Tier 2,Mobile,UPI,Fashion,2023-07-01,18,1.7,1752.34,31,54322.54,2978.98,0.0,167,5.1,5,0,No Complaint,131.36,1,9,6,2,1,2024-03-09,0.29,12-24 Months,High Value,0,Dormant
CUST00737,Male,62,Married,Tier 2,Mobile,UPI,Electronics,2024-12-01,1,6.4,955.63,6,5733.78,6116.03,146784.72,56,5.6,5,1,Yes,115.68,1,0,2,3,0,,0.0,0-3 Months,High Value,0,Slipping
CUST00738,Female,24,Single,Tier 2,Desktop,UPI,Beauty,2021-12-29,36,1.9,594.35,68,40415.8,1129.27,0.0,179,1.4,3,5,Yes,11.48,3,32,6,3,1,2022-03-20,0.471,24+ Months,Mid Value,0,Dormant
CUST00739,Male,62,Married,Tier 2,Mobile,Net Banking,Fashion,2022-06-30,30,2.4,788.48,72,56770.56,1892.35,45416.4,16,5.2,1,0,No Complaint,155.61,5,4,1,5,0,,0.056,24+ Months,Mid Value,0,Active
CUST00740,Male,19,Married,Tier 2,Mobile,UPI,Fashion,2021-12-29,36,0.8,845.12,29,24508.48,676.1,16226.4,16,6.8,3,1,Yes,158.19,4,2,32,3,0,,0.069,24+ Months,Low Value,0,Active
CUST00741,Male,23,Married,Tier 2,Mobile,Net Banking,Fashion,2024-06-01,7,5.1,452.01,36,16272.36,2305.25,55326.0,128,7.5,3,1,Yes,107.72,0,2,8,9,0,,0.056,6-12 Months,Mid Value,0,Dormant
CUST00742,Male,58,Married,Tier 2,Mobile,Debit Card,Grocery,2023-07-01,18,0.5,1017.1,9,9153.9,508.55,12205.2,135,5.6,3,0,No Complaint,96.19,6,1,4,5,0,,0.111,12-24 Months,Low Value,0,Dormant
CUST00743,Female,49,Single,Tier 2,Desktop,COD,Fashion,2024-10-01,3,2.0,3164.24,6,18985.44,6328.48,151883.52,76,4.4,4,2,Yes,503.28,2,2,3,4,0,,0.333,0-3 Months,High Value,0,At Risk
CUST00744,Male,37,Single,Tier 1,Mobile,UPI,Fashion,2022-06-30,30,1.2,797.25,36,28701.0,956.7,22960.8,52,6.3,1,0,No Complaint,165.3,3,1,7,5,0,,0.028,24+ Months,Mid Value,0,Slipping
CUST00745,Male,51,Married,Tier 2,Mobile,UPI,Grocery,2024-10-01,3,2.3,1274.03,7,8918.21,2930.27,0.0,143,3.0,3,1,Yes,304.98,3,2,9,8,1,2024-12-19,0.286,0-3 Months,High Value,0,Dormant
CUST00746,Female,33,Single,Tier 1,Desktop,Wallet,Beauty,2024-07-01,6,1.1,566.89,7,3968.23,623.58,14965.92,172,5.9,4,1,Yes,553.62,4,1,2,6,0,,0.143,3-6 Months,Low Value,0,Dormant
CUST00747,Male,42,Married,Tier 1,Desktop,UPI,Electronics,2024-03-01,10,3.2,1669.08,32,53410.56,5341.06,0.0,178,4.4,3,0,No Complaint,299.03,2,6,6,8,1,2024-04-11,0.188,6-12 Months,High Value,0,Dormant
CUST00748,Female,29,Single,Tier 3,Desktop,UPI,Grocery,2023-07-01,18,0.5,566.54,9,5098.86,283.27,6798.48,114,6.6,4,0,No Complaint,515.58,3,0,16,1,0,,0.0,12-24 Months,Low Value,0,Dormant
CUST00749,Female,24,Married,Tier 2,Mobile,UPI,Fashion,2023-12-31,12,1.3,672.33,16,10757.28,874.03,20976.72,133,3.7,2,1,Yes,256.35,3,1,13,6,0,,0.062,6-12 Months,Low Value,0,Dormant
CUST00750,Female,56,Single,Tier 2,Desktop,UPI,Home & Kitchen,2024-10-31,2,4.4,1289.74,9,11607.66,5674.86,136196.64,148,7.6,2,0,No Complaint,33.57,2,2,2,3,0,,0.222,0-3 Months,High Value,0,Dormant
CUST00751,Male,34,Married,Tier 2,Mobile,UPI,Electronics,2024-04-01,9,0.7,448.76,6,2692.56,314.13,0.0,143,6.7,3,0,No Complaint,46.33,5,0,4,6,1,2024-11-01,0.0,6-12 Months,Low Value,0,Dormant
CUST00752,Female,62,Married,Tier 3,Mobile,Debit Card,Sports,2021-12-29,36,0.5,1215.32,18,21875.76,607.66,14583.84,178,5.2,2,0,No Complaint,38.8,3,1,13,7,0,,0.056,24+ Months,Low Value,0,Dormant
CUST00753,Female,28,Married,Tier 2,Mobile,Credit Card,Sports,2022-06-30,30,1.7,1873.91,51,95569.41,3185.65,76455.6,146,5.0,3,2,No,69.98,7,4,3,1,0,,0.078,24+ Months,High Value,1,Dormant
CUST00754,Male,23,Married,Tier 3,Desktop,Debit Card,Beauty,2023-07-01,18,9.4,1006.31,169,170066.39,9459.31,0.0,119,7.6,2,0,No Complaint,78.93,6,55,12,4,1,2024-12-17,0.325,12-24 Months,High Value,0,Dormant
CUST00755,Male,40,Married,Tier 2,Mobile,UPI,Fashion,2023-12-31,12,0.5,1649.28,6,9895.68,824.64,0.0,68,8.4,3,0,No Complaint,300.05,4,1,10,3,1,2024-06-09,0.167,6-12 Months,Low Value,0,At Risk
CUST00756,Female,44,Single,Tier 3,Mobile,COD,Grocery,2024-10-31,2,0.5,363.52,1,363.52,181.76,0.0,108,3.9,4,2,No,80.57,2,0,2,4,1,2024-12-29,0.0,0-3 Months,Low Value,1,Dormant
CUST00757,Female,63,Single,Tier 3,Mobile,COD,Fashion,2024-08-31,4,2.3,1228.73,9,11058.57,2826.08,0.0,158,4.0,3,0,No Complaint,233.84,0,1,10,3,1,2024-10-03,0.111,3-6 Months,High Value,0,Dormant
CUST00758,Male,23,Single,Tier 3,Mobile,UPI,Home & Kitchen,2024-08-01,5,0.7,652.42,4,2609.68,456.69,0.0,55,6.9,1,1,No,421.47,2,1,15,3,1,2024-09-22,0.25,3-6 Months,Low Value,1,Slipping
CUST00759,Female,55,Married,Tier 1,Desktop,Credit Card,Beauty,2024-03-01,10,1.3,1175.82,13,15285.66,1528.57,36685.68,6,1.0,4,1,No,21.9,3,1,19,7,0,,0.077,6-12 Months,Mid Value,1,Active
CUST00760,Female,19,Single,Tier 1,Mobile,UPI,Sports,2022-12-30,24,4.4,2716.85,106,287986.1,11954.14,286899.36,59,1.0,4,0,No Complaint,0.05,2,23,2,1,0,,0.217,12-24 Months,High Value,0,Slipping
CUST00761,Male,39,Married,Tier 1,Mobile,COD,Grocery,2024-03-01,10,0.6,150.0,6,900.0,90.0,0.0,172,3.2,3,0,No Complaint,395.13,0,0,46,5,1,2024-08-08,0.0,6-12 Months,Low Value,0,Dormant
CUST00762,Male,37,Single,Tier 1,Desktop,COD,Grocery,2024-10-31,2,3.2,581.44,6,3488.64,1860.61,0.0,143,5.1,3,0,No Complaint,48.99,0,0,5,6,1,2024-11-15,0.0,0-3 Months,Mid Value,0,Dormant
CUST00763,Male,42,Married,Tier 3,Mobile,Net Banking,Grocery,2024-04-01,9,1.8,180.62,16,2889.92,325.12,7802.88,34,2.6,4,5,Yes,29.98,1,0,2,7,0,,0.0,6-12 Months,Low Value,0,Slipping
CUST00764,Female,32,Married,Tier 1,Desktop,UPI,Electronics,2024-10-01,3,5.9,379.28,18,6827.04,2237.75,0.0,3,2.3,2,2,Yes,62.97,0,4,10,5,1,2024-11-03,0.222,0-3 Months,Mid Value,0,Active
CUST00765,Male,46,Married,Tier 1,Desktop,Credit Card,Electronics,2022-12-30,24,9.0,643.75,216,139050.0,5793.75,0.0,120,3.7,4,0,No Complaint,37.05,3,18,10,7,1,2024-02-08,0.083,12-24 Months,High Value,0,Dormant
CUST00766,Female,25,Single,Tier 1,Tablet,UPI,Grocery,2024-10-01,3,1.7,1639.19,5,8195.95,2786.62,0.0,104,7.0,4,0,No Complaint,284.07,4,0,8,7,1,2024-10-17,0.0,0-3 Months,High Value,0,Dormant
CUST00767,Female,54,Single,Tier 1,Desktop,Credit Card,Home & Kitchen,2024-03-01,10,2.2,1580.46,22,34770.12,3477.01,83448.24,15,3.9,4,1,Yes,181.17,2,2,1,3,0,,0.091,6-12 Months,High Value,0,Active
CUST00768,Female,50,Single,Tier 1,Mobile,Debit Card,Grocery,2022-12-30,24,3.4,1548.78,82,126999.96,5265.85,0.0,173,6.6,3,0,No Complaint,32.96,4,16,1,3,1,2024-11-16,0.195,12-24 Months,High Value,0,Dormant
CUST00769,Male,39,Single,Tier 3,Mobile,UPI,Home & Kitchen,2024-08-31,4,1.0,1328.93,4,5315.72,1328.93,31894.32,111,4.8,5,0,No Complaint,157.68,2,1,11,3,0,,0.25,3-6 Months,Mid Value,0,Dormant
CUST00770,Female,64,Married,Tier 2,Mobile,COD,Home & Kitchen,2024-10-31,2,0.6,351.16,1,351.16,210.7,0.0,117,7.4,5,0,No Complaint,42.0,6,0,3,8,1,2024-12-11,0.0,0-3 Months,Low Value,0,Dormant
CUST00771,Male,22,Single,Tier 1,Mobile,Debit Card,Grocery,2023-12-31,12,8.4,1574.09,101,158983.09,13222.36,317336.64,153,4.2,3,2,Yes,39.62,7,7,1,4,0,,0.069,6-12 Months,High Value,0,Dormant
CUST00772,Female,56,Single,Tier 2,Mobile,COD,Electronics,2024-12-01,1,1.4,558.67,1,558.67,782.14,0.0,61,5.4,3,3,No,162.9,3,0,21,7,1,2024-12-10,0.0,0-3 Months,Low Value,1,At Risk
CUST00773,Male,35,Married,Tier 2,Mobile,UPI,Grocery,2023-07-01,18,0.5,1228.48,9,11056.32,614.24,14741.76,100,5.0,4,0,No Complaint,196.68,7,1,21,8,0,,0.111,12-24 Months,Low Value,0,Dormant
CUST00774,Male,55,Married,Tier 1,Desktop,Net Banking,Electronics,2022-12-30,24,4.5,472.19,108,50996.52,2124.86,50996.64,104,4.4,4,0,No Complaint,76.49,3,9,8,7,0,,0.083,12-24 Months,Mid Value,0,Dormant
CUST00775,Female,54,Single,Tier 2,Mobile,Wallet,Fashion,2024-07-01,6,2.3,791.3,14,11078.2,1819.99,43679.76,174,6.0,4,0,No Complaint,259.45,2,3,2,7,0,,0.214,3-6 Months,Mid Value,0,Dormant
CUST00776,Male,47,Single,Tier 2,Mobile,Net Banking,Electronics,2024-03-01,10,0.5,856.29,5,4281.45,428.14,10275.36,24,5.8,5,0,No Complaint,326.76,1,0,33,3,0,,0.0,6-12 Months,Low Value,0,Active
CUST00777,Male,48,Single,Tier 2,Mobile,COD,Sports,2021-12-29,36,0.5,1143.51,18,20583.18,571.76,13722.24,136,5.0,2,0,No Complaint,446.59,4,3,2,3,0,,0.167,24+ Months,Low Value,0,Dormant
CUST00778,Female,27,Married,Tier 2,Mobile,COD,Fashion,2024-03-01,10,0.9,498.93,9,4490.37,449.04,0.0,103,1.2,4,0,No Complaint,177.06,2,1,1,3,1,2024-10-21,0.111,6-12 Months,Low Value,0,Dormant
CUST00779,Female,32,Married,Tier 1,Tablet,Debit Card,Beauty,2021-12-29,36,6.6,1426.68,238,339549.84,9416.09,0.0,152,2.5,1,0,No Complaint,44.73,5,13,18,3,1,2023-10-07,0.055,24+ Months,High Value,0,Dormant
CUST00780,Female,59,Married,Tier 3,Mobile,UPI,Home & Kitchen,2024-10-01,3,6.8,358.1,20,7162.0,2435.08,0.0,149,2.9,1,0,No Complaint,248.43,3,5,2,2,1,2024-10-10,0.25,0-3 Months,Mid Value,0,Dormant
CUST00781,Female,61,Single,Tier 3,Mobile,Debit Card,Grocery,2022-12-30,24,0.9,2952.39,22,64952.58,2657.15,63771.6,3,5.0,1,0,No Complaint,20.54,3,1,8,6,0,,0.045,12-24 Months,High Value,0,Active
CUST00782,Female,35,Married,Tier 3,Mobile,COD,Grocery,2023-07-01,18,4.5,530.52,81,42972.12,2387.34,57296.16,46,4.5,4,1,Yes,35.99,6,34,2,2,0,,0.42,12-24 Months,Mid Value,0,Slipping
CUST00783,Male,40,Single,Tier 1,Mobile,Wallet,Beauty,2022-06-30,30,1.5,228.09,45,10264.05,342.14,8211.36,33,3.3,4,1,Yes,321.93,5,6,5,7,0,,0.133,24+ Months,Low Value,0,Slipping
CUST00784,Male,50,Married,Tier 3,Mobile,Debit Card,Electronics,2024-10-31,2,2.7,853.66,5,4268.3,2304.88,0.0,83,3.1,1,2,Yes,435.1,1,0,4,8,1,2024-10-31,0.0,0-3 Months,Mid Value,0,At Risk
CUST00785,Male,33,Married,Tier 3,Desktop,UPI,Fashion,2024-08-01,5,1.0,672.96,5,3364.8,672.96,16151.04,163,5.9,4,0,No Complaint,12.43,2,1,4,3,0,,0.2,3-6 Months,Low Value,0,Dormant
CUST00786,Female,55,Single,Tier 3,Mobile,Debit Card,Sports,2024-10-01,3,1.8,472.19,5,2360.95,849.94,20398.56,1,3.3,4,0,No Complaint,67.35,1,2,3,3,0,,0.4,0-3 Months,Low Value,0,Active
CUST00787,Female,52,Single,Tier 1,Mobile,Wallet,Electronics,2021-12-29,36,0.9,2303.09,32,73698.88,2072.78,49746.72,88,1.0,3,0,No Complaint,178.57,3,14,1,9,0,,0.438,24+ Months,Mid Value,0,At Risk
CUST00788,Male,51,Married,Tier 2,Mobile,UPI,Grocery,2024-04-01,9,0.5,1522.97,4,6091.88,761.48,0.0,159,4.9,1,2,Yes,502.4,3,0,2,4,1,2024-11-21,0.0,6-12 Months,Low Value,0,Dormant
CUST00789,Male,45,Single,Tier 3,Desktop,Credit Card,Grocery,2021-12-29,36,0.5,1240.72,18,22332.96,620.36,14888.64,166,3.6,2,0,No Complaint,152.22,2,1,41,0,0,,0.056,24+ Months,Low Value,0,Dormant
CUST00790,Female,19,Single,Tier 2,Desktop,Debit Card,Fashion,2024-07-01,6,0.9,460.0,5,2300.0,414.0,0.0,118,6.0,4,0,No Complaint,309.66,2,1,1,3,1,2024-12-07,0.2,3-6 Months,Low Value,0,Dormant
CUST00791,Male,47,Married,Tier 2,Mobile,UPI,Sports,2024-10-31,2,9.4,619.55,19,11771.45,5823.77,139770.48,149,3.2,4,0,No Complaint,460.94,6,0,1,6,0,,0.0,0-3 Months,High Value,0,Dormant
CUST00792,Female,30,Married,Tier 3,Mobile,UPI,Beauty,2024-07-01,6,8.4,585.38,50,29269.0,4917.19,118012.56,59,4.2,4,5,No,131.76,7,11,1,3,0,,0.22,3-6 Months,High Value,1,Slipping
CUST00793,Male,58,Married,Tier 2,Desktop,Credit Card,Fashion,2023-07-01,18,4.4,249.93,79,19744.47,1099.69,26392.56,52,5.1,2,4,No,242.78,2,8,6,6,0,,0.101,12-24 Months,Mid Value,1,Slipping
CUST00794,Female,33,Single,Tier 2,Desktop,Net Banking,Sports,2022-06-30,30,0.7,1085.71,21,22799.91,760.0,18240.0,9,1.0,5,1,No,195.47,3,4,1,4,0,,0.19,24+ Months,Low Value,1,Active
CUST00795,Male,22,Single,Tier 2,Desktop,UPI,Beauty,2024-05-01,8,1.5,1142.7,12,13712.4,1714.05,41137.2,91,3.5,3,0,No Complaint,200.3,5,3,6,3,0,,0.25,6-12 Months,Mid Value,0,Dormant
CUST00796,Female,45,Single,Tier 3,Desktop,Credit Card,Electronics,2021-12-29,36,1.4,977.99,50,48899.5,1369.19,32860.56,82,3.2,4,2,No,131.02,2,2,3,5,0,,0.04,24+ Months,Mid Value,1,At Risk
CUST00797,Female,56,Married,Tier 1,Mobile,COD,Grocery,2024-08-01,5,1.2,1052.84,6,6317.04,1263.41,30321.84,67,3.7,2,1,Yes,175.68,1,1,17,1,0,,0.167,3-6 Months,Mid Value,0,At Risk
CUST00798,Female,62,Single,Tier 2,Mobile,Wallet,Fashion,2022-12-30,24,0.5,406.28,12,4875.36,203.14,4875.36,21,3.7,4,2,Yes,145.49,4,2,4,5,0,,0.167,12-24 Months,Low Value,0,Active
CUST00799,Female,37,Married,Tier 2,Desktop,Wallet,Grocery,2022-12-30,24,1.9,480.05,46,22082.3,912.1,21890.4,42,4.6,4,3,Yes,182.77,5,1,14,5,0,,0.022,12-24 Months,Mid Value,0,Slipping
CUST00800,Female,41,Single,Tier 3,Desktop,Credit Card,Fashion,2024-08-01,5,0.5,719.46,2,1438.92,359.73,8633.52,37,4.9,4,0,No Complaint,126.65,5,0,10,3,0,,0.0,3-6 Months,Low Value,0,Slipping
CUST00801,Female,44,Single,Tier 2,Mobile,Wallet,Grocery,2024-12-01,1,4.0,2366.3,4,9465.2,9465.2,0.0,169,5.7,4,3,Yes,45.3,4,1,28,3,1,2024-12-19,0.25,0-3 Months,High Value,0,Dormant
CUST00802,Male,47,Single,Tier 3,Mobile,UPI,Grocery,2024-06-01,7,2.9,2025.94,20,40518.8,5875.23,0.0,173,5.5,3,3,Yes,212.93,1,1,5,4,1,2024-06-26,0.05,6-12 Months,High Value,0,Dormant
CUST00803,Female,62,Married,Tier 3,Tablet,COD,Home & Kitchen,2024-12-01,1,1.1,1289.35,1,1289.35,1418.28,0.0,1,6.7,3,1,Yes,87.22,3,0,25,2,1,2024-12-03,0.0,0-3 Months,Mid Value,0,Active
CUST00804,Female,44,Married,Tier 1,Mobile,Debit Card,Beauty,2021-12-29,36,2.6,3679.06,94,345831.64,9565.56,229573.44,31,6.3,5,1,Yes,24.6,3,9,8,4,0,,0.096,24+ Months,High Value,0,Slipping
CUST00805,Male,43,Married,Tier 2,Desktop,UPI,Fashion,2021-12-29,36,0.7,1282.85,25,32071.25,897.99,0.0,160,7.1,3,0,No Complaint,343.08,4,1,4,4,1,2023-03-10,0.04,24+ Months,Mid Value,0,Dormant
CUST00806,Female,24,Single,Tier 1,Mobile,Credit Card,Home & Kitchen,2022-12-30,24,0.8,1401.32,19,26625.08,1121.06,26905.44,7,6.8,2,1,Yes,36.02,1,3,5,3,0,,0.158,12-24 Months,Mid Value,0,Active
CUST00807,Female,59,Single,Tier 1,Mobile,UPI,Grocery,2022-12-30,24,0.9,2529.68,22,55652.96,2276.71,54641.04,169,3.7,3,1,Yes,140.05,1,1,10,2,0,,0.045,12-24 Months,Mid Value,0,Dormant
CUST00808,Female,64,Single,Tier 2,Mobile,Net Banking,Grocery,2024-08-01,5,4.0,1461.13,20,29222.6,5844.52,140268.48,69,4.0,3,0,No Complaint,229.85,2,3,17,3,0,,0.15,3-6 Months,High Value,0,At Risk
CUST00809,Male,55,Married,Tier 3,Mobile,Credit Card,Fashion,2024-10-31,2,0.6,2847.01,1,2847.01,1708.21,0.0,97,4.2,2,0,No Complaint,187.79,5,0,4,5,1,2024-12-02,0.0,0-3 Months,Mid Value,0,Dormant
CUST00810,Male,22,Single,Tier 3,Mobile,Debit Card,Home & Kitchen,2022-06-30,30,2.1,915.95,63,57704.85,1923.5,0.0,137,6.7,4,1,No,31.57,1,0,23,5,1,2023-03-28,0.0,24+ Months,Mid Value,1,Dormant
CUST00811,Female,40,Single,Tier 1,Mobile,UPI,Home & Kitchen,2023-12-31,12,0.6,573.51,7,4014.57,344.11,0.0,44,4.2,4,4,Yes,38.85,3,1,5,1,1,2024-03-07,0.143,6-12 Months,Low Value,0,Slipping
CUST00812,Female,45,Single,Tier 1,Desktop,UPI,Beauty,2022-12-30,24,0.8,839.85,19,15957.15,671.88,16125.12,19,6.0,3,0,No Complaint,29.01,8,1,12,3,0,,0.053,12-24 Months,Low Value,0,Active
CUST00813,Male,51,Married,Tier 2,Tablet,Wallet,Sports,2022-12-30,24,0.7,1060.4,17,18026.8,742.28,17814.72,145,1.2,5,0,No Complaint,13.56,4,1,19,7,0,,0.059,12-24 Months,Low Value,0,Dormant
CUST00814,Female,32,Single,Tier 2,Mobile,COD,Electronics,2024-05-01,8,2.6,476.59,21,10008.39,1239.13,0.0,177,1.0,4,2,Yes,59.95,3,0,2,3,1,2024-12-25,0.0,6-12 Months,Mid Value,0,Dormant
CUST00815,Female,49,Single,Tier 1,Mobile,Wallet,Home & Kitchen,2024-10-01,3,1.9,545.3,6,3271.8,1036.07,24865.68,118,7.0,4,0,No Complaint,133.67,2,1,2,3,0,,0.167,0-3 Months,Mid Value,0,Dormant
CUST00816,Male,43,Single,Tier 3,Mobile,UPI,Electronics,2022-06-30,30,3.2,667.79,96,64107.84,2136.93,0.0,148,5.5,4,5,No,34.18,2,5,9,3,1,2023-06-22,0.052,24+ Months,Mid Value,1,Dormant
CUST00817,Female,48,Single,Tier 3,Mobile,UPI,Fashion,2024-04-01,9,0.6,416.2,5,2081.0,249.72,0.0,169,6.8,4,1,Yes,636.41,2,1,8,4,1,2024-05-06,0.2,6-12 Months,Low Value,0,Dormant
CUST00818,Male,36,Married,Tier 2,Mobile,Credit Card,Grocery,2022-06-30,30,0.5,594.86,15,8922.9,297.43,0.0,41,1.9,1,3,Yes,216.01,3,0,14,3,1,2024-12-16,0.0,24+ Months,Low Value,0,Slipping
CUST00819,Male,26,Married,Tier 3,Mobile,Credit Card,Beauty,2024-04-01,9,2.9,1501.83,26,39047.58,4355.31,104527.44,63,5.0,4,2,Yes,157.63,6,0,6,4,0,,0.0,6-12 Months,High Value,0,At Risk
CUST00820,Male,46,Single,Tier 2,Mobile,UPI,Electronics,2024-08-31,4,0.5,1565.28,2,3130.56,782.64,18783.36,40,2.0,5,2,No,205.9,1,0,10,4,0,,0.0,3-6 Months,Low Value,1,Slipping
CUST00821,Female,56,Married,Tier 2,Mobile,COD,Fashion,2024-10-01,3,0.7,336.36,2,672.72,235.45,0.0,12,6.3,2,0,No Complaint,103.07,2,0,1,3,1,2024-11-01,0.0,0-3 Months,Low Value,0,Active
CUST00822,Male,21,Single,Tier 2,Mobile,Credit Card,Fashion,2022-12-30,24,0.9,1114.68,22,24522.96,1003.21,0.0,132,4.7,4,0,No Complaint,114.25,5,3,6,2,1,2024-01-12,0.136,12-24 Months,Mid Value,0,Dormant
CUST00823,Male,20,Single,Tier 1,Desktop,UPI,Electronics,2023-12-31,12,3.4,855.34,41,35068.94,2908.16,69795.84,27,4.4,4,0,No Complaint,395.14,1,3,1,3,0,,0.073,6-12 Months,High Value,0,Active
CUST00824,Male,46,Married,Tier 3,Mobile,Credit Card,Fashion,2024-05-01,8,2.5,1873.85,20,37477.0,4684.62,112430.88,17,6.2,3,3,Yes,230.38,3,0,9,5,0,,0.0,6-12 Months,High Value,0,Active
CUST00825,Male,28,Married,Tier 2,Desktop,Debit Card,Fashion,2024-03-01,10,0.5,743.63,5,3718.15,371.82,8923.68,65,4.5,5,1,Yes,159.69,4,0,28,6,0,,0.0,6-12 Months,Low Value,0,At Risk
CUST00826,Female,50,Married,Tier 2,Desktop,COD,Electronics,2023-12-31,12,2.3,377.03,28,10556.84,867.17,20812.08,11,4.4,1,0,No Complaint,540.0,3,2,2,3,0,,0.071,6-12 Months,Low Value,0,Active
CUST00827,Male,55,Single,Tier 2,Tablet,Credit Card,Sports,2024-08-31,4,3.1,638.66,12,7663.92,1979.85,47516.4,33,2.1,3,0,No Complaint,195.59,2,0,1,3,0,,0.0,3-6 Months,Mid Value,0,Slipping
CUST00828,Male,28,Married,Tier 1,Tablet,Debit Card,Beauty,2024-06-01,7,1.2,388.34,8,3106.72,466.01,11184.24,13,7.1,5,0,No Complaint,91.56,3,0,5,2,0,,0.0,6-12 Months,Low Value,0,Active
CUST00829,Female,44,Single,Tier 1,Mobile,UPI,Electronics,2024-07-01,6,0.7,185.21,4,740.84,129.65,0.0,158,4.9,4,2,Yes,8.75,4,0,5,4,1,2024-09-11,0.0,3-6 Months,Low Value,0,Dormant
CUST00830,Male,50,Married,Tier 2,Mobile,Net Banking,Sports,2024-05-01,8,2.8,864.96,22,19029.12,2421.89,58125.36,140,5.6,4,0,No Complaint,89.17,3,3,5,1,0,,0.136,6-12 Months,Mid Value,0,Dormant
CUST00831,Male,38,Single,Tier 2,Mobile,Net Banking,Grocery,2024-01-31,11,2.4,1291.35,26,33575.1,3099.24,74381.76,154,2.2,4,0,No Complaint,465.78,2,6,3,6,0,,0.231,6-12 Months,High Value,0,Dormant
CUST00832,Male,56,Married,Tier 1,Desktop,Debit Card,Electronics,2024-10-01,3,0.5,1023.45,2,2046.9,511.72,0.0,156,7.2,2,1,Yes,8.22,0,0,1,3,1,2024-10-21,0.0,0-3 Months,Low Value,0,Dormant
CUST00833,Male,48,Single,Tier 2,Desktop,UPI,Electronics,2024-05-01,8,2.7,365.23,22,8035.06,986.12,23666.88,170,5.0,3,0,No Complaint,36.73,4,2,20,4,0,,0.091,6-12 Months,Mid Value,0,Dormant
CUST00834,Male,55,Married,Tier 2,Desktop,Debit Card,Electronics,2024-05-01,8,1.7,348.35,14,4876.9,592.2,14212.8,34,7.7,5,0,No Complaint,297.75,0,0,3,5,0,,0.0,6-12 Months,Low Value,0,Slipping
CUST00835,Male,63,Married,Tier 2,Mobile,Debit Card,Fashion,2024-08-01,5,3.5,1045.87,18,18825.66,3660.54,0.0,162,6.4,3,0,No Complaint,81.73,2,1,4,5,1,2024-11-21,0.056,3-6 Months,High Value,0,Dormant
CUST00836,Male,19,Single,Tier 2,Desktop,Wallet,Electronics,2021-12-29,36,0.5,2947.68,18,53058.24,1473.84,35372.16,94,1.0,4,4,Yes,37.02,3,3,4,7,0,,0.167,24+ Months,Mid Value,0,Dormant
CUST00837,Female,44,Married,Tier 3,Mobile,Wallet,Grocery,2024-10-31,2,0.7,2222.61,1,2222.61,1555.83,0.0,30,6.0,3,0,No Complaint,304.38,4,0,1,5,1,2024-12-23,0.0,0-3 Months,Mid Value,0,Active
CUST00838,Male,53,Married,Tier 2,Mobile,Net Banking,Grocery,2023-07-01,18,2.0,731.03,36,26317.08,1462.06,35089.44,118,6.3,5,1,Yes,147.14,5,4,2,6,0,,0.111,12-24 Months,Mid Value,0,Dormant
CUST00839,Female,28,Single,Tier 2,Desktop,UPI,Beauty,2024-10-01,3,1.6,1041.15,5,5205.75,1665.84,39980.16,59,5.8,5,1,Yes,143.12,2,1,1,7,0,,0.2,0-3 Months,Mid Value,0,Slipping
CUST00840,Female,64,Single,Tier 1,Mobile,Wallet,Electronics,2022-06-30,30,1.2,1701.45,36,61252.2,2041.74,0.0,9,5.0,2,1,No,62.61,1,0,6,4,1,2024-01-07,0.0,24+ Months,Mid Value,1,Active
CUST00841,Male,35,Married,Tier 1,Tablet,Debit Card,Beauty,2021-12-29,36,3.4,811.82,122,99042.04,2760.19,66244.56,15,4.3,4,0,No Complaint,202.38,0,15,6,4,0,,0.123,24+ Months,High Value,0,Active
CUST00842,Female,18,Single,Tier 1,Mobile,COD,Grocery,2024-05-01,8,2.1,350.48,17,5958.16,736.01,17664.24,76,4.6,5,0,No Complaint,356.26,5,2,2,3,0,,0.118,6-12 Months,Low Value,0,At Risk
CUST00843,Male,52,Married,Tier 2,Desktop,Credit Card,Sports,2022-06-30,30,3.1,150.0,93,13950.0,465.0,0.0,148,7.1,5,0,No Complaint,249.68,1,30,4,4,1,2024-06-19,0.323,24+ Months,Low Value,0,Dormant
CUST00844,Female,52,Single,Tier 1,Mobile,UPI,Electronics,2024-08-01,5,0.5,1019.69,2,2039.38,509.84,0.0,56,7.3,3,0,No Complaint,170.61,3,0,9,1,1,2024-10-17,0.0,3-6 Months,Low Value,0,Slipping
CUST00845,Male,48,Single,Tier 1,Desktop,Credit Card,Home & Kitchen,2024-10-01,3,3.3,781.23,10,7812.3,2578.06,0.0,138,4.3,3,1,No,77.68,4,0,2,3,1,2024-12-18,0.0,0-3 Months,High Value,1,Dormant
CUST00846,Male,45,Married,Tier 3,Desktop,UPI,Home & Kitchen,2024-07-01,6,1.5,272.02,9,2448.18,408.03,9792.72,10,3.2,3,0,No Complaint,347.34,2,0,4,4,0,,0.0,3-6 Months,Low Value,0,Active
CUST00847,Male,56,Married,Tier 1,Desktop,Credit Card,Grocery,2024-06-01,7,0.5,330.66,4,1322.64,165.33,3967.92,71,6.9,4,0,No Complaint,150.29,0,1,10,3,0,,0.25,6-12 Months,Low Value,0,At Risk
CUST00848,Female,18,Single,Tier 1,Mobile,Net Banking,Grocery,2024-05-01,8,0.7,747.1,6,4482.6,522.97,12551.28,23,6.3,5,0,No Complaint,396.63,3,1,7,3,0,,0.167,6-12 Months,Low Value,0,Active
CUST00849,Male,42,Married,Tier 1,Tablet,UPI,Fashion,2024-06-01,7,0.5,612.47,4,2449.88,306.24,0.0,155,5.0,4,1,Yes,52.79,1,1,6,6,1,2024-12-24,0.25,6-12 Months,Low Value,0,Dormant
CUST00850,Female,60,Single,Tier 3,Mobile,UPI,Sports,2024-05-01,8,1.5,2446.82,12,29361.84,3670.23,0.0,174,2.9,2,3,Yes,191.19,3,2,16,5,1,2024-10-15,0.167,6-12 Months,High Value,0,Dormant
CUST00851,Male,55,Married,Tier 1,Mobile,UPI,Fashion,2022-12-30,24,1.0,2424.11,24,58178.64,2424.11,58178.64,59,1.6,1,0,No Complaint,492.53,2,5,1,2,0,,0.208,12-24 Months,Mid Value,0,Slipping
CUST00852,Female,37,Married,Tier 2,Mobile,Credit Card,Grocery,2024-08-01,5,10.9,495.26,54,26744.04,5398.33,0.0,178,5.9,5,0,No Complaint,84.34,4,1,6,6,1,2024-12-14,0.019,3-6 Months,High Value,0,Dormant
CUST00853,Male,20,Single,Tier 2,Desktop,Wallet,Electronics,2024-12-01,1,5.1,2573.85,5,12869.25,13126.63,315039.12,135,3.6,4,0,No Complaint,543.85,3,1,10,4,0,,0.2,0-3 Months,High Value,0,Dormant
CUST00854,Female,19,Single,Tier 2,Mobile,UPI,Electronics,2024-03-01,10,4.4,2784.69,44,122526.36,12252.64,294063.36,1,3.5,4,0,No Complaint,89.7,7,6,3,6,0,,0.136,6-12 Months,High Value,0,Active
CUST00855,Male,35,Single,Tier 2,Desktop,UPI,Grocery,2024-04-01,9,1.7,1102.19,15,16532.85,1873.72,44969.28,87,5.3,4,0,No Complaint,103.63,3,5,3,8,0,,0.333,6-12 Months,Mid Value,0,At Risk
CUST00856,Male,61,Single,Tier 3,Desktop,Net Banking,Home & Kitchen,2024-12-01,1,4.1,467.95,4,1871.8,1918.59,46046.16,150,3.6,5,0,No Complaint,295.6,3,0,6,5,0,,0.0,0-3 Months,Mid Value,0,Dormant
CUST00857,Male,27,Single,Tier 1,Mobile,Net Banking,Electronics,2024-10-01,3,0.8,975.92,2,1951.84,780.74,0.0,96,3.7,3,3,Yes,54.39,8,0,3,4,1,2024-10-02,0.0,0-3 Months,Low Value,0,Dormant
CUST00858,Male,22,Married,Tier 1,Tablet,UPI,Sports,2024-01-31,11,2.1,202.82,23,4664.86,425.92,0.0,99,3.3,3,1,No,220.27,2,4,4,4,1,2024-11-09,0.174,6-12 Months,Low Value,1,Dormant
CUST00859,Female,26,Single,Tier 1,Mobile,COD,Grocery,2024-08-31,4,1.2,594.98,5,2974.9,713.98,0.0,81,5.8,5,4,No,63.79,4,1,9,3,1,2024-10-08,0.2,3-6 Months,Low Value,1,At Risk
CUST00860,Male,19,Married,Tier 1,Desktop,Debit Card,Fashion,2022-06-30,30,0.5,1081.94,15,16229.1,540.97,12983.28,71,2.8,4,0,No Complaint,162.15,6,1,4,5,0,,0.067,24+ Months,Low Value,0,At Risk
CUST00861,Female,51,Married,Tier 1,Mobile,COD,Fashion,2024-10-01,3,0.5,1175.98,2,2351.96,587.99,0.0,5,1.8,1,3,Yes,269.27,6,0,1,3,1,2024-12-24,0.0,0-3 Months,Low Value,0,Active
CUST00862,Male,55,Married,Tier 1,Mobile,Credit Card,Beauty,2024-12-01,1,2.0,657.65,2,1315.3,1315.3,31567.2,112,2.8,2,2,Yes,4.77,6,0,1,3,0,,0.0,0-3 Months,Mid Value,0,Dormant
CUST00863,Male,48,Single,Tier 2,Mobile,Wallet,Fashion,2024-04-01,9,0.5,943.03,4,3772.12,471.52,0.0,138,7.1,3,3,Yes,16.67,2,1,6,5,1,2024-05-24,0.25,6-12 Months,Low Value,0,Dormant
CUST00864,Male,27,Single,Tier 2,Mobile,UPI,Electronics,2021-12-29,36,3.2,439.94,115,50593.1,1407.81,0.0,142,3.5,5,0,No Complaint,490.28,5,15,22,4,1,2022-09-30,0.13,24+ Months,Mid Value,0,Dormant
CUST00865,Male,29,Married,Tier 2,Mobile,UPI,Fashion,2023-07-01,18,6.4,2405.14,115,276591.1,15392.9,369429.6,112,5.4,3,1,Yes,304.54,6,6,3,2,0,,0.052,12-24 Months,High Value,0,Dormant
CUST00866,Female,53,Single,Tier 2,Mobile,Credit Card,Electronics,2024-06-01,7,0.5,2473.83,4,9895.32,1236.92,0.0,62,3.9,5,1,Yes,377.22,5,0,1,5,1,2024-08-07,0.0,6-12 Months,Mid Value,0,At Risk
CUST00867,Male,38,Married,Tier 1,Mobile,Credit Card,Beauty,2024-12-01,1,1.6,1476.37,2,2952.74,2362.19,56692.56,5,4.1,1,1,Yes,104.03,3,0,13,7,0,,0.0,0-3 Months,Mid Value,0,Active
CUST00868,Male,64,Single,Tier 1,Mobile,Net Banking,Electronics,2024-03-01,10,3.4,744.42,34,25310.28,2531.03,0.0,161,7.0,2,1,Yes,226.8,3,19,12,4,1,2024-04-29,0.559,6-12 Months,Mid Value,0,Dormant
CUST00869,Female,23,Married,Tier 2,Mobile,Debit Card,Fashion,2024-08-31,4,0.8,504.46,3,1513.38,403.57,9685.68,77,4.7,5,2,Yes,1145.28,5,0,16,6,0,,0.0,3-6 Months,Low Value,0,At Risk
CUST00870,Female,20,Married,Tier 1,Desktop,UPI,Fashion,2023-07-01,18,6.3,1623.06,113,183405.78,10225.28,0.0,108,7.5,5,4,No,101.98,3,6,5,7,1,2023-10-18,0.053,12-24 Months,High Value,1,Dormant
CUST00871,Male,27,Married,Tier 1,Mobile,Credit Card,Electronics,2023-07-01,18,5.5,1021.68,99,101146.32,5619.24,134861.76,35,8.0,2,2,Yes,337.66,1,8,1,4,0,,0.081,12-24 Months,High Value,0,Slipping
CUST00872,Male,22,Single,Tier 2,Desktop,Credit Card,Fashion,2024-08-01,5,0.5,445.26,2,890.52,222.63,0.0,26,7.4,3,3,Yes,14.87,3,0,1,1,1,2024-12-20,0.0,3-6 Months,Low Value,0,Active
CUST00873,Female,63,Single,Tier 3,Mobile,Wallet,Grocery,2024-12-01,1,0.5,1883.55,1,1883.55,941.78,22602.72,16,3.6,4,1,Yes,141.29,1,0,26,5,0,,0.0,0-3 Months,Mid Value,0,Active
CUST00874,Male,43,Married,Tier 2,Desktop,Debit Card,Grocery,2022-12-30,24,9.4,656.38,226,148341.88,6169.97,0.0,143,4.8,1,1,Yes,72.96,2,7,16,1,1,2023-06-07,0.031,12-24 Months,High Value,0,Dormant
CUST00875,Male,38,Single,Tier 1,Desktop,Debit Card,Fashion,2023-07-01,18,7.8,490.48,140,68667.2,3825.74,91817.76,116,7.2,5,0,No Complaint,133.28,2,13,7,3,0,,0.093,12-24 Months,High Value,0,Dormant
CUST00876,Male,62,Single,Tier 3,Mobile,COD,Electronics,2022-06-30,30,1.4,1741.77,42,73154.34,2438.48,0.0,112,5.9,3,0,No Complaint,21.8,2,4,1,2,1,2023-04-04,0.095,24+ Months,Mid Value,0,Dormant
CUST00877,Female,43,Married,Tier 2,Desktop,COD,Electronics,2024-08-01,5,0.5,516.97,2,1033.94,258.48,6203.52,165,6.6,4,3,Yes,82.51,3,0,1,5,0,,0.0,3-6 Months,Low Value,0,Dormant
CUST00878,Female,55,Married,Tier 2,Mobile,Debit Card,Electronics,2023-07-01,18,2.4,980.44,43,42158.92,2353.06,56473.44,29,6.7,2,3,Yes,14.33,2,0,2,3,0,,0.0,12-24 Months,Mid Value,0,Active
CUST00879,Male,61,Single,Tier 3,Desktop,UPI,Grocery,2024-10-31,2,0.9,2204.34,2,4408.68,1983.91,0.0,31,6.8,1,1,Yes,108.63,2,1,9,6,1,2024-11-18,0.5,0-3 Months,Mid Value,0,Slipping
CUST00880,Male,43,Married,Tier 2,Desktop,Net Banking,Electronics,2024-07-01,6,6.9,2054.86,41,84249.26,14178.53,340284.72,34,2.7,4,2,Yes,104.95,3,4,29,7,0,,0.098,3-6 Months,High Value,0,Slipping
CUST00881,Male,25,Married,Tier 1,Mobile,COD,Electronics,2023-07-01,18,4.0,1140.41,72,82109.52,4561.64,0.0,76,4.4,2,0,No Complaint,72.01,0,18,7,10,1,2024-02-01,0.25,12-24 Months,High Value,0,At Risk
CUST00882,Female,22,Single,Tier 2,Desktop,COD,Beauty,2022-06-30,30,2.6,395.11,78,30818.58,1027.29,24654.96,157,3.3,4,0,No Complaint,533.26,1,0,15,4,0,,0.0,24+ Months,Mid Value,0,Dormant
CUST00883,Male,32,Married,Tier 2,Mobile,Wallet,Fashion,2024-07-01,6,0.8,633.85,5,3169.25,507.08,0.0,158,4.3,4,2,No,15.58,5,0,12,6,1,2024-12-31,0.0,3-6 Months,Low Value,1,Dormant
CUST00884,Male,33,Married,Tier 2,Mobile,COD,Grocery,2022-06-30,30,3.0,4872.21,90,438498.9,14616.63,350799.12,106,4.9,1,0,No Complaint,313.61,6,23,2,1,0,,0.256,24+ Months,High Value,0,Dormant
CUST00885,Female,18,Married,Tier 2,Mobile,COD,Grocery,2023-07-01,18,0.9,1743.08,16,27889.28,1568.77,0.0,118,4.7,4,0,No Complaint,78.91,3,4,7,3,1,2024-06-16,0.25,12-24 Months,Mid Value,0,Dormant
CUST00886,Male,33,Single,Tier 3,Desktop,Wallet,Electronics,2024-06-01,7,0.5,763.74,4,3054.96,381.87,0.0,161,3.4,5,0,No Complaint,40.01,1,0,10,3,1,2024-07-23,0.0,6-12 Months,Low Value,0,Dormant
CUST00887,Female,54,Married,Tier 3,Desktop,UPI,Beauty,2022-06-30,30,1.8,371.81,54,20077.74,669.26,16062.24,112,2.2,3,0,No Complaint,57.28,2,6,3,5,0,,0.111,24+ Months,Low Value,0,Dormant
CUST00888,Male,20,Single,Tier 3,Desktop,Credit Card,Grocery,2024-01-31,11,1.7,237.46,19,4511.74,403.68,9688.32,42,1.8,5,0,No Complaint,417.91,2,3,8,5,0,,0.158,6-12 Months,Low Value,0,Slipping
CUST00889,Male,64,Single,Tier 3,Mobile,Debit Card,Electronics,2023-07-01,18,3.6,2101.93,65,136625.45,7566.95,0.0,127,7.8,2,0,No Complaint,313.63,8,22,1,0,1,2024-03-27,0.338,12-24 Months,High Value,0,Dormant
CUST00890,Male,48,Married,Tier 3,Mobile,Credit Card,Grocery,2024-03-01,10,5.0,2131.41,50,106570.5,10657.05,0.0,138,6.7,3,4,No,2.86,1,4,13,8,1,2024-11-14,0.08,6-12 Months,High Value,1,Dormant
CUST00891,Female,30,Single,Tier 1,Desktop,COD,Beauty,2024-04-01,9,1.1,874.18,10,8741.8,961.6,0.0,114,5.1,3,2,Yes,28.69,4,0,3,6,1,2024-12-07,0.0,6-12 Months,Mid Value,0,Dormant
CUST00892,Female,33,Single,Tier 1,Mobile,COD,Sports,2022-06-30,30,1.5,673.38,45,30302.1,1010.07,24241.68,49,1.0,5,0,No Complaint,202.32,2,3,3,2,0,,0.067,24+ Months,Mid Value,0,Slipping
CUST00893,Female,60,Single,Tier 2,Mobile,COD,Grocery,2024-07-01,6,1.6,1986.19,10,19861.9,3177.9,76269.6,72,3.0,3,1,Yes,68.74,1,0,10,4,0,,0.0,3-6 Months,High Value,0,At Risk
CUST00894,Male,38,Single,Tier 3,Mobile,Wallet,Home & Kitchen,2024-12-01,1,1.0,318.88,1,318.88,318.88,0.0,85,5.4,3,0,No Complaint,452.71,4,0,12,3,1,2024-12-09,0.0,0-3 Months,Low Value,0,At Risk
CUST00895,Female,19,Married,Tier 2,Mobile,UPI,Fashion,2022-06-30,30,3.4,3636.5,102,370923.0,12364.1,296738.4,27,6.0,5,2,Yes,277.94,5,14,10,4,0,,0.137,24+ Months,High Value,0,Active
CUST00896,Male,44,Single,Tier 2,Mobile,COD,Grocery,2022-06-30,30,1.8,1504.88,54,81263.52,2708.78,65010.72,81,3.9,5,0,No Complaint,374.36,2,5,3,3,0,,0.093,24+ Months,High Value,0,At Risk
CUST00897,Male,55,Married,Tier 1,Desktop,Debit Card,Fashion,2024-06-01,7,6.1,373.5,43,16060.5,2278.35,54680.4,29,5.5,5,1,Yes,38.57,3,9,20,6,0,,0.209,6-12 Months,Mid Value,0,Active
CUST00898,Female,43,Single,Tier 1,Mobile,UPI,Fashion,2024-10-01,3,2.6,1556.48,8,12451.84,4046.85,0.0,90,4.3,4,1,Yes,29.4,6,2,7,7,1,2024-10-07,0.25,0-3 Months,High Value,0,At Risk
CUST00899,Male,55,Married,Tier 2,Mobile,UPI,Grocery,2023-07-01,18,0.6,556.46,11,6121.06,333.88,8013.12,10,6.5,4,0,No Complaint,483.7,4,0,4,4,0,,0.0,12-24 Months,Low Value,0,Active
CUST00900,Male,63,Married,Tier 1,Mobile,Net Banking,Beauty,2024-10-31,2,0.5,352.47,1,352.47,176.24,0.0,170,4.4,3,2,Yes,93.21,3,0,3,4,1,2024-11-05,0.0,0-3 Months,Low Value,0,Dormant
CUST00901,Male,42,Single,Tier 2,Mobile,Debit Card,Electronics,2024-04-01,9,1.2,1552.74,11,17080.14,1863.29,44718.96,45,4.4,4,1,Yes,96.73,3,3,1,6,0,,0.273,6-12 Months,Mid Value,0,Slipping
CUST00902,Male,28,Married,Tier 1,Mobile,COD,Grocery,2024-10-31,2,1.1,414.38,2,828.76,455.82,0.0,84,3.6,3,2,Yes,207.69,4,0,1,6,1,2024-12-10,0.0,0-3 Months,Low Value,0,At Risk
CUST00903,Male,25,Married,Tier 1,Mobile,Debit Card,Electronics,2023-07-01,18,1.3,352.32,23,8103.36,458.02,10992.48,6,5.9,4,0,No Complaint,91.19,2,0,8,3,0,,0.0,12-24 Months,Low Value,0,Active
CUST00904,Female,25,Married,Tier 2,Desktop,UPI,Electronics,2024-12-01,1,0.5,1260.53,1,1260.53,630.26,0.0,35,5.2,3,1,Yes,374.58,5,0,3,1,1,2024-12-14,0.0,0-3 Months,Low Value,0,Slipping
CUST00905,Male,50,Single,Tier 2,Mobile,Credit Card,Electronics,2023-07-01,18,9.6,835.04,173,144461.92,8016.38,192393.12,125,2.4,5,0,No Complaint,575.28,5,30,2,3,0,,0.173,12-24 Months,High Value,0,Dormant
CUST00906,Female,24,Married,Tier 2,Desktop,Credit Card,Electronics,2023-07-01,18,0.5,1822.68,9,16404.12,911.34,0.0,21,5.2,2,3,No,72.76,5,2,1,3,1,2024-04-09,0.222,12-24 Months,Mid Value,1,Active
CUST00907,Female,55,Single,Tier 1,Desktop,Wallet,Electronics,2024-03-01,10,2.6,727.67,26,18919.42,1891.94,45406.56,113,4.8,4,4,Yes,41.99,4,2,15,5,0,,0.077,6-12 Months,Mid Value,0,Dormant
CUST00908,Male,38,Single,Tier 3,Mobile,UPI,Grocery,2024-10-01,3,0.5,683.31,2,1366.62,341.66,0.0,1,6.2,4,0,No Complaint,14.09,10,0,3,1,1,2024-10-06,0.0,0-3 Months,Low Value,0,Active
CUST00909,Male,25,Married,Tier 2,Mobile,Wallet,Fashion,2024-10-31,2,1.3,215.79,3,647.37,280.53,6732.72,84,4.3,3,1,No,43.43,3,1,3,5,0,,0.333,0-3 Months,Low Value,1,At Risk
CUST00910,Male,38,Single,Tier 2,Desktop,Wallet,Fashion,2024-07-01,6,0.9,1276.18,5,6380.9,1148.56,0.0,130,2.7,1,0,No Complaint,27.03,4,0,41,2,1,2024-07-01,0.0,3-6 Months,Mid Value,0,Dormant
CUST00911,Female,37,Married,Tier 2,Mobile,Wallet,Grocery,2024-03-01,10,1.2,886.72,12,10640.64,1064.06,0.0,166,3.7,2,2,No,5.32,3,1,5,1,1,2024-08-18,0.083,6-12 Months,Mid Value,1,Dormant
CUST00912,Male,25,Married,Tier 1,Mobile,Credit Card,Grocery,2023-07-01,18,1.7,2062.74,31,63944.94,3506.66,0.0,89,7.8,5,0,No Complaint,8.6,3,2,6,4,1,2023-11-11,0.065,12-24 Months,High Value,0,At Risk
CUST00913,Female,63,Married,Tier 3,Mobile,Wallet,Electronics,2024-12-01,1,2.3,1528.35,2,3056.7,3515.2,0.0,151,4.1,5,0,No Complaint,128.17,7,1,1,1,1,2024-12-21,0.5,0-3 Months,High Value,0,Dormant
CUST00914,Male,48,Single,Tier 2,Mobile,Credit Card,Fashion,2022-12-30,24,2.2,1132.82,53,60039.46,2492.2,59812.8,144,6.4,2,0,No Complaint,221.45,2,4,6,5,0,,0.075,12-24 Months,Mid Value,0,Dormant
CUST00915,Female,46,Married,Tier 2,Mobile,UPI,Electronics,2022-12-30,24,2.5,538.34,60,32300.4,1345.85,32300.4,53,2.0,3,1,No,736.17,3,1,4,4,0,,0.017,12-24 Months,Mid Value,1,Slipping
CUST00916,Male,26,Married,Tier 1,Tablet,UPI,Beauty,2024-04-01,9,4.7,671.33,42,28195.86,3155.25,75726.0,157,5.2,4,0,No Complaint,30.46,2,8,16,2,0,,0.19,6-12 Months,High Value,0,Dormant
CUST00917,Male,32,Single,Tier 3,Desktop,Wallet,Home & Kitchen,2024-06-01,7,5.4,1318.81,38,50114.78,7121.57,170917.68,115,1.7,4,1,Yes,215.66,2,1,6,1,0,,0.026,6-12 Months,High Value,0,Dormant
CUST00918,Female,47,Single,Tier 3,Mobile,UPI,Beauty,2022-06-30,30,3.3,865.98,99,85732.02,2857.73,68585.52,19,4.6,3,1,Yes,145.34,3,3,16,1,0,,0.03,24+ Months,High Value,0,Active
CUST00919,Female,43,Married,Tier 1,Mobile,Debit Card,Fashion,2022-06-30,30,0.5,2422.92,15,36343.8,1211.46,29075.04,169,3.2,5,0,No Complaint,117.06,4,1,11,5,0,,0.067,24+ Months,Mid Value,0,Dormant
CUST00920,Male,27,Married,Tier 1,Mobile,UPI,Grocery,2021-12-29,36,8.1,2253.47,292,658013.24,18253.11,438074.64,32,2.8,5,1,Yes,230.32,2,60,1,4,0,,0.205,24+ Months,High Value,0,Slipping
CUST00921,Female,46,Married,Tier 3,Mobile,UPI,Fashion,2024-06-01,7,7.4,753.5,52,39182.0,5575.9,133821.6,85,2.6,1,0,No Complaint,49.08,3,7,29,1,0,,0.135,6-12 Months,High Value,0,At Risk
CUST00922,Male,33,Married,Tier 2,Mobile,UPI,Electronics,2021-12-29,36,3.1,958.45,112,107346.4,2971.2,71308.8,84,4.1,4,3,No,67.13,4,9,1,8,0,,0.08,24+ Months,High Value,1,At Risk
CUST00923,Female,53,Single,Tier 3,Mobile,Net Banking,Fashion,2024-10-31,2,1.8,514.87,4,2059.48,926.77,0.0,112,1.1,1,0,No Complaint,87.39,2,1,1,1,1,2024-11-16,0.25,0-3 Months,Mid Value,0,Dormant
CUST00924,Female,37,Single,Tier 2,Mobile,Debit Card,Beauty,2024-05-01,8,0.7,835.85,6,5015.1,585.1,0.0,120,1.9,4,3,Yes,36.25,2,1,3,4,1,2024-06-11,0.167,6-12 Months,Low Value,0,Dormant
CUST00925,Male,62,Single,Tier 2,Mobile,Net Banking,Grocery,2024-03-01,10,3.5,1745.71,35,61099.85,6109.98,0.0,42,4.7,5,1,No,117.23,5,2,4,4,1,2024-10-13,0.057,6-12 Months,High Value,1,Slipping
CUST00926,Male,54,Married,Tier 2,Mobile,Debit Card,Grocery,2024-04-01,9,5.3,613.56,48,29450.88,3251.87,78044.88,64,1.4,4,1,Yes,25.45,3,4,2,4,0,,0.083,6-12 Months,High Value,0,At Risk
CUST00927,Male,39,Single,Tier 1,Tablet,Wallet,Grocery,2023-07-01,18,2.7,694.47,49,34029.03,1875.07,45001.68,26,1.8,4,0,No Complaint,68.93,4,2,6,5,0,,0.041,12-24 Months,Mid Value,0,Active
CUST00928,Female,24,Single,Tier 2,Mobile,Credit Card,Fashion,2024-10-01,3,2.5,396.23,8,3169.84,990.58,0.0,23,7.7,5,0,No Complaint,21.62,4,0,28,2,1,2024-12-10,0.0,0-3 Months,Mid Value,0,Active
CUST00929,Female,40,Single,Tier 3,Tablet,Debit Card,Electronics,2022-06-30,30,0.5,605.24,15,9078.6,302.62,0.0,148,7.3,4,1,Yes,6.58,3,3,6,4,1,2024-06-21,0.2,24+ Months,Low Value,0,Dormant
CUST00930,Male,58,Married,Tier 1,Mobile,Debit Card,Grocery,2023-12-31,12,1.1,1379.56,13,17934.28,1517.52,36420.48,135,3.0,3,0,No Complaint,78.99,1,1,1,6,0,,0.077,6-12 Months,Mid Value,0,Dormant
CUST00931,Male,57,Married,Tier 2,Mobile,Credit Card,Grocery,2021-12-29,36,3.2,758.62,115,87241.3,2427.58,58261.92,80,5.1,3,0,No Complaint,173.01,4,25,19,1,0,,0.217,24+ Months,Mid Value,0,At Risk
CUST00932,Female,46,Single,Tier 2,Mobile,COD,Beauty,2024-12-01,1,0.5,400.99,1,400.99,200.5,4812.0,18,3.0,4,0,No Complaint,29.65,2,0,1,2,0,,0.0,0-3 Months,Low Value,0,Active
CUST00933,Female,33,Married,Tier 2,Mobile,Debit Card,Electronics,2023-07-01,18,2.6,1041.56,47,48953.32,2708.06,0.0,81,3.1,1,0,No Complaint,905.29,2,1,5,3,1,2024-09-10,0.021,12-24 Months,High Value,0,At Risk
CUST00934,Male,55,Single,Tier 3,Mobile,COD,Beauty,2024-05-01,8,3.6,866.14,29,25118.06,3118.1,0.0,53,1.0,1,0,No Complaint,57.72,1,4,5,5,1,2024-09-21,0.138,6-12 Months,High Value,0,Slipping
CUST00935,Male,45,Single,Tier 3,Tablet,COD,Electronics,2024-01-31,11,1.0,1967.4,11,21641.4,1967.4,0.0,140,7.3,5,5,Yes,4.13,1,1,10,6,1,2024-02-04,0.091,6-12 Months,Mid Value,0,Dormant
CUST00936,Male,55,Single,Tier 1,Tablet,UPI,Grocery,2022-12-30,24,0.5,816.41,12,9796.92,408.2,0.0,18,5.5,1,1,Yes,5.12,0,0,9,4,1,2023-04-23,0.0,12-24 Months,Low Value,0,Active
CUST00937,Male,48,Single,Tier 3,Mobile,Debit Card,Electronics,2024-08-31,4,4.3,447.41,17,7605.97,1923.86,46172.64,81,5.8,4,2,Yes,197.7,3,2,8,3,0,,0.118,3-6 Months,Mid Value,0,At Risk
CUST00938,Female,31,Single,Tier 3,Mobile,UPI,Sports,2024-08-31,4,0.5,1762.21,2,3524.42,881.1,0.0,106,5.5,3,0,No Complaint,199.49,4,0,8,4,1,2024-09-09,0.0,3-6 Months,Mid Value,0,Dormant
CUST00939,Male,50,Married,Tier 3,Mobile,Debit Card,Fashion,2022-12-30,24,1.2,455.47,29,13208.63,546.56,0.0,177,4.1,5,0,No Complaint,419.4,3,7,11,4,1,2024-12-06,0.241,12-24 Months,Low Value,0,Dormant
CUST00940,Female,26,Married,Tier 2,Mobile,Debit Card,Grocery,2024-01-31,11,3.1,361.05,34,12275.7,1119.26,26862.24,17,3.6,5,1,Yes,17.14,4,3,2,2,0,,0.088,6-12 Months,Mid Value,0,Active
CUST00941,Male,44,Married,Tier 3,Mobile,Wallet,Grocery,2024-08-31,4,4.2,433.55,17,7370.35,1820.91,43701.84,21,4.4,5,2,Yes,85.0,2,1,30,5,0,,0.059,3-6 Months,Mid Value,0,Active
CUST00942,Female,41,Married,Tier 1,Mobile,UPI,Fashion,2024-03-01,10,5.0,585.5,50,29275.0,2927.5,0.0,177,7.1,2,1,Yes,396.12,2,2,6,4,1,2024-05-16,0.04,6-12 Months,High Value,0,Dormant
CUST00943,Female,30,Married,Tier 1,Mobile,UPI,Fashion,2024-04-01,9,1.9,239.07,17,4064.19,454.23,10901.52,73,4.5,3,1,No,287.62,3,0,10,4,0,,0.0,6-12 Months,Low Value,1,At Risk
CUST00944,Female,43,Single,Tier 3,Mobile,UPI,Beauty,2022-12-30,24,1.6,268.1,38,10187.8,428.96,0.0,134,8.0,4,0,No Complaint,47.85,2,1,7,7,1,2024-07-10,0.026,12-24 Months,Low Value,0,Dormant
CUST00945,Male,46,Married,Tier 1,Mobile,Credit Card,Fashion,2024-12-01,1,4.7,1550.88,5,7754.4,7289.14,0.0,141,3.1,5,5,Yes,397.26,4,1,17,3,1,2024-12-02,0.2,0-3 Months,High Value,0,Dormant
CUST00946,Male,60,Married,Tier 1,Mobile,COD,Fashion,2023-07-01,18,2.1,796.48,38,30266.24,1672.61,40142.64,57,1.8,3,1,Yes,205.56,1,4,7,1,0,,0.105,12-24 Months,Mid Value,0,Slipping
CUST00947,Male,45,Married,Tier 3,Mobile,COD,Sports,2023-07-01,18,2.2,799.84,40,31993.6,1759.65,0.0,39,2.8,1,0,No Complaint,55.25,1,14,1,3,1,2024-07-13,0.35,12-24 Months,Mid Value,0,Slipping
CUST00948,Female,45,Single,Tier 3,Tablet,COD,Beauty,2022-12-30,24,1.4,863.12,34,29346.08,1208.37,0.0,50,4.2,3,0,No Complaint,8.25,4,3,17,3,1,2024-08-17,0.088,12-24 Months,Mid Value,0,Slipping
CUST00949,Female,25,Single,Tier 1,Mobile,Net Banking,Fashion,2021-12-29,36,1.2,1332.63,43,57303.09,1599.16,38379.84,137,7.0,4,0,No Complaint,123.85,1,1,1,0,0,,0.023,24+ Months,Mid Value,0,Dormant
CUST00950,Female,40,Married,Tier 3,Desktop,Credit Card,Grocery,2024-04-01,9,1.6,506.07,14,7084.98,809.71,19433.04,151,3.6,4,0,No Complaint,224.74,6,1,6,6,0,,0.071,6-12 Months,Low Value,0,Dormant
CUST00951,Female,46,Married,Tier 2,Desktop,UPI,Grocery,2024-06-01,7,1.1,1329.12,8,10632.96,1462.03,0.0,126,1.9,4,1,No,56.31,3,1,2,4,1,2024-10-20,0.125,6-12 Months,Mid Value,1,Dormant
CUST00952,Female,22,Single,Tier 2,Tablet,UPI,Home & Kitchen,2024-10-31,2,1.1,971.56,2,1943.12,1068.72,0.0,79,4.5,1,0,No Complaint,33.27,2,0,1,12,1,2024-11-09,0.0,0-3 Months,Mid Value,0,At Risk
CUST00953,Male,59,Married,Tier 3,Desktop,Net Banking,Beauty,2024-07-01,6,12.7,459.26,76,34903.76,5832.6,139982.4,47,6.7,4,0,No Complaint,14.09,1,21,1,4,0,,0.276,3-6 Months,High Value,0,Slipping
CUST00954,Female,24,Single,Tier 2,Desktop,COD,Home & Kitchen,2024-12-01,1,1.0,1375.13,1,1375.13,1375.13,33003.12,77,4.5,4,1,Yes,332.16,2,0,16,1,0,,0.0,0-3 Months,Mid Value,0,At Risk
CUST00955,Male,59,Married,Tier 1,Desktop,Debit Card,Fashion,2022-06-30,30,0.7,934.57,21,19625.97,654.2,0.0,164,4.9,3,1,Yes,10.13,2,0,3,7,1,2023-09-13,0.0,24+ Months,Low Value,0,Dormant
CUST00956,Male,53,Single,Tier 1,Mobile,Credit Card,Grocery,2022-06-30,30,1.1,431.56,33,14241.48,474.72,0.0,155,4.5,4,0,No Complaint,169.21,1,5,3,2,1,2022-11-07,0.152,24+ Months,Low Value,0,Dormant
CUST00957,Male,58,Single,Tier 2,Mobile,Credit Card,Fashion,2024-05-01,8,2.2,455.11,18,8191.98,1001.24,24029.76,58,4.1,4,1,Yes,259.33,2,1,9,4,0,,0.056,6-12 Months,Mid Value,0,Slipping
CUST00958,Male,44,Single,Tier 2,Tablet,Wallet,Fashion,2024-08-01,5,6.0,1256.19,30,37685.7,7537.14,180891.36,59,8.8,3,0,No Complaint,272.94,3,3,14,4,0,,0.1,3-6 Months,High Value,0,Slipping
CUST00959,Male,63,Single,Tier 3,Desktop,UPI,Beauty,2024-10-31,2,3.9,1826.46,8,14611.68,7123.19,170956.56,140,6.9,5,0,No Complaint,190.88,5,1,14,3,0,,0.125,0-3 Months,High Value,0,Dormant
CUST00960,Female,19,Single,Tier 3,Tablet,COD,Fashion,2022-06-30,30,4.6,1094.26,138,151007.88,5033.6,0.0,77,7.9,2,5,Yes,190.41,0,5,8,2,1,2022-08-11,0.036,24+ Months,High Value,0,At Risk
CUST00961,Male,42,Married,Tier 2,Desktop,UPI,Grocery,2022-06-30,30,4.9,1673.31,147,245976.57,8199.22,0.0,103,9.7,5,2,Yes,115.67,2,2,10,6,1,2023-05-11,0.014,24+ Months,High Value,0,Dormant
CUST00962,Female,26,Married,Tier 3,Desktop,UPI,Home & Kitchen,2024-08-01,5,6.3,2127.85,32,68091.2,13405.46,321731.04,76,6.8,4,0,No Complaint,97.03,1,5,8,6,0,,0.156,3-6 Months,High Value,0,At Risk
CUST00963,Male,44,Single,Tier 1,Desktop,COD,Electronics,2023-07-01,18,0.7,766.91,13,9969.83,536.84,0.0,44,3.7,4,1,Yes,26.6,5,4,14,3,1,2024-07-08,0.308,12-24 Months,Low Value,0,Slipping
CUST00964,Male,18,Married,Tier 1,Desktop,Credit Card,Fashion,2024-08-01,5,1.5,1007.47,8,8059.76,1511.2,0.0,34,6.1,2,0,No Complaint,137.97,4,1,3,6,1,2024-08-11,0.125,3-6 Months,Mid Value,0,Slipping
CUST00965,Male,40,Single,Tier 3,Mobile,COD,Beauty,2024-08-31,4,1.2,1434.41,5,7172.05,1721.29,0.0,25,7.9,5,0,No Complaint,13.26,5,0,2,5,1,2024-12-24,0.0,3-6 Months,Mid Value,0,Active
CUST00966,Male,27,Single,Tier 1,Desktop,COD,Home & Kitchen,2024-12-01,1,1.2,402.19,1,402.19,482.63,0.0,3,5.5,3,2,Yes,113.67,4,0,2,3,1,2024-12-12,0.0,0-3 Months,Low Value,0,Active
CUST00967,Female,59,Single,Tier 1,Desktop,Debit Card,Beauty,2023-12-31,12,2.6,1851.91,31,57409.21,4814.97,115559.28,51,3.9,4,0,No Complaint,236.28,3,8,7,3,0,,0.258,6-12 Months,High Value,0,Slipping
CUST00968,Male,42,Single,Tier 2,Desktop,COD,Grocery,2024-10-01,3,1.3,2331.66,4,9326.64,3031.16,0.0,31,7.0,5,2,No,105.29,2,1,2,3,1,2024-10-27,0.25,0-3 Months,High Value,1,Slipping
CUST00969,Female,20,Married,Tier 2,Desktop,Debit Card,Fashion,2024-12-01,1,2.4,535.55,2,1071.1,1285.32,30847.68,47,2.2,3,0,No Complaint,127.77,4,0,1,4,0,,0.0,0-3 Months,Mid Value,0,Slipping
CUST00970,Male,23,Single,Tier 3,Mobile,UPI,Fashion,2024-10-31,2,1.2,6692.95,2,13385.9,8031.54,0.0,14,4.8,5,2,Yes,332.36,7,0,27,4,1,2024-12-13,0.0,0-3 Months,High Value,0,Active
CUST00971,Female,23,Married,Tier 1,Mobile,COD,Beauty,2024-07-01,6,0.9,1565.85,5,7829.25,1409.26,0.0,62,5.9,4,0,No Complaint,187.22,4,0,4,1,1,2024-09-02,0.0,3-6 Months,Mid Value,0,At Risk
CUST00972,Female,19,Married,Tier 1,Tablet,Debit Card,Fashion,2023-07-01,18,1.1,806.87,20,16137.4,887.56,21301.44,94,4.3,4,1,Yes,24.57,4,1,18,3,0,,0.05,12-24 Months,Mid Value,0,Dormant
CUST00973,Female,35,Married,Tier 1,Mobile,UPI,Home & Kitchen,2024-08-31,4,4.1,209.75,16,3356.0,859.97,20639.28,170,5.6,5,0,No Complaint,140.93,3,1,10,4,0,,0.062,3-6 Months,Low Value,0,Dormant
CUST00974,Male,40,Married,Tier 2,Mobile,Net Banking,Electronics,2021-12-29,36,2.3,841.99,83,69885.17,1936.58,46477.92,63,5.7,4,0,No Complaint,81.62,3,6,3,3,0,,0.072,24+ Months,Mid Value,0,At Risk
CUST00975,Male,19,Married,Tier 2,Mobile,Debit Card,Grocery,2024-08-01,5,9.1,1206.38,46,55493.48,10978.06,263473.44,6,5.5,3,2,Yes,41.71,2,7,1,6,0,,0.152,3-6 Months,High Value,0,Active
CUST00976,Male,29,Married,Tier 2,Desktop,Net Banking,Beauty,2024-07-01,6,4.5,1113.58,27,30066.66,5011.11,120266.64,65,4.2,4,2,Yes,187.93,5,1,15,4,0,,0.037,3-6 Months,High Value,0,At Risk
CUST00977,Female,39,Married,Tier 3,Desktop,Net Banking,Beauty,2024-08-31,4,1.7,358.72,7,2511.04,609.82,14635.68,147,3.8,4,3,Yes,87.94,2,1,18,5,0,,0.143,3-6 Months,Low Value,0,Dormant
CUST00978,Male,54,Single,Tier 3,Desktop,Credit Card,Grocery,2024-08-01,5,0.7,565.11,4,2260.44,395.58,0.0,61,4.3,1,0,No Complaint,262.45,9,1,2,4,1,2024-08-27,0.25,3-6 Months,Low Value,0,At Risk
CUST00979,Male,37,Married,Tier 1,Mobile,Credit Card,Home & Kitchen,2024-10-31,2,2.8,1445.38,6,8672.28,4047.06,0.0,53,2.0,2,2,Yes,158.96,7,0,8,1,1,2024-11-22,0.0,0-3 Months,High Value,0,Slipping
CUST00980,Female,56,Married,Tier 2,Mobile,Credit Card,Sports,2024-07-01,6,3.2,1359.47,19,25829.93,4350.3,0.0,165,7.0,1,2,Yes,19.82,7,2,7,7,1,2024-11-21,0.105,3-6 Months,High Value,0,Dormant
CUST00981,Male,41,Married,Tier 2,Mobile,Credit Card,Sports,2022-06-30,30,1.6,1736.36,48,83345.28,2778.18,66676.32,54,5.5,2,0,No Complaint,77.64,5,8,21,8,0,,0.167,24+ Months,High Value,0,Slipping
CUST00982,Female,37,Single,Tier 3,Mobile,Net Banking,Home & Kitchen,2022-12-30,24,0.7,975.66,17,16586.22,682.96,16391.04,174,4.8,4,0,No Complaint,56.61,5,2,8,2,0,,0.118,12-24 Months,Low Value,0,Dormant
CUST00983,Male,18,Single,Tier 3,Desktop,COD,Beauty,2022-06-30,30,2.0,878.13,60,52687.8,1756.26,42150.24,150,3.3,1,0,No Complaint,29.25,5,6,3,6,0,,0.1,24+ Months,Mid Value,0,Dormant
CUST00984,Male,18,Single,Tier 1,Mobile,UPI,Grocery,2024-10-31,2,0.7,1284.42,1,1284.42,899.09,0.0,123,4.7,3,0,No Complaint,289.9,1,0,10,5,1,2024-12-26,0.0,0-3 Months,Mid Value,0,Dormant
CUST00985,Female,34,Married,Tier 2,Mobile,Debit Card,Fashion,2024-04-01,9,7.0,959.19,63,60428.97,6714.33,0.0,108,4.7,3,2,Yes,85.62,3,4,6,7,1,2024-10-26,0.063,6-12 Months,High Value,0,Dormant
CUST00986,Male,18,Single,Tier 2,Mobile,Wallet,Fashion,2024-08-31,4,2.5,307.65,10,3076.5,769.12,18458.88,41,3.7,5,0,No Complaint,171.0,3,0,3,1,0,,0.0,3-6 Months,Low Value,0,Slipping
CUST00987,Female,62,Married,Tier 1,Mobile,Debit Card,Fashion,2022-12-30,24,0.9,2602.71,22,57259.62,2342.44,0.0,131,6.4,3,0,No Complaint,384.69,2,3,7,5,1,2024-09-25,0.136,12-24 Months,Mid Value,0,Dormant
CUST00988,Male,47,Single,Tier 1,Desktop,COD,Fashion,2021-12-29,36,0.6,1711.66,22,37656.52,1027.0,24648.0,63,2.5,4,0,No Complaint,140.96,2,5,26,2,0,,0.227,24+ Months,Mid Value,0,At Risk
CUST00989,Male,58,Single,Tier 2,Mobile,COD,Electronics,2022-06-30,30,3.2,1207.3,96,115900.8,3863.36,92720.64,87,2.9,3,1,Yes,53.73,3,17,14,2,0,,0.177,24+ Months,High Value,0,At Risk
CUST00990,Female,64,Single,Tier 2,Desktop,Credit Card,Fashion,2024-12-01,1,3.1,344.57,3,1033.71,1068.17,25636.08,19,6.5,2,0,No Complaint,281.5,4,1,11,6,0,,0.333,0-3 Months,Mid Value,0,Active
CUST00991,Female,20,Married,Tier 1,Mobile,Credit Card,Home & Kitchen,2024-07-01,6,2.3,1613.86,14,22594.04,3711.88,0.0,54,7.2,2,0,No Complaint,103.01,3,2,1,2,1,2024-08-09,0.143,3-6 Months,High Value,0,Slipping
CUST00992,Female,63,Single,Tier 2,Mobile,COD,Beauty,2024-12-01,1,2.4,660.45,2,1320.9,1585.08,0.0,95,5.0,3,1,Yes,149.35,1,0,1,7,1,2024-12-30,0.0,0-3 Months,Mid Value,0,Dormant
CUST00993,Male,28,Married,Tier 1,Mobile,Credit Card,Fashion,2024-12-01,1,2.3,1605.35,2,3210.7,3692.3,0.0,84,2.7,1,1,Yes,418.25,5,0,8,4,1,2024-12-30,0.0,0-3 Months,High Value,0,At Risk
CUST00994,Female,41,Married,Tier 2,Mobile,Debit Card,Fashion,2024-10-31,2,1.1,1316.18,2,2632.36,1447.8,34747.2,62,6.9,4,0,No Complaint,120.95,2,0,1,2,0,,0.0,0-3 Months,Mid Value,0,At Risk
CUST00995,Male,39,Married,Tier 1,Desktop,COD,Beauty,2024-08-01,5,6.9,707.75,34,24063.5,4883.48,0.0,85,4.9,4,4,Yes,73.35,2,1,8,3,1,2024-09-30,0.029,3-6 Months,High Value,0,At Risk
CUST00996,Male,61,Married,Tier 1,Mobile,COD,Beauty,2024-07-01,6,1.6,1875.02,10,18750.2,3000.03,0.0,134,4.7,4,2,No,233.95,4,1,3,5,1,2024-08-11,0.1,3-6 Months,High Value,1,Dormant
CUST00997,Female,62,Married,Tier 2,Mobile,UPI,Sports,2024-05-01,8,0.5,389.82,4,1559.28,194.91,4677.84,83,7.3,2,1,Yes,25.79,2,0,1,6,0,,0.0,6-12 Months,Low Value,0,At Risk
CUST00998,Male,43,Single,Tier 1,Mobile,UPI,Sports,2024-05-01,8,1.1,933.88,9,8404.92,1027.27,24654.48,91,6.0,4,2,No,441.04,3,0,1,3,0,,0.0,6-12 Months,Mid Value,1,Dormant
CUST00999,Female,30,Married,Tier 2,Mobile,UPI,Sports,2022-12-30,24,0.5,2867.17,12,34406.04,1433.58,0.0,126,3.8,2,0,No Complaint,444.88,1,3,2,5,1,2023-06-29,0.25,12-24 Months,Mid Value,0,Dormant
CUST01000,Male,18,Single,Tier 1,Desktop,Credit Card,Electronics,2024-10-01,3,1.1,1262.26,3,3786.78,1388.49,0.0,151,1.7,4,0,No Complaint,155.9,1,0,10,1,1,2024-11-22,0.0,0-3 Months,Mid Value,0,Dormant
CUST01001,Male,41,Married,Tier 2,Mobile,Credit Card,Fashion,2024-10-01,3,2.3,1701.78,7,11912.46,3914.09,0.0,95,3.9,3,3,No,30.17,1,1,5,5,1,2024-10-04,0.143,0-3 Months,High Value,1,Dormant
CUST01002,Female,27,Single,Tier 1,Mobile,Debit Card,Beauty,2023-07-01,18,0.5,949.11,9,8541.99,474.56,11389.44,170,5.4,4,0,No Complaint,108.3,3,2,1,5,0,,0.222,12-24 Months,Low Value,0,Dormant
CUST01003,Female,52,Single,Tier 2,Desktop,UPI,Electronics,2023-12-31,12,5.1,884.48,61,53953.28,4510.85,108260.4,64,5.6,5,2,No,99.08,3,8,1,4,0,,0.131,6-12 Months,High Value,1,At Risk
CUST01004,Female,41,Single,Tier 3,Mobile,Credit Card,Beauty,2024-10-01,3,2.4,382.07,7,2674.49,916.97,0.0,46,2.3,4,0,No Complaint,63.77,3,3,7,6,1,2024-10-23,0.429,0-3 Months,Mid Value,0,Slipping
CUST01005,Female,45,Married,Tier 1,Mobile,Credit Card,Grocery,2022-06-30,30,0.9,805.03,27,21735.81,724.53,17388.72,125,3.3,2,0,No Complaint,34.65,2,11,15,6,0,,0.407,24+ Months,Low Value,0,Dormant
CUST01006,Female,53,Married,Tier 2,Mobile,Debit Card,Beauty,2024-07-01,6,0.9,1438.88,5,7194.4,1294.99,31079.76,32,1.0,5,0,No Complaint,55.1,5,0,7,5,0,,0.0,3-6 Months,Mid Value,0,Slipping
CUST01007,Female,33,Married,Tier 1,Mobile,Credit Card,Fashion,2024-06-01,7,1.6,417.47,11,4592.17,667.95,16030.8,162,5.1,3,1,Yes,145.96,2,2,4,3,0,,0.182,6-12 Months,Low Value,0,Dormant
CUST01008,Female,57,Single,Tier 2,Desktop,UPI,Grocery,2024-04-01,9,0.7,457.57,6,2745.42,320.3,7687.2,70,1.4,4,1,Yes,208.34,6,0,5,3,0,,0.0,6-12 Months,Low Value,0,At Risk
CUST01009,Male,33,Married,Tier 1,Mobile,Net Banking,Grocery,2024-07-01,6,0.5,1204.11,3,3612.33,602.05,14449.2,125,3.7,3,0,No Complaint,700.57,5,0,4,4,0,,0.0,3-6 Months,Low Value,0,Dormant
CUST01010,Male,34,Single,Tier 2,Tablet,UPI,Sports,2023-12-31,12,0.5,1601.5,6,9609.0,800.75,0.0,103,2.9,3,1,Yes,43.75,5,1,18,5,1,2024-06-18,0.167,6-12 Months,Low Value,0,Dormant
CUST01011,Male,32,Single,Tier 2,Mobile,Debit Card,Fashion,2024-05-01,8,1.1,3679.6,9,33116.4,4047.56,97141.44,10,5.7,4,0,No Complaint,41.07,2,1,1,3,0,,0.111,6-12 Months,High Value,0,Active
CUST01012,Female,33,Married,Tier 3,Tablet,Net Banking,Home & Kitchen,2024-08-01,5,0.5,741.05,2,1482.1,370.52,0.0,127,5.2,2,2,No,22.4,1,0,4,8,1,2024-11-14,0.0,3-6 Months,Low Value,1,Dormant
CUST01013,Female,32,Married,Tier 2,Mobile,Debit Card,Beauty,2021-12-29,36,0.5,755.25,18,13594.5,377.62,9062.88,142,3.2,5,1,No,503.42,3,0,3,4,0,,0.0,24+ Months,Low Value,1,Dormant
CUST01014,Male,51,Single,Tier 2,Desktop,Net Banking,Beauty,2024-07-01,6,4.9,1606.98,29,46602.42,7874.2,188980.8,176,4.8,3,0,No Complaint,86.58,4,4,7,4,0,,0.138,3-6 Months,High Value,0,Dormant
CUST01015,Female,28,Married,Tier 2,Mobile,UPI,Beauty,2022-12-30,24,0.8,1338.64,19,25434.16,1070.91,0.0,75,5.7,1,1,Yes,463.82,5,0,9,5,1,2024-11-14,0.0,12-24 Months,Mid Value,0,At Risk
CUST01016,Female,18,Married,Tier 3,Mobile,Credit Card,Grocery,2024-06-01,7,1.7,749.36,12,8992.32,1273.91,0.0,91,5.0,3,1,Yes,396.39,2,1,6,3,1,2024-12-06,0.083,6-12 Months,Mid Value,0,Dormant
CUST01017,Male,32,Married,Tier 3,Desktop,Credit Card,Fashion,2024-04-01,9,0.5,880.22,4,3520.88,440.11,0.0,157,1.0,4,4,Yes,8.09,0,1,38,9,1,2024-08-06,0.25,6-12 Months,Low Value,0,Dormant
CUST01018,Female,43,Single,Tier 1,Desktop,UPI,Fashion,2024-08-31,4,0.5,578.37,2,1156.74,289.18,6940.32,49,8.7,5,0,No Complaint,59.07,0,0,2,6,0,,0.0,3-6 Months,Low Value,0,Slipping
CUST01019,Female,21,Single,Tier 3,Mobile,Credit Card,Home & Kitchen,2022-12-30,24,3.4,399.72,82,32777.04,1359.05,32617.2,34,5.5,4,0,No Complaint,64.85,2,17,1,6,0,,0.207,12-24 Months,Mid Value,0,Slipping
CUST01020,Male,60,Single,Tier 2,Mobile,Credit Card,Beauty,2022-12-30,24,0.5,816.81,12,9801.72,408.4,9801.6,24,6.5,3,1,Yes,58.47,4,1,10,6,0,,0.083,12-24 Months,Low Value,0,Active
CUST01021,Female,22,Single,Tier 3,Mobile,Debit Card,Fashion,2024-12-01,1,0.5,2606.73,1,2606.73,1303.36,31280.64,176,3.2,4,1,Yes,99.71,3,0,2,0,0,,0.0,0-3 Months,Mid Value,0,Dormant
CUST01022,Male,52,Single,Tier 3,Tablet,Wallet,Grocery,2024-12-01,1,2.2,542.94,2,1085.88,1194.47,28667.28,49,2.8,5,3,Yes,124.52,3,0,28,4,0,,0.0,0-3 Months,Mid Value,0,Slipping
CUST01023,Female,30,Married,Tier 1,Desktop,UPI,Electronics,2021-12-29,36,0.5,328.81,18,5918.58,164.4,0.0,136,3.5,3,0,No Complaint,255.54,2,2,13,6,1,2023-06-28,0.111,24+ Months,Low Value,0,Dormant
CUST01024,Female,27,Single,Tier 2,Mobile,Credit Card,Fashion,2021-12-29,36,1.4,444.7,50,22235.0,622.58,14941.92,81,8.1,3,1,Yes,56.08,3,6,8,7,0,,0.12,24+ Months,Low Value,0,At Risk
CUST01025,Female,28,Married,Tier 1,Desktop,Credit Card,Grocery,2024-01-31,11,0.9,1302.62,10,13026.2,1172.36,0.0,44,3.9,4,0,No Complaint,63.88,4,1,10,3,1,2024-04-21,0.1,6-12 Months,Mid Value,0,Slipping
CUST01026,Male,35,Single,Tier 1,Desktop,Credit Card,Electronics,2024-03-01,10,1.0,1212.15,10,12121.5,1212.15,29091.6,164,4.4,5,0,No Complaint,164.31,1,1,13,3,0,,0.1,6-12 Months,Mid Value,0,Dormant
CUST01027,Female,51,Married,Tier 1,Mobile,COD,Fashion,2022-06-30,30,0.5,2185.31,15,32779.65,1092.66,26223.84,84,7.8,4,2,No,35.56,4,3,9,3,0,,0.2,24+ Months,Mid Value,1,At Risk
CUST01028,Female,56,Married,Tier 2,Desktop,Credit Card,Electronics,2024-10-01,3,8.3,1887.67,25,47191.75,15667.66,0.0,102,3.9,3,2,Yes,115.37,1,2,3,1,1,2024-12-29,0.08,0-3 Months,High Value,0,Dormant
CUST01029,Male,58,Single,Tier 1,Mobile,UPI,Grocery,2023-07-01,18,1.8,1105.78,32,35384.96,1990.4,0.0,40,4.5,2,2,No,52.02,4,3,6,7,1,2023-10-19,0.094,12-24 Months,Mid Value,1,Slipping
CUST01030,Female,59,Married,Tier 1,Desktop,COD,Fashion,2024-03-01,10,2.1,1415.71,21,29729.91,2972.99,71351.76,59,2.1,2,1,Yes,39.71,2,1,3,4,0,,0.048,6-12 Months,High Value,0,Slipping
CUST01031,Male,40,Single,Tier 2,Mobile,Net Banking,Electronics,2022-12-30,24,2.7,531.35,65,34537.75,1434.65,34431.6,134,8.0,5,1,Yes,285.83,7,4,10,4,0,,0.062,12-24 Months,Mid Value,0,Dormant
CUST01032,Female,24,Single,Tier 1,Mobile,Credit Card,Fashion,2024-12-01,1,4.0,1454.6,4,5818.4,5818.4,139641.6,62,3.1,5,1,Yes,221.04,5,0,1,2,0,,0.0,0-3 Months,High Value,0,At Risk
CUST01033,Male,56,Single,Tier 1,Mobile,Debit Card,Fashion,2023-07-01,18,2.3,831.99,41,34111.59,1913.58,45925.92,91,4.2,4,1,Yes,51.74,4,1,4,5,0,,0.024,12-24 Months,Mid Value,0,Dormant
CUST01034,Male,20,Single,Tier 1,Mobile,UPI,Fashion,2023-12-31,12,3.6,1628.65,43,70031.95,5863.14,0.0,21,1.0,4,3,Yes,96.56,3,10,1,3,1,2024-07-13,0.233,6-12 Months,High Value,0,Active
CUST01035,Male,29,Married,Tier 2,Desktop,UPI,Fashion,2022-06-30,30,1.5,1203.61,45,54162.45,1805.42,43330.08,153,4.2,4,0,No Complaint,30.15,7,5,24,6,0,,0.111,24+ Months,Mid Value,0,Dormant
CUST01036,Female,24,Married,Tier 2,Mobile,UPI,Fashion,2023-07-01,18,1.2,644.61,22,14181.42,773.53,18564.72,133,4.4,2,0,No Complaint,9.83,4,5,10,2,0,,0.227,12-24 Months,Low Value,0,Dormant
CUST01037,Male,43,Single,Tier 1,Mobile,Credit Card,Beauty,2021-12-29,36,4.3,415.59,155,64416.45,1787.04,42888.96,137,3.8,4,1,Yes,158.4,1,12,6,3,0,,0.077,24+ Months,Mid Value,0,Dormant
CUST01038,Female,50,Married,Tier 3,Desktop,Net Banking,Electronics,2021-12-29,36,5.0,632.58,180,113864.4,3162.9,75909.6,32,1.4,5,2,No,81.34,3,4,2,3,0,,0.022,24+ Months,High Value,1,Slipping
CUST01039,Male,54,Married,Tier 2,Mobile,Debit Card,Fashion,2024-05-01,8,0.5,1021.72,4,4086.88,510.86,0.0,89,5.5,1,2,Yes,41.8,2,1,1,2,1,2024-12-10,0.25,6-12 Months,Low Value,0,At Risk
CUST01040,Male,32,Single,Tier 1,Mobile,UPI,Fashion,2024-10-01,3,2.0,507.13,6,3042.78,1014.26,24342.24,5,1.1,3,0,No Complaint,21.91,1,2,11,4,0,,0.333,0-3 Months,Mid Value,0,Active
CUST01041,Male,19,Single,Tier 1,Tablet,UPI,Electronics,2023-07-01,18,2.9,806.73,52,41949.96,2339.52,0.0,57,1.5,2,0,No Complaint,205.11,4,8,5,4,1,2023-08-09,0.154,12-24 Months,Mid Value,0,Slipping
CUST01042,Female,58,Single,Tier 2,Desktop,Credit Card,Beauty,2022-06-30,30,0.5,1922.48,15,28837.2,961.24,0.0,63,4.0,3,3,Yes,57.01,3,0,1,1,1,2024-11-25,0.0,24+ Months,Mid Value,0,At Risk
CUST01043,Male,24,Married,Tier 2,Mobile,Debit Card,Electronics,2024-10-31,2,6.6,2043.53,13,26565.89,13487.3,323695.2,164,6.7,4,0,No Complaint,428.28,7,3,7,4,0,,0.231,0-3 Months,High Value,0,Dormant
CUST01044,Female,49,Single,Tier 1,Mobile,Credit Card,Fashion,2023-12-31,12,1.8,1254.79,22,27605.38,2258.62,0.0,178,4.4,3,0,No Complaint,38.55,4,5,1,3,1,2024-08-27,0.227,6-12 Months,Mid Value,0,Dormant
CUST01045,Female,21,Single,Tier 1,Tablet,Credit Card,Electronics,2024-10-31,2,2.6,2331.57,5,11657.85,6062.08,145489.92,111,5.0,4,0,No Complaint,50.29,2,0,5,2,0,,0.0,0-3 Months,High Value,0,Dormant
CUST01046,Female,37,Married,Tier 3,Mobile,Debit Card,Grocery,2024-12-01,1,0.5,370.27,1,370.27,185.14,0.0,93,3.3,4,4,Yes,343.58,2,0,5,2,1,2024-12-08,0.0,0-3 Months,Low Value,0,Dormant
CUST01047,Male,53,Married,Tier 1,Mobile,UPI,Fashion,2023-07-01,18,0.8,2226.69,14,31173.66,1781.35,42752.4,79,3.3,5,0,No Complaint,152.94,1,1,16,6,0,,0.071,12-24 Months,Mid Value,0,At Risk
CUST01048,Male,49,Single,Tier 2,Mobile,UPI,Grocery,2022-12-30,24,0.5,346.58,12,4158.96,173.29,4158.96,4,6.1,5,1,Yes,20.65,3,3,35,6,0,,0.25,12-24 Months,Low Value,0,Active
CUST01049,Female,45,Married,Tier 3,Mobile,UPI,Electronics,2023-07-01,18,0.8,904.18,14,12658.52,723.34,0.0,144,6.7,4,1,No,143.52,5,1,1,3,1,2024-01-21,0.071,12-24 Months,Low Value,1,Dormant
CUST01050,Male,30,Married,Tier 2,Desktop,UPI,Fashion,2022-06-30,30,1.7,508.26,51,25921.26,864.04,0.0,121,6.5,3,1,Yes,66.3,1,3,10,3,1,2024-10-13,0.059,24+ Months,Low Value,0,Dormant
CUST01051,Female,18,Single,Tier 1,Desktop,UPI,Grocery,2024-10-31,2,4.5,1506.01,9,13554.09,6777.04,162648.96,117,5.6,2,0,No Complaint,240.37,2,0,16,2,0,,0.0,0-3 Months,High Value,0,Dormant
CUST01052,Male,52,Married,Tier 2,Tablet,Credit Card,Beauty,2024-10-31,2,1.9,300.02,4,1200.08,570.04,0.0,145,5.1,4,0,No Complaint,14.58,3,0,4,5,1,2024-12-28,0.0,0-3 Months,Low Value,0,Dormant
CUST01053,Female,47,Single,Tier 1,Desktop,COD,Grocery,2022-06-30,30,0.7,261.02,21,5481.42,182.71,0.0,167,1.9,2,2,Yes,449.94,2,3,3,2,1,2023-10-14,0.143,24+ Months,Low Value,0,Dormant
CUST01054,Female,53,Married,Tier 2,Mobile,COD,Electronics,2024-01-31,11,0.5,567.86,6,3407.16,283.93,6814.32,70,3.5,5,1,Yes,117.09,2,0,1,3,0,,0.0,6-12 Months,Low Value,0,At Risk
CUST01055,Female,42,Single,Tier 2,Mobile,Debit Card,Grocery,2024-08-01,5,2.4,540.43,12,6485.16,1297.03,31128.72,77,3.2,3,0,No Complaint,238.56,5,1,7,2,0,,0.083,3-6 Months,Mid Value,0,At Risk
CUST01056,Male,33,Single,Tier 3,Tablet,Net Banking,Electronics,2022-12-30,24,1.4,602.05,34,20469.7,842.87,0.0,175,4.6,5,0,No Complaint,219.53,0,12,2,3,1,2023-12-23,0.353,12-24 Months,Low Value,0,Dormant
CUST01057,Female,36,Single,Tier 3,Mobile,UPI,Beauty,2021-12-29,36,10.4,559.77,374,209353.98,5821.61,139718.64,119,5.9,4,0,No Complaint,35.34,1,163,1,2,0,,0.436,24+ Months,High Value,0,Dormant
CUST01058,Male,18,Single,Tier 3,Mobile,Net Banking,Grocery,2022-12-30,24,3.8,1452.61,91,132187.51,5519.92,132478.08,153,3.9,5,0,No Complaint,381.79,0,13,1,3,0,,0.143,12-24 Months,High Value,0,Dormant
CUST01059,Male,22,Married,Tier 3,Desktop,Credit Card,Fashion,2022-06-30,30,4.1,846.14,123,104075.22,3469.17,83260.08,40,1.0,5,1,No,47.68,0,8,26,4,0,,0.065,24+ Months,High Value,1,Slipping
CUST01060,Female,39,Married,Tier 2,Mobile,Credit Card,Grocery,2024-08-01,5,0.5,2655.44,2,5310.88,1327.72,31865.28,57,6.8,1,0,No Complaint,38.06,2,0,16,3,0,,0.0,3-6 Months,Mid Value,0,Slipping
CUST01061,Female,41,Single,Tier 2,Mobile,Credit Card,Beauty,2024-08-01,5,3.8,1055.33,19,20051.27,4010.25,96246.0,71,2.9,4,2,Yes,132.36,2,3,26,1,0,,0.158,3-6 Months,High Value,0,At Risk
CUST01062,Female,60,Single,Tier 2,Desktop,UPI,Electronics,2022-06-30,30,0.5,1665.01,15,24975.15,832.5,19980.0,57,3.0,3,0,No Complaint,750.59,4,0,23,2,0,,0.0,24+ Months,Low Value,0,Slipping
CUST01063,Female,62,Married,Tier 2,Tablet,Wallet,Home & Kitchen,2023-07-01,18,2.2,1347.33,40,53893.2,2964.13,71139.12,159,5.7,5,1,Yes,67.68,5,3,8,5,0,,0.075,12-24 Months,High Value,0,Dormant
CUST01064,Male,54,Single,Tier 3,Mobile,UPI,Home & Kitchen,2024-08-31,4,1.5,478.77,6,2872.62,718.16,17235.84,92,3.6,4,0,No Complaint,600.63,1,1,7,5,0,,0.167,3-6 Months,Low Value,0,Dormant
CUST01065,Male,53,Single,Tier 1,Desktop,Credit Card,Fashion,2024-01-31,11,2.1,623.55,23,14341.65,1309.46,31427.04,171,4.5,1,0,No Complaint,102.8,3,7,15,9,0,,0.304,6-12 Months,Mid Value,0,Dormant
CUST01066,Female,53,Married,Tier 3,Mobile,UPI,Home & Kitchen,2022-12-30,24,0.5,1800.65,12,21607.8,900.32,0.0,58,5.1,5,1,Yes,323.97,1,2,23,1,1,2023-11-07,0.167,12-24 Months,Mid Value,0,Slipping
CUST01067,Male,21,Married,Tier 3,Mobile,UPI,Electronics,2024-08-31,4,1.5,258.97,6,1553.82,388.46,9323.04,7,4.8,3,0,No Complaint,135.9,0,0,7,3,0,,0.0,3-6 Months,Low Value,0,Active
CUST01068,Male,53,Married,Tier 3,Desktop,UPI,Beauty,2023-07-01,18,0.5,1262.27,9,11360.43,631.14,15147.36,25,4.0,3,1,Yes,41.35,4,2,1,4,0,,0.222,12-24 Months,Low Value,0,Active
CUST01069,Male,35,Married,Tier 3,Tablet,UPI,Beauty,2024-12-01,1,0.5,792.53,1,792.53,396.26,9510.24,39,4.7,4,1,Yes,381.64,5,0,1,0,0,,0.0,0-3 Months,Low Value,0,Slipping
CUST01070,Male,33,Single,Tier 1,Mobile,UPI,Grocery,2024-07-01,6,2.7,533.03,16,8528.48,1439.18,34540.32,115,8.7,5,0,No Complaint,13.44,6,6,9,10,0,,0.375,3-6 Months,Mid Value,0,Dormant
CUST01071,Male,58,Married,Tier 1,Mobile,Net Banking,Electronics,2023-07-01,18,7.6,745.16,137,102086.92,5663.22,135917.28,33,6.8,5,0,No Complaint,206.65,4,22,1,2,0,,0.161,12-24 Months,High Value,0,Slipping
CUST01072,Male,35,Single,Tier 1,Mobile,Credit Card,Home & Kitchen,2024-10-01,3,3.8,2791.25,11,30703.75,10606.75,254562.0,69,6.2,4,0,No Complaint,319.76,3,1,8,2,0,,0.091,0-3 Months,High Value,0,At Risk
CUST01073,Male,39,Single,Tier 1,Mobile,UPI,Fashion,2024-08-31,4,1.6,268.64,6,1611.84,429.82,0.0,143,5.4,3,2,Yes,321.11,1,1,27,5,1,2024-12-14,0.167,3-6 Months,Low Value,0,Dormant
CUST01074,Male,19,Married,Tier 2,Mobile,Debit Card,Fashion,2022-06-30,30,0.5,382.57,15,5738.55,191.28,4590.72,23,7.5,3,0,No Complaint,191.71,3,0,1,4,0,,0.0,24+ Months,Low Value,0,Active
CUST01075,Female,38,Married,Tier 3,Mobile,Wallet,Electronics,2023-07-01,18,0.5,231.22,9,2080.98,115.61,2774.64,15,6.2,3,2,Yes,52.02,4,1,2,3,0,,0.111,12-24 Months,Low Value,0,Active
CUST01076,Male,53,Single,Tier 3,Mobile,UPI,Home & Kitchen,2024-03-01,10,0.5,660.75,5,3303.75,330.38,0.0,97,7.0,2,1,Yes,136.54,4,1,23,2,1,2024-06-25,0.2,6-12 Months,Low Value,0,Dormant
CUST01077,Male,61,Single,Tier 2,Mobile,UPI,Home & Kitchen,2024-08-31,4,9.3,579.85,37,21454.45,5392.6,0.0,125,7.1,4,0,No Complaint,178.74,1,1,5,3,1,2024-09-28,0.027,3-6 Months,High Value,0,Dormant
CUST01078,Female,56,Married,Tier 1,Mobile,Wallet,Fashion,2024-06-01,7,1.3,1004.64,9,9041.76,1306.03,31344.72,164,5.9,4,2,Yes,396.81,3,2,3,3,0,,0.222,6-12 Months,Mid Value,0,Dormant
CUST01079,Male,64,Married,Tier 1,Desktop,UPI,Home & Kitchen,2023-12-31,12,4.6,641.86,55,35302.3,2952.56,70861.44,119,5.6,4,4,No,31.31,1,8,2,5,0,,0.145,6-12 Months,High Value,1,Dormant
CUST01080,Female,56,Married,Tier 1,Mobile,Credit Card,Fashion,2024-10-01,3,3.1,1231.1,9,11079.9,3816.41,0.0,170,4.1,2,0,No Complaint,112.56,2,4,16,0,1,2024-10-04,0.444,0-3 Months,High Value,0,Dormant
CUST01081,Female,46,Single,Tier 2,Mobile,UPI,Sports,2024-03-01,10,2.3,517.28,23,11897.44,1189.74,28553.76,44,8.1,3,0,No Complaint,72.93,0,3,4,3,0,,0.13,6-12 Months,Mid Value,0,Slipping
CUST01082,Male,43,Married,Tier 2,Desktop,Wallet,Grocery,2024-05-01,8,7.4,3897.96,59,229979.64,28844.9,692277.6,62,4.6,3,1,Yes,100.46,5,11,8,3,0,,0.186,6-12 Months,High Value,0,At Risk
CUST01083,Male,38,Married,Tier 1,Desktop,Wallet,Fashion,2024-03-01,10,0.7,1380.87,7,9666.09,966.61,0.0,151,2.6,4,5,Yes,36.39,5,0,3,5,1,2024-06-07,0.0,6-12 Months,Mid Value,0,Dormant
CUST01084,Female,34,Married,Tier 1,Mobile,COD,Fashion,2024-10-31,2,1.5,1288.17,3,3864.51,1932.26,46374.24,146,5.3,4,3,No,44.13,3,0,6,8,0,,0.0,0-3 Months,Mid Value,1,Dormant
CUST01085,Female,33,Single,Tier 1,Mobile,UPI,Fashion,2024-10-31,2,5.0,1392.08,10,13920.8,6960.4,0.0,120,4.3,3,0,No Complaint,264.42,5,2,13,6,1,2024-11-25,0.2,0-3 Months,High Value,0,Dormant
CUST01086,Male,48,Single,Tier 2,Desktop,Credit Card,Fashion,2021-12-29,36,2.0,431.74,72,31085.28,863.48,20723.52,91,2.8,3,1,Yes,117.15,1,2,3,3,0,,0.028,24+ Months,Low Value,0,Dormant
CUST01087,Female,26,Single,Tier 2,Mobile,UPI,Beauty,2021-12-29,36,0.7,755.42,25,18885.5,528.79,12690.96,4,2.9,4,1,No,129.93,4,9,4,3,0,,0.36,24+ Months,Low Value,1,Active
CUST01088,Male,48,Single,Tier 2,Desktop,Net Banking,Fashion,2024-04-01,9,0.6,778.64,5,3893.2,467.18,11212.32,51,4.7,4,1,Yes,409.98,7,1,5,7,0,,0.2,6-12 Months,Low Value,0,Slipping
CUST01089,Female,31,Single,Tier 2,Mobile,Net Banking,Sports,2022-06-30,30,3.5,645.23,105,67749.15,2258.31,54199.44,29,4.8,3,1,Yes,49.39,2,4,7,4,0,,0.038,24+ Months,Mid Value,0,Active
CUST01090,Male,54,Married,Tier 3,Mobile,Credit Card,Grocery,2023-07-01,18,0.5,704.17,9,6337.53,352.08,8449.92,10,2.1,4,0,No Complaint,71.89,2,1,3,7,0,,0.111,12-24 Months,Low Value,0,Active
CUST01091,Female,19,Single,Tier 1,Mobile,Debit Card,Beauty,2024-10-31,2,6.1,1604.39,12,19252.68,9786.78,0.0,139,3.9,4,1,Yes,66.43,4,1,5,6,1,2024-11-21,0.083,0-3 Months,High Value,0,Dormant
CUST01092,Female,63,Married,Tier 2,Desktop,UPI,Fashion,2024-07-01,6,0.5,861.69,3,2585.07,430.84,10340.16,24,6.3,1,1,Yes,193.78,2,0,6,3,0,,0.0,3-6 Months,Low Value,0,Active
CUST01093,Female,31,Single,Tier 2,Desktop,Credit Card,Home & Kitchen,2024-07-01,6,2.5,1107.33,15,16609.95,2768.32,66439.68,64,1.0,3,1,Yes,148.78,5,1,4,5,0,,0.067,3-6 Months,High Value,0,At Risk
CUST01094,Male,50,Married,Tier 2,Mobile,Debit Card,Grocery,2023-07-01,18,2.3,275.28,41,11286.48,633.14,15195.36,175,4.1,3,1,Yes,114.8,4,11,1,1,0,,0.268,12-24 Months,Low Value,0,Dormant
CUST01095,Male,52,Married,Tier 3,Mobile,Credit Card,Home & Kitchen,2023-12-31,12,2.2,264.06,26,6865.56,580.93,13942.32,74,4.6,3,0,No Complaint,198.46,2,6,3,6,0,,0.231,6-12 Months,Low Value,0,At Risk
CUST01096,Male,56,Married,Tier 2,Mobile,Credit Card,Sports,2021-12-29,36,1.6,463.7,58,26894.6,741.92,17806.08,26,5.7,3,1,No,119.07,3,6,14,3,0,,0.103,24+ Months,Low Value,1,Active
CUST01097,Male,64,Single,Tier 2,Mobile,UPI,Fashion,2022-06-30,30,4.8,2828.82,144,407350.08,13578.34,0.0,124,4.1,3,0,No Complaint,304.67,5,1,3,7,1,2023-04-11,0.007,24+ Months,High Value,0,Dormant
CUST01098,Male,37,Married,Tier 1,Desktop,COD,Fashion,2022-06-30,30,2.7,3662.87,81,296692.47,9889.75,237354.0,145,3.8,3,0,No Complaint,95.05,2,2,14,2,0,,0.025,24+ Months,High Value,0,Dormant
CUST01099,Female,19,Married,Tier 2,Mobile,Net Banking,Beauty,2021-12-29,36,3.8,1786.67,137,244773.79,6789.35,0.0,50,5.6,5,2,Yes,398.31,5,1,4,5,1,2022-05-20,0.007,24+ Months,High Value,0,Slipping
CUST01100,Male,58,Married,Tier 1,Tablet,Wallet,Home & Kitchen,2022-06-30,30,0.5,681.27,15,10219.05,340.64,0.0,145,4.4,3,1,Yes,22.93,3,3,16,1,1,2024-08-29,0.2,24+ Months,Low Value,0,Dormant
CUST01101,Male,36,Married,Tier 1,Mobile,COD,Grocery,2024-07-01,6,0.5,1210.22,3,3630.66,605.11,14522.64,49,7.7,3,1,Yes,17.76,2,0,4,4,0,,0.0,3-6 Months,Low Value,0,Slipping
CUST01102,Female,54,Married,Tier 2,Tablet,Debit Card,Electronics,2024-08-31,4,0.5,2172.27,2,4344.54,1086.14,0.0,125,5.6,3,3,Yes,191.92,3,0,3,1,1,2024-10-05,0.0,3-6 Months,Mid Value,0,Dormant
CUST01103,Female,35,Single,Tier 2,Desktop,UPI,Grocery,2023-12-31,12,0.5,3288.18,6,19729.08,1644.09,39458.16,23,6.0,5,0,No Complaint,88.89,2,2,2,4,0,,0.333,6-12 Months,Mid Value,0,Active
CUST01104,Female,33,Married,Tier 1,Mobile,Wallet,Electronics,2022-12-30,24,2.7,401.41,65,26091.65,1083.81,26011.44,77,4.6,4,0,No Complaint,109.49,1,5,3,5,0,,0.077,12-24 Months,Mid Value,0,At Risk
CUST01105,Female,21,Married,Tier 2,Mobile,Debit Card,Fashion,2024-05-01,8,1.7,1035.74,14,14500.36,1760.76,42258.24,94,7.9,4,0,No Complaint,214.34,2,1,2,3,0,,0.071,6-12 Months,Mid Value,0,Dormant
CUST01106,Male,29,Married,Tier 2,Mobile,Debit Card,Electronics,2022-06-30,30,3.5,716.36,105,75217.8,2507.26,0.0,130,3.5,4,0,No Complaint,43.47,3,17,11,3,1,2023-06-24,0.162,24+ Months,Mid Value,0,Dormant
CUST01107,Male,46,Married,Tier 1,Mobile,Debit Card,Fashion,2021-12-29,36,0.5,1353.22,18,24357.96,676.61,16238.64,117,2.4,3,1,Yes,8.09,4,3,32,6,0,,0.167,24+ Months,Low Value,0,Dormant
CUST01108,Female,24,Married,Tier 2,Mobile,COD,Electronics,2023-12-31,12,1.1,931.31,13,12107.03,1024.44,0.0,153,4.3,5,2,Yes,104.01,2,2,4,2,1,2024-11-23,0.154,6-12 Months,Mid Value,0,Dormant
CUST01109,Female,31,Single,Tier 2,Mobile,UPI,Sports,2024-04-01,9,5.5,445.76,50,22288.0,2451.68,0.0,33,4.0,2,0,No Complaint,405.21,0,14,3,2,1,2024-12-17,0.28,6-12 Months,Mid Value,0,Slipping
CUST01110,Male,29,Married,Tier 2,Tablet,UPI,Home & Kitchen,2022-06-30,30,6.9,1183.67,207,245019.69,8167.32,0.0,119,4.3,4,0,No Complaint,107.85,2,43,8,5,1,2023-08-13,0.208,24+ Months,High Value,0,Dormant
CUST01111,Female,52,Married,Tier 2,Mobile,Debit Card,Sports,2024-12-01,1,6.4,551.37,6,3308.22,3528.77,84690.48,23,8.1,2,1,Yes,152.74,2,1,5,3,0,,0.167,0-3 Months,High Value,0,Active
CUST01112,Male,22,Married,Tier 1,Desktop,Net Banking,Beauty,2024-10-31,2,4.3,875.89,9,7883.01,3766.33,0.0,86,3.1,4,0,No Complaint,42.06,2,1,1,5,1,2024-12-13,0.111,0-3 Months,High Value,0,At Risk
CUST01113,Male,34,Married,Tier 2,Tablet,Debit Card,Electronics,2022-06-30,30,2.9,905.79,87,78803.73,2626.79,0.0,94,4.4,2,1,Yes,112.28,4,1,3,8,1,2024-11-09,0.011,24+ Months,High Value,0,Dormant
CUST01114,Male,59,Married,Tier 3,Desktop,Credit Card,Beauty,2022-12-30,24,6.1,2924.66,146,427000.36,17840.43,428170.32,5,1.6,4,0,No Complaint,117.93,0,21,13,3,0,,0.144,12-24 Months,High Value,0,Active
CUST01115,Female,49,Married,Tier 2,Mobile,Credit Card,Home & Kitchen,2024-05-01,8,3.1,1123.79,25,28094.75,3483.75,0.0,13,7.9,2,1,No,48.25,6,2,1,8,1,2024-09-15,0.08,6-12 Months,High Value,1,Active
CUST01116,Female,27,Single,Tier 1,Mobile,COD,Sports,2021-12-29,36,7.7,843.5,277,233649.5,6494.95,155878.8,151,1.0,4,0,No Complaint,32.2,5,1,2,2,0,,0.004,24+ Months,High Value,0,Dormant
CUST01117,Male,60,Married,Tier 2,Mobile,COD,Beauty,2024-06-01,7,0.5,1490.68,4,5962.72,745.34,17888.16,52,4.8,3,0,No Complaint,77.61,3,1,29,4,0,,0.25,6-12 Months,Low Value,0,Slipping
CUST01118,Female,34,Married,Tier 3,Mobile,Debit Card,Fashion,2023-07-01,18,6.4,483.52,115,55604.8,3094.53,74268.72,62,2.1,5,0,No Complaint,7.14,3,45,3,7,0,,0.391,12-24 Months,High Value,0,At Risk
CUST01119,Male,22,Married,Tier 1,Mobile,UPI,Fashion,2023-07-01,18,2.0,963.59,36,34689.24,1927.18,46252.32,115,2.0,1,0,No Complaint,32.77,1,3,15,4,0,,0.083,12-24 Months,Mid Value,0,Dormant
CUST01120,Male,62,Married,Tier 3,Desktop,Net Banking,Fashion,2024-10-01,3,0.5,1399.82,2,2799.64,699.91,0.0,40,2.9,4,2,No,236.58,4,1,18,1,1,2024-11-12,0.5,0-3 Months,Low Value,1,Slipping
CUST01121,Female,59,Married,Tier 3,Mobile,Debit Card,Sports,2024-08-01,5,0.6,1355.82,3,4067.46,813.49,19523.76,35,2.5,4,0,No Complaint,188.52,2,0,9,8,0,,0.0,3-6 Months,Low Value,0,Slipping
CUST01122,Female,26,Married,Tier 1,Mobile,COD,Electronics,2021-12-29,36,4.8,619.74,173,107215.02,2974.75,71394.0,76,5.0,5,3,Yes,67.52,2,56,5,4,0,,0.324,24+ Months,High Value,0,At Risk
CUST01123,Female,50,Single,Tier 3,Tablet,UPI,Home & Kitchen,2024-10-01,3,1.8,1158.35,5,5791.75,2085.03,50040.72,11,2.2,5,2,Yes,144.2,1,0,25,3,0,,0.0,0-3 Months,Mid Value,0,Active
CUST01124,Female,53,Single,Tier 2,Mobile,Credit Card,Electronics,2024-10-01,3,10.2,1445.52,31,44811.12,14744.3,353863.2,165,6.4,5,0,No Complaint,318.3,2,2,26,2,0,,0.065,0-3 Months,High Value,0,Dormant
CUST01125,Female,53,Married,Tier 3,Mobile,Net Banking,Grocery,2024-03-01,10,0.5,476.48,5,2382.4,238.24,0.0,169,6.9,3,0,No Complaint,328.91,7,1,8,0,1,2024-03-15,0.2,6-12 Months,Low Value,0,Dormant
CUST01126,Female,35,Single,Tier 2,Desktop,UPI,Fashion,2024-10-31,2,1.3,588.23,3,1764.69,764.7,0.0,81,7.5,3,0,No Complaint,191.23,3,0,11,0,1,2024-11-07,0.0,0-3 Months,Low Value,0,At Risk
CUST01127,Male,26,Married,Tier 2,Mobile,Credit Card,Fashion,2021-12-29,36,1.0,716.45,36,25792.2,716.45,17194.8,38,1.7,3,0,No Complaint,23.84,1,6,17,2,0,,0.167,24+ Months,Low Value,0,Slipping
CUST01128,Male,46,Married,Tier 2,Mobile,Credit Card,Electronics,2024-10-31,2,1.8,4585.58,4,18342.32,8254.04,0.0,85,3.1,4,1,Yes,32.01,0,0,1,5,1,2024-12-26,0.0,0-3 Months,High Value,0,At Risk
CUST01129,Male,31,Single,Tier 3,Mobile,COD,Grocery,2023-07-01,18,2.5,531.88,45,23934.6,1329.7,31912.8,18,3.6,3,0,No Complaint,62.07,1,7,7,0,0,,0.156,12-24 Months,Mid Value,0,Active
CUST01130,Male,42,Married,Tier 1,Desktop,UPI,Fashion,2024-07-01,6,2.7,1127.31,16,18036.96,3043.74,73049.76,72,3.5,4,1,No,199.95,3,6,16,7,0,,0.375,3-6 Months,High Value,1,At Risk
CUST01131,Female,32,Married,Tier 2,Mobile,UPI,Beauty,2022-06-30,30,0.5,701.24,15,10518.6,350.62,8414.88,14,5.9,1,1,Yes,53.71,4,2,20,2,0,,0.133,24+ Months,Low Value,0,Active
CUST01132,Male,23,Single,Tier 1,Mobile,Net Banking,Electronics,2023-07-01,18,0.5,465.79,9,4192.11,232.9,0.0,127,5.1,1,1,Yes,112.4,4,0,60,6,1,2024-03-24,0.0,12-24 Months,Low Value,0,Dormant
CUST01133,Male,59,Single,Tier 1,Mobile,Debit Card,Beauty,2024-05-01,8,0.5,1463.43,4,5853.72,731.72,17561.28,50,2.8,4,1,Yes,314.28,2,0,11,3,0,,0.0,6-12 Months,Low Value,0,Slipping
CUST01134,Male,46,Married,Tier 1,Mobile,UPI,Fashion,2021-12-29,36,5.0,334.43,180,60197.4,1672.15,0.0,94,4.0,5,2,Yes,400.24,0,5,2,5,1,2022-12-29,0.028,24+ Months,Mid Value,0,Dormant
CUST01135,Female,32,Single,Tier 2,Mobile,UPI,Grocery,2024-12-01,1,0.9,2466.29,1,2466.29,2219.66,53271.84,3,4.4,4,1,No,328.24,3,0,8,3,0,,0.0,0-3 Months,Mid Value,1,Active
CUST01136,Male,46,Single,Tier 1,Mobile,Wallet,Electronics,2023-12-31,12,1.1,433.75,13,5638.75,477.13,11451.12,94,4.2,2,3,Yes,22.28,4,2,36,1,0,,0.154,6-12 Months,Low Value,0,Dormant
CUST01137,Female,21,Single,Tier 1,Mobile,UPI,Beauty,2021-12-29,36,1.5,563.48,54,30427.92,845.22,20285.28,1,3.2,5,1,Yes,434.94,0,12,7,3,0,,0.222,24+ Months,Low Value,0,Active
CUST01138,Male,35,Single,Tier 1,Mobile,Debit Card,Electronics,2022-12-30,24,4.7,1339.83,113,151400.79,6297.2,151132.8,166,2.5,4,0,No Complaint,207.44,1,1,4,6,0,,0.009,12-24 Months,High Value,0,Dormant
CUST01139,Male,61,Married,Tier 1,Mobile,Credit Card,Grocery,2022-12-30,24,0.5,1520.45,12,18245.4,760.22,18245.28,90,5.9,4,0,No Complaint,173.59,2,4,3,3,0,,0.333,12-24 Months,Low Value,0,At Risk
CUST01140,Female,56,Single,Tier 2,Mobile,Net Banking,Home & Kitchen,2024-12-01,1,0.5,1057.13,1,1057.13,528.57,12685.68,18,2.4,3,0,No Complaint,51.19,2,0,3,6,0,,0.0,0-3 Months,Low Value,0,Active
CUST01141,Female,33,Married,Tier 3,Desktop,COD,Fashion,2024-12-01,1,2.9,618.34,3,1855.02,1793.19,0.0,62,5.8,4,0,No Complaint,474.17,0,0,11,2,1,2024-12-19,0.0,0-3 Months,Mid Value,0,At Risk
CUST01142,Male,28,Single,Tier 1,Mobile,Debit Card,Fashion,2024-12-01,1,8.3,294.3,8,2354.4,2442.69,58624.56,9,4.9,3,0,No Complaint,3.15,4,1,2,3,0,,0.125,0-3 Months,Mid Value,0,Active
CUST01143,Female,31,Married,Tier 3,Mobile,UPI,Beauty,2021-12-29,36,2.6,843.07,94,79248.58,2191.98,52607.52,96,3.0,5,0,No Complaint,15.44,2,24,8,3,0,,0.255,24+ Months,Mid Value,0,Dormant
CUST01144,Female,20,Single,Tier 2,Desktop,Net Banking,Grocery,2021-12-29,36,0.8,495.21,29,14361.09,396.17,9508.08,22,5.4,4,2,No,30.03,3,4,8,6,0,,0.138,24+ Months,Low Value,1,Active
CUST01145,Male,59,Married,Tier 2,Desktop,Credit Card,Electronics,2024-07-01,6,1.8,4858.27,11,53440.97,8744.89,209877.36,85,3.2,4,0,No Complaint,213.24,6,4,2,3,0,,0.364,3-6 Months,High Value,0,At Risk
CUST01146,Female,55,Married,Tier 2,Mobile,Wallet,Electronics,2024-07-01,6,9.2,985.46,55,54200.3,9066.23,217589.52,55,5.5,4,0,No Complaint,175.52,1,19,6,2,0,,0.345,3-6 Months,High Value,0,Slipping
CUST01147,Female,62,Married,Tier 3,Mobile,Credit Card,Fashion,2024-10-01,3,1.9,364.15,6,2184.9,691.88,0.0,137,3.1,2,0,No Complaint,521.02,2,0,16,1,1,2024-11-03,0.0,0-3 Months,Low Value,0,Dormant
CUST01148,Female,59,Married,Tier 1,Mobile,Debit Card,Fashion,2024-07-01,6,1.2,711.55,7,4980.85,853.86,20492.64,87,4.7,4,1,Yes,77.26,1,0,13,6,0,,0.0,3-6 Months,Low Value,0,At Risk
CUST01149,Female,35,Married,Tier 2,Mobile,UPI,Electronics,2024-06-01,7,1.2,1526.26,8,12210.08,1831.51,0.0,152,4.4,4,1,No,76.88,1,1,7,9,1,2024-06-10,0.125,6-12 Months,Mid Value,1,Dormant
CUST01150,Female,37,Married,Tier 2,Desktop,COD,Home & Kitchen,2022-12-30,24,8.5,2025.83,204,413269.32,17219.56,0.0,169,3.4,4,3,Yes,199.31,5,4,9,3,1,2023-04-20,0.02,12-24 Months,High Value,0,Dormant
CUST01151,Female,42,Single,Tier 2,Mobile,Credit Card,Electronics,2022-06-30,30,3.2,723.04,96,69411.84,2313.73,0.0,174,3.9,3,1,Yes,34.44,7,2,1,2,1,2024-03-01,0.021,24+ Months,Mid Value,0,Dormant
CUST01152,Female,55,Married,Tier 3,Desktop,Credit Card,Grocery,2022-12-30,24,2.9,826.31,70,57841.7,2396.3,57511.2,47,3.3,5,0,No Complaint,112.27,0,11,1,7,0,,0.157,12-24 Months,Mid Value,0,Slipping
CUST01153,Female,30,Single,Tier 1,Mobile,UPI,Home & Kitchen,2023-07-01,18,0.7,1333.21,13,17331.73,933.25,0.0,138,6.6,4,0,No Complaint,2.8,2,3,4,3,1,2024-09-17,0.231,12-24 Months,Mid Value,0,Dormant
CUST01154,Female,21,Married,Tier 2,Mobile,UPI,Electronics,2022-12-30,24,2.0,466.39,48,22386.72,932.78,0.0,79,3.2,1,0,No Complaint,161.39,2,10,4,1,1,2023-12-18,0.208,12-24 Months,Mid Value,0,At Risk
CUST01155,Female,31,Married,Tier 2,Desktop,UPI,Beauty,2022-12-30,24,1.1,1144.9,26,29767.4,1259.39,30225.36,77,4.4,4,0,No Complaint,275.84,1,6,3,6,0,,0.231,12-24 Months,Mid Value,0,At Risk
CUST01156,Female,50,Married,Tier 2,Mobile,Credit Card,Home & Kitchen,2024-03-01,10,0.7,1096.6,7,7676.2,767.62,0.0,156,1.0,5,2,Yes,41.01,4,1,8,1,1,2024-08-08,0.143,6-12 Months,Low Value,0,Dormant
CUST01157,Male,45,Single,Tier 1,Mobile,Net Banking,Fashion,2024-07-01,6,5.6,1304.43,34,44350.62,7304.81,175315.44,27,3.3,4,0,No Complaint,66.05,2,0,7,3,0,,0.0,3-6 Months,High Value,0,Active
CUST01158,Female,54,Single,Tier 2,Tablet,Credit Card,Electronics,2024-08-01,5,1.2,873.76,6,5242.56,1048.51,25164.24,86,5.6,3,0,No Complaint,25.45,2,0,9,3,0,,0.0,3-6 Months,Mid Value,0,At Risk
CUST01159,Female,25,Single,Tier 3,Desktop,COD,Sports,2023-07-01,18,0.8,300.31,14,4204.34,240.25,0.0,107,5.4,4,1,Yes,172.13,6,1,2,7,1,2024-09-19,0.071,12-24 Months,Low Value,0,Dormant
CUST01160,Male,61,Single,Tier 2,Desktop,UPI,Sports,2021-12-29,36,6.7,1053.03,241,253780.23,7055.3,0.0,12,5.3,2,0,No Complaint,149.43,3,8,1,1,1,2024-11-10,0.033,24+ Months,High Value,0,Active
CUST01161,Female,51,Single,Tier 3,Mobile,Debit Card,Fashion,2023-07-01,18,0.5,486.28,9,4376.52,243.14,0.0,155,4.4,4,4,Yes,315.18,4,2,27,7,1,2023-10-27,0.222,12-24 Months,Low Value,0,Dormant
CUST01162,Male,61,Single,Tier 2,Mobile,Credit Card,Fashion,2021-12-29,36,3.4,3005.28,122,366644.16,10217.95,245230.8,57,5.0,4,3,Yes,633.25,3,32,12,3,0,,0.262,24+ Months,High Value,0,Slipping
CUST01163,Male,22,Married,Tier 1,Tablet,Wallet,Fashion,2024-12-01,1,2.6,3066.04,3,9198.12,7971.7,0.0,118,7.1,1,2,Yes,740.36,1,0,5,4,1,2024-12-13,0.0,0-3 Months,High Value,0,Dormant
CUST01164,Female,22,Married,Tier 1,Mobile,COD,Electronics,2022-06-30,30,6.3,402.88,189,76144.32,2538.14,60915.36,167,2.8,3,0,No Complaint,20.4,3,1,1,3,0,,0.005,24+ Months,Mid Value,0,Dormant
CUST01165,Male,48,Married,Tier 1,Desktop,Credit Card,Electronics,2022-06-30,30,4.5,493.48,135,66619.8,2220.66,53295.84,129,6.7,2,0,No Complaint,144.99,4,6,2,5,0,,0.044,24+ Months,Mid Value,0,Dormant
CUST01166,Female,62,Married,Tier 2,Mobile,COD,Grocery,2023-07-01,18,3.1,178.48,56,9994.88,553.29,0.0,159,2.9,3,0,No Complaint,280.62,2,13,1,3,1,2024-01-11,0.232,12-24 Months,Low Value,0,Dormant
CUST01167,Female,26,Married,Tier 1,Mobile,UPI,Home & Kitchen,2021-12-29,36,0.9,1502.39,32,48076.48,1352.15,32451.6,13,5.0,3,0,No Complaint,193.65,6,4,5,4,0,,0.125,24+ Months,Mid Value,0,Active
CUST01168,Male,59,Married,Tier 2,Tablet,Debit Card,Electronics,2023-07-01,18,1.7,601.14,31,18635.34,1021.94,24526.56,89,3.0,5,0,No Complaint,409.12,5,1,2,4,0,,0.032,12-24 Months,Mid Value,0,At Risk
CUST01169,Male,49,Married,Tier 2,Mobile,UPI,Home & Kitchen,2024-08-01,5,7.2,1085.11,36,39063.96,7812.79,187506.96,102,6.0,4,0,No Complaint,104.92,6,7,6,3,0,,0.194,3-6 Months,High Value,0,Dormant
CUST01170,Male,50,Single,Tier 1,Mobile,Credit Card,Fashion,2024-08-31,4,0.5,615.59,2,1231.18,307.8,0.0,124,2.2,4,1,Yes,100.27,1,0,1,3,1,2024-10-02,0.0,3-6 Months,Low Value,0,Dormant
CUST01171,Female,20,Married,Tier 1,Mobile,UPI,Fashion,2023-12-31,12,4.0,292.51,48,14040.48,1170.04,28080.96,21,2.7,3,0,No Complaint,4.76,4,5,10,3,0,,0.104,6-12 Months,Mid Value,0,Active
CUST01172,Female,47,Married,Tier 1,Mobile,COD,Grocery,2021-12-29,36,0.7,1040.49,25,26012.25,728.34,0.0,118,4.3,1,1,Yes,2.84,1,5,1,3,1,2022-03-29,0.2,24+ Months,Low Value,0,Dormant
CUST01173,Female,29,Single,Tier 2,Mobile,Credit Card,Fashion,2024-10-31,2,0.5,2213.09,1,2213.09,1106.54,26556.96,27,3.1,3,1,Yes,212.36,1,0,3,5,0,,0.0,0-3 Months,Mid Value,0,Active
CUST01174,Male,46,Married,Tier 1,Mobile,COD,Electronics,2023-07-01,18,0.7,880.42,13,11445.46,616.29,14790.96,13,3.2,4,3,Yes,114.78,6,2,8,6,0,,0.154,12-24 Months,Low Value,0,Active
CUST01175,Female,20,Single,Tier 1,Mobile,Credit Card,Home & Kitchen,2022-12-30,24,0.5,437.53,12,5250.36,218.76,5250.24,85,4.3,4,2,No,194.31,3,1,1,3,0,,0.083,12-24 Months,Low Value,1,At Risk
CUST01176,Male,43,Single,Tier 3,Desktop,UPI,Fashion,2024-10-31,2,12.1,809.38,24,19425.12,9793.5,235044.0,108,2.2,4,0,No Complaint,48.98,8,7,31,7,0,,0.292,0-3 Months,High Value,0,Dormant
CUST01177,Female,47,Married,Tier 3,Mobile,COD,Beauty,2024-10-31,2,5.1,1286.02,10,12860.2,6558.7,0.0,172,4.7,3,1,Yes,357.92,5,1,2,3,1,2024-12-15,0.1,0-3 Months,High Value,0,Dormant
CUST01178,Male,26,Single,Tier 1,Tablet,COD,Electronics,2024-06-01,7,1.8,779.55,13,10134.15,1403.19,0.0,126,5.2,1,1,Yes,419.7,3,1,1,2,1,2024-09-20,0.077,6-12 Months,Mid Value,0,Dormant
CUST01179,Female,43,Single,Tier 2,Mobile,Net Banking,Fashion,2024-08-01,5,3.1,416.13,16,6658.08,1290.0,0.0,106,1.7,4,3,Yes,195.41,8,1,9,4,1,2024-08-01,0.062,3-6 Months,Mid Value,0,Dormant
CUST01180,Female,19,Single,Tier 2,Mobile,Debit Card,Grocery,2024-08-31,4,2.0,3691.75,8,29534.0,7383.5,177204.0,39,4.9,1,1,Yes,58.58,5,1,4,5,0,,0.125,3-6 Months,High Value,0,Slipping
CUST01181,Female,20,Married,Tier 3,Mobile,COD,Home & Kitchen,2024-08-31,4,4.2,311.44,17,5294.48,1308.05,0.0,28,4.9,1,0,No Complaint,43.84,2,1,27,1,1,2024-11-05,0.059,3-6 Months,Mid Value,0,Active
CUST01182,Male,63,Single,Tier 2,Desktop,COD,Electronics,2024-10-01,3,4.7,4412.62,14,61776.68,20739.31,497743.44,109,5.3,3,0,No Complaint,176.79,1,1,1,5,0,,0.071,0-3 Months,High Value,0,Dormant
CUST01183,Female,21,Married,Tier 1,Tablet,UPI,Grocery,2023-07-01,18,0.7,841.37,13,10937.81,588.96,14135.04,40,4.7,4,1,No,508.76,3,4,4,5,0,,0.308,12-24 Months,Low Value,1,Slipping
CUST01184,Female,42,Single,Tier 2,Desktop,UPI,Home & Kitchen,2022-12-30,24,1.5,1682.52,36,60570.72,2523.78,60570.72,127,5.1,5,3,No,155.34,3,7,7,3,0,,0.194,12-24 Months,Mid Value,1,Dormant
CUST01185,Male,30,Married,Tier 2,Mobile,UPI,Beauty,2022-12-30,24,2.5,1043.83,60,62629.8,2609.57,62629.68,21,5.1,2,3,Yes,329.08,2,4,6,12,0,,0.067,12-24 Months,High Value,0,Active
CUST01186,Female,56,Married,Tier 1,Mobile,UPI,Fashion,2024-01-31,11,9.6,485.71,106,51485.26,4662.82,111907.68,61,4.9,4,0,No Complaint,150.0,1,8,5,3,0,,0.075,6-12 Months,High Value,0,At Risk
CUST01187,Female,61,Single,Tier 2,Desktop,Credit Card,Beauty,2021-12-29,36,2.9,2276.1,104,236714.4,6600.69,158416.56,139,5.2,4,2,Yes,202.09,2,9,4,2,0,,0.087,24+ Months,High Value,0,Dormant
CUST01188,Male,52,Single,Tier 2,Tablet,Wallet,Grocery,2021-12-29,36,5.7,1381.82,205,283273.1,7876.37,189032.88,149,7.3,5,1,Yes,150.99,3,1,14,3,0,,0.005,24+ Months,High Value,0,Dormant
CUST01189,Male,40,Single,Tier 1,Tablet,Credit Card,Beauty,2021-12-29,36,4.7,839.74,169,141916.06,3946.78,94722.72,62,6.9,4,0,No Complaint,154.17,3,8,1,5,0,,0.047,24+ Months,High Value,0,At Risk
CUST01190,Female,26,Married,Tier 1,Mobile,COD,Electronics,2024-05-01,8,2.2,1494.23,18,26896.14,3287.31,78895.44,38,4.3,5,0,No Complaint,241.95,3,1,6,6,0,,0.056,6-12 Months,High Value,0,Slipping
CUST01191,Male,19,Single,Tier 2,Tablet,Debit Card,Fashion,2022-06-30,30,5.6,815.56,168,137014.08,4567.14,0.0,172,3.4,4,1,Yes,90.83,6,22,7,6,1,2024-10-02,0.131,24+ Months,High Value,0,Dormant
CUST01192,Female,58,Single,Tier 1,Mobile,UPI,Grocery,2022-12-30,24,1.2,192.33,29,5577.57,230.8,0.0,137,6.8,3,1,Yes,421.81,4,5,17,7,1,2024-07-03,0.172,12-24 Months,Low Value,0,Dormant
CUST01193,Male,61,Single,Tier 3,Mobile,UPI,Electronics,2024-07-01,6,1.2,271.12,7,1897.84,325.34,7808.16,145,8.6,4,0,No Complaint,358.45,2,1,3,4,0,,0.143,3-6 Months,Low Value,0,Dormant
CUST01194,Female,48,Single,Tier 1,Mobile,Debit Card,Grocery,2024-10-31,2,3.8,884.08,8,7072.64,3359.5,80628.0,40,4.4,5,2,Yes,232.58,3,0,3,4,0,,0.0,0-3 Months,High Value,0,Slipping
CUST01195,Male,61,Single,Tier 1,Mobile,COD,Home & Kitchen,2022-12-30,24,0.5,718.84,12,8626.08,359.42,8626.08,76,5.4,4,0,No Complaint,244.86,5,1,13,2,0,,0.083,12-24 Months,Low Value,0,At Risk
CUST01196,Female,64,Married,Tier 2,Desktop,Wallet,Home & Kitchen,2024-10-01,3,0.9,843.29,3,2529.87,758.96,18215.04,13,3.9,4,1,Yes,95.97,2,0,3,3,0,,0.0,0-3 Months,Low Value,0,Active
CUST01197,Female,19,Married,Tier 3,Desktop,Credit Card,Electronics,2024-07-01,6,2.3,707.62,14,9906.68,1627.53,39060.72,20,5.5,3,0,No Complaint,321.65,3,3,1,6,0,,0.214,3-6 Months,Mid Value,0,Active
CUST01198,Female,49,Single,Tier 3,Desktop,Net Banking,Electronics,2024-01-31,11,1.4,409.46,15,6141.9,573.24,13757.76,40,1.0,4,0,No Complaint,485.51,3,0,6,4,0,,0.0,6-12 Months,Low Value,0,Slipping
CUST01199,Female,35,Married,Tier 2,Mobile,Credit Card,Grocery,2023-07-01,18,7.1,341.1,128,43660.8,2421.81,58123.44,55,3.6,4,0,No Complaint,285.38,4,5,11,4,0,,0.039,12-24 Months,Mid Value,0,Slipping
CUST01200,Male,30,Married,Tier 1,Mobile,Debit Card,Grocery,2021-12-29,36,8.0,496.68,288,143043.84,3973.44,95362.56,179,5.8,4,1,Yes,25.69,2,36,1,3,0,,0.125,24+ Months,High Value,0,Dormant
CUST01201,Female,63,Married,Tier 2,Desktop,Debit Card,Sports,2023-07-01,18,1.7,1522.34,31,47192.54,2587.98,62111.52,76,2.9,4,2,No,278.04,2,1,11,7,0,,0.032,12-24 Months,High Value,1,At Risk
CUST01202,Male,22,Married,Tier 2,Mobile,UPI,Grocery,2023-07-01,18,1.9,506.75,34,17229.5,962.82,23107.68,125,5.5,2,0,No Complaint,112.44,2,7,4,2,0,,0.206,12-24 Months,Mid Value,0,Dormant
CUST01203,Male,59,Married,Tier 1,Desktop,UPI,Fashion,2024-07-01,6,3.2,1862.18,19,35381.42,5958.98,0.0,162,5.4,4,0,No Complaint,168.89,7,4,24,1,1,2024-12-23,0.211,3-6 Months,High Value,0,Dormant
CUST01204,Male,61,Married,Tier 3,Desktop,UPI,Grocery,2022-12-30,24,1.5,434.57,36,15644.52,651.86,15644.64,45,5.5,3,0,No Complaint,851.12,4,0,1,6,0,,0.0,12-24 Months,Low Value,0,Slipping
CUST01205,Male,27,Married,Tier 1,Desktop,Credit Card,Grocery,2024-04-01,9,0.5,2058.19,4,8232.76,1029.1,0.0,26,3.6,2,1,Yes,80.15,3,0,3,3,1,2024-07-10,0.0,6-12 Months,Mid Value,0,Active
CUST01206,Female,60,Single,Tier 3,Mobile,COD,Grocery,2022-06-30,30,3.4,625.84,102,63835.68,2127.86,51068.64,44,5.9,5,0,No Complaint,77.13,5,16,2,2,0,,0.157,24+ Months,Mid Value,0,Slipping
CUST01207,Female,42,Single,Tier 3,Desktop,UPI,Grocery,2024-05-01,8,3.3,723.7,26,18816.2,2388.21,0.0,158,7.8,1,0,No Complaint,54.96,5,4,18,2,1,2024-08-02,0.154,6-12 Months,Mid Value,0,Dormant
CUST01208,Male,51,Single,Tier 2,Mobile,Debit Card,Fashion,2024-03-01,10,0.7,728.1,7,5096.7,509.67,12232.08,120,3.6,4,2,Yes,24.47,4,2,3,3,0,,0.286,6-12 Months,Low Value,0,Dormant
CUST01209,Male,54,Married,Tier 3,Mobile,UPI,Fashion,2024-04-01,9,4.5,1349.49,40,53979.6,6072.7,145744.8,81,3.3,5,0,No Complaint,33.14,1,0,2,2,0,,0.0,6-12 Months,High Value,0,At Risk
CUST01210,Female,47,Single,Tier 2,Desktop,COD,Electronics,2022-06-30,30,2.4,1071.11,72,77119.92,2570.66,0.0,147,4.2,2,1,Yes,129.98,4,8,10,4,1,2023-09-14,0.111,24+ Months,High Value,0,Dormant
CUST01211,Male,24,Married,Tier 1,Mobile,COD,Electronics,2021-12-29,36,0.7,989.72,25,24743.0,692.8,16627.2,43,5.0,3,0,No Complaint,433.03,3,2,24,7,0,,0.08,24+ Months,Low Value,0,Slipping
CUST01212,Male,23,Single,Tier 2,Desktop,COD,Fashion,2024-07-01,6,2.6,848.42,16,13574.72,2205.89,52941.36,43,2.6,4,1,Yes,298.84,2,2,7,2,0,,0.125,3-6 Months,Mid Value,0,Slipping
CUST01213,Male,20,Married,Tier 1,Mobile,Debit Card,Beauty,2024-03-01,10,0.7,602.7,7,4218.9,421.89,0.0,102,3.7,2,2,Yes,36.27,7,0,23,2,1,2024-04-05,0.0,6-12 Months,Low Value,0,Dormant
CUST01214,Female,30,Single,Tier 2,Mobile,UPI,Electronics,2022-12-30,24,0.8,1934.94,19,36763.86,1547.95,37150.8,142,7.1,5,0,No Complaint,148.47,8,5,9,5,0,,0.263,12-24 Months,Mid Value,0,Dormant
CUST01215,Female,20,Married,Tier 2,Desktop,COD,Home & Kitchen,2021-12-29,36,4.7,953.53,169,161146.57,4481.59,107558.16,47,6.5,1,2,No,337.83,2,5,2,3,0,,0.03,24+ Months,High Value,1,Slipping
CUST01216,Male,43,Married,Tier 2,Mobile,UPI,Fashion,2024-03-01,10,6.6,1342.01,66,88572.66,8857.27,212574.48,38,2.7,5,0,No Complaint,139.58,1,2,11,6,0,,0.03,6-12 Months,High Value,0,Slipping
CUST01217,Male,41,Single,Tier 1,Mobile,UPI,Fashion,2024-10-31,2,0.7,1032.87,1,1032.87,723.01,0.0,85,7.9,1,3,Yes,436.32,7,0,3,3,1,2024-12-30,0.0,0-3 Months,Low Value,0,At Risk
CUST01218,Female,23,Single,Tier 2,Mobile,UPI,Electronics,2024-06-01,7,6.6,668.41,46,30746.86,4411.51,105876.24,25,3.7,5,0,No Complaint,429.25,4,14,3,6,0,,0.304,6-12 Months,High Value,0,Active
CUST01219,Female,60,Married,Tier 3,Mobile,Debit Card,Fashion,2023-12-31,12,0.7,4801.9,8,38415.2,3361.33,0.0,134,5.1,5,2,Yes,77.06,3,0,13,3,1,2024-12-05,0.0,6-12 Months,High Value,0,Dormant
CUST01220,Male,59,Single,Tier 1,Desktop,Debit Card,Home & Kitchen,2024-05-01,8,0.5,2124.09,4,8496.36,1062.04,25488.96,104,4.6,4,0,No Complaint,372.76,4,0,2,4,0,,0.0,6-12 Months,Mid Value,0,Dormant
CUST01221,Female,29,Married,Tier 2,Mobile,Debit Card,Fashion,2024-10-01,3,0.5,615.19,2,1230.38,307.6,0.0,92,6.2,4,0,No Complaint,158.36,3,0,3,4,1,2024-11-12,0.0,0-3 Months,Low Value,0,Dormant
CUST01222,Male,53,Married,Tier 1,Desktop,Credit Card,Electronics,2024-12-01,1,0.7,3777.43,1,3777.43,2644.2,0.0,157,2.4,1,1,Yes,117.65,5,0,35,3,1,2024-12-20,0.0,0-3 Months,High Value,0,Dormant
CUST01223,Male,19,Married,Tier 2,Desktop,UPI,Home & Kitchen,2022-12-30,24,1.2,1718.42,29,49834.18,2062.1,49490.4,132,3.6,2,1,No,267.91,2,3,1,6,0,,0.103,12-24 Months,Mid Value,1,Dormant
CUST01224,Female,28,Married,Tier 1,Mobile,Net Banking,Electronics,2021-12-29,36,6.6,417.76,238,99426.88,2757.22,66173.28,27,2.8,3,1,Yes,280.59,1,16,8,4,0,,0.067,24+ Months,High Value,0,Active
CUST01225,Male,56,Married,Tier 2,Desktop,Credit Card,Fashion,2021-12-29,36,0.7,1664.7,25,41617.5,1165.29,27966.96,76,2.6,4,0,No Complaint,202.54,2,1,4,1,0,,0.04,24+ Months,Mid Value,0,At Risk
CUST01226,Female,51,Married,Tier 1,Mobile,Credit Card,Electronics,2022-12-30,24,1.1,1201.49,26,31238.74,1321.64,31719.36,58,3.2,5,1,No,299.78,3,1,3,1,0,,0.038,12-24 Months,Mid Value,1,Slipping
CUST01227,Male,43,Married,Tier 1,Mobile,Debit Card,Electronics,2022-06-30,30,3.3,1008.18,99,99809.82,3326.99,79847.76,144,3.0,4,0,No Complaint,544.43,5,13,1,5,0,,0.131,24+ Months,High Value,0,Dormant
CUST01228,Male,35,Single,Tier 3,Mobile,UPI,Fashion,2024-08-01,5,0.9,1826.8,4,7307.2,1644.12,39458.88,129,5.7,4,1,No,371.57,4,1,6,4,0,,0.25,3-6 Months,Mid Value,1,Dormant
CUST01229,Female,38,Single,Tier 1,Mobile,UPI,Electronics,2023-07-01,18,2.9,1139.78,52,59268.56,3305.36,79328.64,85,3.8,4,1,Yes,13.89,1,9,7,2,0,,0.173,12-24 Months,High Value,0,At Risk
CUST01230,Male,53,Single,Tier 2,Desktop,Credit Card,Home & Kitchen,2024-12-01,1,1.4,219.88,1,219.88,307.83,0.0,148,4.0,5,0,No Complaint,341.52,0,0,9,6,1,2024-12-11,0.0,0-3 Months,Low Value,0,Dormant
CUST01231,Female,57,Married,Tier 1,Mobile,UPI,Home & Kitchen,2022-12-30,24,0.5,348.14,12,4177.68,174.07,4177.68,74,1.2,4,2,Yes,273.8,4,2,12,5,0,,0.167,12-24 Months,Low Value,0,At Risk
CUST01232,Male,63,Single,Tier 2,Mobile,UPI,Fashion,2021-12-29,36,3.3,493.29,119,58701.51,1627.86,0.0,144,6.3,5,3,No,470.48,4,2,4,3,1,2022-09-10,0.017,24+ Months,Mid Value,1,Dormant
CUST01233,Male,61,Married,Tier 2,Desktop,Net Banking,Fashion,2022-06-30,30,0.5,3629.72,15,54445.8,1814.86,0.0,6,1.4,1,0,No Complaint,242.18,3,2,6,4,1,2024-07-06,0.133,24+ Months,Mid Value,0,Active
CUST01234,Male,39,Single,Tier 1,Desktop,Debit Card,Fashion,2024-01-31,11,0.9,1416.83,10,14168.3,1275.15,30603.6,25,4.7,3,0,No Complaint,378.46,1,3,1,8,0,,0.3,6-12 Months,Mid Value,0,Active
CUST01235,Female,47,Married,Tier 1,Mobile,Credit Card,Grocery,2022-06-30,30,1.1,1311.31,33,43273.23,1442.44,0.0,136,6.9,5,0,No Complaint,1.85,1,4,4,4,1,2023-05-03,0.121,24+ Months,Mid Value,0,Dormant
CUST01236,Male,60,Single,Tier 2,Desktop,Debit Card,Electronics,2021-12-29,36,1.5,968.25,54,52285.5,1452.38,34857.12,21,7.3,4,1,No,685.42,5,3,1,6,0,,0.056,24+ Months,Mid Value,1,Active
CUST01237,Female,47,Single,Tier 2,Mobile,Wallet,Home & Kitchen,2024-08-31,4,2.8,471.03,11,5181.33,1318.88,0.0,123,2.0,3,0,No Complaint,38.13,4,2,1,5,1,2024-11-03,0.182,3-6 Months,Mid Value,0,Dormant
CUST01238,Male,25,Single,Tier 3,Desktop,UPI,Beauty,2022-06-30,30,1.5,324.56,45,14605.2,486.84,11684.16,130,4.2,5,2,Yes,359.42,5,5,1,4,0,,0.111,24+ Months,Low Value,0,Dormant
CUST01239,Female,51,Single,Tier 2,Mobile,COD,Fashion,2024-08-01,5,2.3,1802.72,12,21632.64,4146.26,99510.24,119,5.9,5,3,Yes,477.67,3,0,1,4,0,,0.0,3-6 Months,High Value,0,Dormant
CUST01240,Male,64,Married,Tier 2,Desktop,Debit Card,Grocery,2022-06-30,30,2.3,2876.65,69,198488.85,6616.3,0.0,147,3.8,1,0,No Complaint,0.4,4,18,4,4,1,2023-05-12,0.261,24+ Months,High Value,0,Dormant
CUST01241,Female,26,Married,Tier 1,Mobile,UPI,Fashion,2024-10-31,2,1.2,1442.71,2,2885.42,1731.25,0.0,92,6.4,5,3,No,440.94,5,0,4,4,1,2024-12-12,0.0,0-3 Months,Mid Value,1,Dormant
CUST01242,Female,37,Single,Tier 1,Mobile,UPI,Fashion,2024-10-01,3,6.8,636.78,20,12735.6,4330.1,0.0,161,1.0,4,2,No,318.12,3,2,2,4,1,2024-11-22,0.1,0-3 Months,High Value,1,Dormant
CUST01243,Female,57,Married,Tier 1,Mobile,Credit Card,Fashion,2022-12-30,24,7.8,674.32,187,126097.84,5259.7,0.0,102,4.8,3,1,Yes,460.14,4,37,5,2,1,2023-11-29,0.198,12-24 Months,High Value,0,Dormant
CUST01244,Female,42,Single,Tier 1,Mobile,Debit Card,Fashion,2024-10-01,3,2.2,1458.54,7,10209.78,3208.79,77010.96,91,5.3,4,0,No Complaint,35.04,0,0,1,4,0,,0.0,0-3 Months,High Value,0,Dormant
CUST01245,Female,36,Single,Tier 1,Desktop,UPI,Grocery,2024-10-01,3,0.5,827.5,2,1655.0,413.75,0.0,92,2.4,5,0,No Complaint,270.46,1,1,3,4,1,2024-11-21,0.5,0-3 Months,Low Value,0,Dormant
CUST01246,Female,22,Married,Tier 2,Mobile,Debit Card,Grocery,2023-12-31,12,1.7,804.22,20,16084.4,1367.17,32812.08,164,5.9,4,1,Yes,120.32,1,3,1,3,0,,0.15,6-12 Months,Mid Value,0,Dormant
CUST01247,Male,28,Single,Tier 2,Desktop,Debit Card,Fashion,2022-06-30,30,0.5,615.88,15,9238.2,307.94,7390.56,44,2.7,5,1,Yes,53.64,8,5,1,4,0,,0.333,24+ Months,Low Value,0,Slipping
CUST01248,Male,32,Married,Tier 3,Desktop,Credit Card,Sports,2024-08-01,5,1.7,564.34,8,4514.72,959.38,0.0,125,7.4,2,1,Yes,254.03,2,1,7,7,1,2024-10-15,0.125,3-6 Months,Mid Value,0,Dormant
CUST01249,Female,25,Married,Tier 1,Desktop,Net Banking,Electronics,2022-06-30,30,0.5,825.32,15,12379.8,412.66,9903.84,44,3.9,4,2,No,115.39,3,2,10,3,0,,0.133,24+ Months,Low Value,1,Slipping
CUST01250,Female,36,Single,Tier 2,Mobile,Net Banking,Fashion,2022-06-30,30,3.0,296.31,90,26667.9,888.93,21334.32,17,4.2,3,4,Yes,414.26,4,27,2,4,0,,0.3,24+ Months,Mid Value,0,Active
CUST01251,Female,40,Married,Tier 3,Tablet,Credit Card,Fashion,2023-12-31,12,0.5,1385.09,6,8310.54,692.54,0.0,171,2.6,1,2,Yes,223.27,3,0,9,2,1,2024-10-09,0.0,6-12 Months,Low Value,0,Dormant
CUST01252,Male,44,Single,Tier 2,Desktop,Wallet,Grocery,2023-07-01,18,7.7,242.98,139,33774.22,1870.95,0.0,24,3.9,4,3,Yes,26.97,6,2,8,8,1,2023-11-08,0.014,12-24 Months,Mid Value,0,Active
CUST01253,Male,57,Married,Tier 1,Desktop,UPI,Sports,2024-12-01,1,0.5,1892.67,1,1892.67,946.34,0.0,123,3.2,4,1,Yes,51.97,1,0,12,7,1,2024-12-07,0.0,0-3 Months,Mid Value,0,Dormant
CUST01254,Male,49,Married,Tier 1,Mobile,UPI,Grocery,2024-06-01,7,2.7,620.56,19,11790.64,1675.51,40212.24,76,5.0,4,0,No Complaint,55.31,3,1,2,5,0,,0.053,6-12 Months,Mid Value,0,At Risk
CUST01255,Female,43,Married,Tier 1,Mobile,Credit Card,Sports,2024-08-01,5,6.2,826.12,31,25609.72,5121.94,122926.56,150,5.0,5,0,No Complaint,75.9,3,5,5,3,0,,0.161,3-6 Months,High Value,0,Dormant
CUST01256,Male,44,Single,Tier 1,Mobile,Debit Card,Electronics,2024-10-01,3,0.7,1326.93,2,2653.86,928.85,0.0,139,4.3,4,0,No Complaint,197.63,3,0,2,2,1,2024-11-23,0.0,0-3 Months,Mid Value,0,Dormant
CUST01257,Male,36,Single,Tier 2,Mobile,Debit Card,Electronics,2024-05-01,8,6.8,733.97,54,39634.38,4991.0,119784.0,26,4.8,2,1,No,404.54,3,9,16,4,0,,0.167,6-12 Months,High Value,1,Active
CUST01258,Male,59,Married,Tier 1,Mobile,Credit Card,Grocery,2024-06-01,7,1.2,535.45,8,4283.6,642.54,15420.96,84,2.5,5,0,No Complaint,162.12,3,0,8,9,0,,0.0,6-12 Months,Low Value,0,At Risk
CUST01259,Male,46,Married,Tier 1,Mobile,UPI,Beauty,2022-12-30,24,8.1,1097.19,194,212854.86,8887.24,213293.76,5,2.6,2,0,No Complaint,250.83,3,36,1,4,0,,0.186,12-24 Months,High Value,0,Active
CUST01260,Female,56,Married,Tier 2,Mobile,UPI,Electronics,2023-07-01,18,8.9,4183.18,160,669308.8,37230.3,893527.2,77,6.7,4,2,Yes,68.56,3,3,4,2,0,,0.019,12-24 Months,High Value,0,At Risk
CUST01261,Male,58,Single,Tier 3,Mobile,Net Banking,Home & Kitchen,2021-12-29,36,0.5,1558.47,18,28052.46,779.24,0.0,126,3.2,2,5,Yes,133.04,5,7,1,3,1,2024-02-13,0.389,24+ Months,Low Value,0,Dormant
CUST01262,Female,50,Married,Tier 2,Mobile,Net Banking,Fashion,2024-10-01,3,4.4,528.19,13,6866.47,2324.04,55776.96,42,5.0,5,0,No Complaint,126.26,3,2,33,4,0,,0.154,0-3 Months,Mid Value,0,Slipping
CUST01263,Male,36,Married,Tier 2,Desktop,Debit Card,Electronics,2024-12-01,1,0.5,701.75,1,701.75,350.88,8421.12,145,1.0,3,0,No Complaint,217.35,2,0,14,2,0,,0.0,0-3 Months,Low Value,0,Dormant
CUST01264,Male,54,Single,Tier 2,Mobile,Debit Card,Grocery,2024-01-31,11,0.6,642.84,7,4499.88,385.7,0.0,10,5.3,4,1,Yes,131.35,1,0,3,4,1,2024-04-29,0.0,6-12 Months,Low Value,0,Active
CUST01265,Male,36,Married,Tier 1,Desktop,Debit Card,Grocery,2024-12-01,1,0.5,436.09,1,436.09,218.04,5232.96,7,6.6,4,0,No Complaint,73.23,3,0,4,3,0,,0.0,0-3 Months,Low Value,0,Active
CUST01266,Male,50,Single,Tier 2,Mobile,UPI,Fashion,2022-06-30,30,0.5,1366.35,15,20495.25,683.18,0.0,5,4.7,2,2,Yes,50.33,2,2,4,2,1,2024-03-21,0.133,24+ Months,Low Value,0,Active
CUST01267,Male,64,Single,Tier 2,Mobile,Credit Card,Electronics,2024-01-31,11,2.5,714.63,28,20009.64,1786.58,0.0,51,4.8,4,1,No,52.92,2,6,9,4,1,2024-11-17,0.214,6-12 Months,Mid Value,1,Slipping
CUST01268,Male,33,Single,Tier 3,Mobile,Debit Card,Electronics,2024-03-01,10,1.5,1121.51,15,16822.65,1682.26,0.0,84,7.3,2,0,No Complaint,712.31,2,2,3,5,1,2024-08-02,0.133,6-12 Months,Mid Value,0,At Risk
CUST01269,Female,40,Married,Tier 1,Desktop,Debit Card,Beauty,2024-06-01,7,3.9,150.0,27,4050.0,585.0,14040.0,20,5.0,5,1,No,79.62,3,2,2,2,0,,0.074,6-12 Months,Low Value,1,Active
CUST01270,Male,24,Married,Tier 2,Mobile,UPI,Beauty,2024-06-01,7,1.0,1455.37,7,10187.59,1455.37,34928.88,179,3.3,5,0,No Complaint,295.74,0,3,2,8,0,,0.429,6-12 Months,Mid Value,0,Dormant
CUST01271,Female,43,Married,Tier 1,Desktop,Wallet,Beauty,2024-04-01,9,8.7,593.24,78,46272.72,5161.19,123868.56,179,3.7,5,4,Yes,13.33,5,21,13,0,0,,0.269,6-12 Months,High Value,0,Dormant
CUST01272,Female,49,Single,Tier 2,Mobile,COD,Electronics,2024-12-01,1,0.5,444.22,1,444.22,222.11,0.0,94,3.4,3,0,No Complaint,16.91,1,0,1,6,1,2024-12-13,0.0,0-3 Months,Low Value,0,Dormant
CUST01273,Female,29,Single,Tier 1,Mobile,UPI,Sports,2024-10-31,2,0.5,352.0,1,352.0,176.0,0.0,102,6.3,1,3,No,208.59,4,0,4,9,1,2024-12-05,0.0,0-3 Months,Low Value,1,Dormant
CUST01274,Male,25,Married,Tier 1,Desktop,Debit Card,Home & Kitchen,2024-01-31,11,3.0,471.59,33,15562.47,1414.77,0.0,166,6.8,1,0,No Complaint,109.99,6,3,4,4,1,2024-01-31,0.091,6-12 Months,Mid Value,0,Dormant
CUST01275,Male,22,Married,Tier 3,Mobile,Net Banking,Fashion,2024-10-01,3,5.5,665.47,16,10647.52,3660.08,87841.92,138,6.4,4,0,No Complaint,382.39,1,1,7,1,0,,0.062,0-3 Months,High Value,0,Dormant
CUST01276,Male,59,Married,Tier 2,Desktop,UPI,Fashion,2022-12-30,24,4.0,1672.53,96,160562.88,6690.12,160562.88,31,3.2,4,0,No Complaint,356.78,1,15,1,5,0,,0.156,12-24 Months,High Value,0,Slipping
CUST01277,Male,45,Single,Tier 2,Mobile,Credit Card,Electronics,2024-08-01,5,1.7,658.13,8,5265.04,1118.82,0.0,142,4.6,5,3,Yes,253.65,1,0,1,5,1,2024-10-17,0.0,3-6 Months,Mid Value,0,Dormant
CUST01278,Female,22,Married,Tier 1,Mobile,Credit Card,Electronics,2024-10-31,2,0.8,1786.31,2,3572.62,1429.05,0.0,42,5.8,4,1,Yes,304.04,5,0,9,5,1,2024-11-18,0.0,0-3 Months,Mid Value,0,Slipping
CUST01279,Male,43,Married,Tier 1,Desktop,Credit Card,Home & Kitchen,2024-08-31,4,0.5,1101.59,2,2203.18,550.79,13218.96,78,2.4,5,2,No,367.94,3,0,6,3,0,,0.0,3-6 Months,Low Value,1,At Risk
CUST01280,Male,22,Married,Tier 2,Tablet,COD,Beauty,2024-06-01,7,1.8,3208.4,13,41709.2,5775.12,138602.88,96,6.1,4,0,No Complaint,275.49,3,4,1,2,0,,0.308,6-12 Months,High Value,0,Dormant
CUST01281,Female,39,Married,Tier 3,Mobile,Credit Card,Home & Kitchen,2024-12-01,1,1.6,632.29,2,1264.58,1011.66,0.0,129,6.0,4,0,No Complaint,134.72,1,0,4,4,1,2024-12-07,0.0,0-3 Months,Mid Value,0,Dormant
CUST01282,Female,32,Married,Tier 3,Desktop,UPI,Fashion,2024-10-01,3,1.1,1199.44,3,3598.32,1319.38,0.0,27,5.6,3,0,No Complaint,55.36,1,1,6,6,1,2024-11-25,0.333,0-3 Months,Mid Value,0,Active
CUST01283,Female,30,Married,Tier 2,Mobile,UPI,Grocery,2024-07-01,6,2.2,2152.04,13,27976.52,4734.49,113627.76,14,6.0,3,1,Yes,278.69,5,1,3,3,0,,0.077,3-6 Months,High Value,0,Active
CUST01284,Male,45,Married,Tier 2,Desktop,UPI,Electronics,2024-07-01,6,3.3,1395.83,20,27916.6,4606.24,110549.76,156,4.4,4,3,Yes,68.81,4,0,1,4,0,,0.0,3-6 Months,High Value,0,Dormant
CUST01285,Male,50,Married,Tier 3,Desktop,Credit Card,Fashion,2022-06-30,30,3.0,796.96,90,71726.4,2390.88,57381.12,148,3.0,4,0,No Complaint,50.54,5,5,1,8,0,,0.056,24+ Months,Mid Value,0,Dormant
CUST01286,Male,60,Single,Tier 2,Mobile,COD,Beauty,2022-06-30,30,0.8,638.22,24,15317.28,510.58,0.0,94,6.6,3,0,No Complaint,33.9,5,7,2,5,1,2024-09-11,0.292,24+ Months,Low Value,0,Dormant
CUST01287,Male,40,Married,Tier 2,Mobile,UPI,Fashion,2024-08-31,4,2.2,230.31,9,2072.79,506.68,0.0,119,4.6,2,1,Yes,177.6,7,1,1,3,1,2024-11-13,0.111,3-6 Months,Low Value,0,Dormant
CUST01288,Male,50,Married,Tier 1,Mobile,Debit Card,Grocery,2024-10-31,2,0.5,759.24,1,759.24,379.62,0.0,129,3.6,3,0,No Complaint,49.99,6,0,10,1,1,2024-12-08,0.0,0-3 Months,Low Value,0,Dormant
CUST01289,Male,60,Single,Tier 2,Mobile,Debit Card,Grocery,2023-07-01,18,0.5,470.74,9,4236.66,235.37,0.0,86,4.7,1,1,Yes,84.55,3,1,9,1,1,2024-05-25,0.111,12-24 Months,Low Value,0,At Risk
CUST01290,Male,35,Married,Tier 2,Mobile,UPI,Beauty,2022-06-30,30,3.9,614.48,117,71894.16,2396.47,57515.28,47,4.7,4,0,No Complaint,222.24,4,32,17,6,0,,0.274,24+ Months,Mid Value,0,Slipping
CUST01291,Male,47,Married,Tier 3,Mobile,Debit Card,Fashion,2021-12-29,36,3.0,930.91,108,100538.28,2792.73,67025.52,87,3.7,3,2,Yes,284.23,2,12,1,5,0,,0.111,24+ Months,High Value,0,At Risk
CUST01292,Male,43,Single,Tier 3,Tablet,Debit Card,Beauty,2024-12-01,1,3.7,301.04,4,1204.16,1113.85,0.0,171,5.5,3,2,No,68.04,2,1,8,6,1,2024-12-15,0.25,0-3 Months,Mid Value,1,Dormant
CUST01293,Female,33,Married,Tier 1,Mobile,Credit Card,Sports,2024-05-01,8,0.5,448.1,4,1792.4,224.05,5377.2,150,7.9,4,1,Yes,333.04,4,0,10,10,0,,0.0,6-12 Months,Low Value,0,Dormant
CUST01294,Female,30,Single,Tier 2,Mobile,Credit Card,Home & Kitchen,2022-12-30,24,6.2,1177.5,149,175447.5,7300.5,175212.0,84,2.3,4,0,No Complaint,10.75,3,49,7,9,0,,0.329,12-24 Months,High Value,0,At Risk
CUST01295,Female,56,Married,Tier 3,Mobile,Debit Card,Beauty,2022-06-30,30,0.5,370.37,15,5555.55,185.18,0.0,41,2.3,4,0,No Complaint,766.74,2,2,4,3,1,2023-09-25,0.133,24+ Months,Low Value,0,Slipping
CUST01296,Male,50,Married,Tier 1,Desktop,Wallet,Grocery,2024-12-01,1,5.1,869.88,5,4349.4,4436.39,106473.36,160,6.7,4,0,No Complaint,97.08,3,0,3,4,0,,0.0,0-3 Months,High Value,0,Dormant
CUST01297,Male,43,Married,Tier 1,Mobile,Credit Card,Electronics,2022-12-30,24,1.1,336.58,26,8751.08,370.24,8885.76,115,5.9,4,1,No,70.72,4,5,1,2,0,,0.192,12-24 Months,Low Value,1,Dormant
CUST01298,Male,18,Married,Tier 1,Mobile,Credit Card,Beauty,2024-08-01,5,0.5,1297.8,2,2595.6,648.9,15573.6,73,7.5,5,0,No Complaint,463.1,4,1,28,3,0,,0.5,3-6 Months,Low Value,0,At Risk
CUST01299,Female,55,Married,Tier 2,Mobile,Credit Card,Beauty,2024-10-31,2,0.8,1422.21,2,2844.42,1137.77,27306.48,20,7.9,4,3,Yes,25.56,3,0,1,10,0,,0.0,0-3 Months,Mid Value,0,Active
CUST01300,Female,19,Married,Tier 2,Mobile,UPI,Grocery,2024-03-01,10,0.5,2131.21,5,10656.05,1065.6,0.0,135,5.9,4,2,Yes,79.71,2,1,9,5,1,2024-10-13,0.2,6-12 Months,Mid Value,0,Dormant
CUST01301,Male,23,Single,Tier 2,Mobile,Debit Card,Beauty,2024-10-01,3,1.7,2146.59,5,10732.95,3649.2,0.0,57,2.4,5,0,No Complaint,80.02,3,0,17,5,1,2024-12-26,0.0,0-3 Months,High Value,0,Slipping
CUST01302,Female,63,Married,Tier 1,Mobile,Credit Card,Electronics,2022-12-30,24,7.5,1087.79,180,195802.2,8158.42,195802.08,109,5.1,2,1,No,99.41,1,10,18,5,0,,0.056,12-24 Months,High Value,1,Dormant
CUST01303,Male,55,Single,Tier 3,Mobile,UPI,Fashion,2022-12-30,24,1.0,261.6,24,6278.4,261.6,6278.4,102,3.9,4,1,Yes,339.5,4,1,21,4,0,,0.042,12-24 Months,Low Value,0,Dormant
CUST01304,Female,59,Married,Tier 1,Mobile,Credit Card,Grocery,2022-06-30,30,2.4,899.16,72,64739.52,2157.98,51791.52,126,5.4,4,0,No Complaint,340.74,2,5,9,2,0,,0.069,24+ Months,Mid Value,0,Dormant
CUST01305,Female,41,Married,Tier 1,Mobile,UPI,Fashion,2024-06-01,7,5.6,1237.12,39,48247.68,6927.87,166268.88,97,3.2,5,0,No Complaint,161.21,3,6,1,6,0,,0.154,6-12 Months,High Value,0,Dormant
CUST01306,Female,35,Married,Tier 2,Mobile,Credit Card,Electronics,2024-12-01,1,2.5,977.16,2,1954.32,2442.9,58629.6,113,5.5,3,0,No Complaint,863.75,3,0,6,2,0,,0.0,0-3 Months,Mid Value,0,Dormant
CUST01307,Female,44,Married,Tier 2,Mobile,UPI,Fashion,2024-08-01,5,1.1,2875.35,6,17252.1,3162.88,75909.12,15,5.8,3,2,Yes,334.61,2,0,5,2,0,,0.0,3-6 Months,High Value,0,Active
CUST01308,Female,58,Single,Tier 1,Tablet,UPI,Electronics,2024-03-01,10,11.7,2226.91,117,260548.47,26054.85,0.0,120,5.0,3,0,No Complaint,205.7,4,10,9,4,1,2024-06-18,0.085,6-12 Months,High Value,0,Dormant
CUST01309,Male,25,Single,Tier 1,Desktop,COD,Beauty,2022-12-30,24,0.5,914.47,12,10973.64,457.24,0.0,35,5.3,5,1,Yes,40.04,2,2,5,3,1,2024-06-05,0.167,12-24 Months,Low Value,0,Slipping
CUST01310,Female,45,Married,Tier 1,Mobile,Net Banking,Grocery,2024-05-01,8,1.9,1513.3,15,22699.5,2875.27,0.0,71,5.9,4,3,Yes,143.62,1,1,14,6,1,2024-08-30,0.067,6-12 Months,High Value,0,At Risk
CUST01311,Male,27,Married,Tier 2,Mobile,UPI,Fashion,2024-01-31,11,4.0,321.67,44,14153.48,1286.68,0.0,92,3.2,1,1,Yes,43.32,4,5,4,2,1,2024-04-26,0.114,6-12 Months,Mid Value,0,Dormant
CUST01312,Female,34,Single,Tier 3,Mobile,Debit Card,Electronics,2024-01-31,11,0.5,1024.98,6,6149.88,512.49,0.0,123,5.1,4,5,Yes,64.63,2,1,11,5,1,2024-03-14,0.167,6-12 Months,Low Value,0,Dormant
CUST01313,Female,46,Single,Tier 2,Mobile,UPI,Electronics,2024-10-01,3,3.0,370.68,9,3336.12,1112.04,0.0,133,4.4,1,1,Yes,208.43,5,0,24,0,1,2024-11-06,0.0,0-3 Months,Mid Value,0,Dormant
CUST01314,Female,23,Married,Tier 2,Mobile,Credit Card,Electronics,2023-07-01,18,0.8,792.08,14,11089.12,633.66,0.0,127,6.6,2,0,No Complaint,36.69,5,3,10,6,1,2024-12-09,0.214,12-24 Months,Low Value,0,Dormant
CUST01315,Male,31,Single,Tier 2,Mobile,Credit Card,Electronics,2024-04-01,9,0.5,558.29,4,2233.16,279.14,0.0,18,6.0,4,2,Yes,17.14,2,1,12,4,1,2024-09-19,0.25,6-12 Months,Low Value,0,Active
CUST01316,Female,39,Married,Tier 1,Desktop,UPI,Home & Kitchen,2022-06-30,30,0.8,569.16,24,13659.84,455.33,0.0,70,3.5,4,0,No Complaint,136.5,5,2,10,5,1,2022-10-03,0.083,24+ Months,Low Value,0,At Risk
CUST01317,Male,23,Married,Tier 3,Desktop,COD,Fashion,2022-12-30,24,8.5,508.42,204,103717.68,4321.57,0.0,51,5.8,5,5,No,0.17,4,6,15,7,1,2023-08-27,0.029,12-24 Months,High Value,1,Slipping
CUST01318,Female,43,Married,Tier 3,Mobile,UPI,Beauty,2024-10-31,2,5.6,678.51,11,7463.61,3799.66,91191.84,72,7.0,4,0,No Complaint,168.99,1,1,3,2,0,,0.091,0-3 Months,High Value,0,At Risk
CUST01319,Male,56,Single,Tier 1,Mobile,UPI,Home & Kitchen,2024-03-01,10,0.6,601.67,6,3610.02,361.0,0.0,116,5.3,5,4,Yes,416.9,3,2,39,5,1,2024-08-06,0.333,6-12 Months,Low Value,0,Dormant
CUST01320,Male,29,Single,Tier 1,Tablet,COD,Sports,2022-12-30,24,0.5,1398.72,12,16784.64,699.36,0.0,35,3.9,5,0,No Complaint,37.98,4,4,13,4,1,2023-08-17,0.333,12-24 Months,Low Value,0,Slipping
CUST01321,Male,52,Married,Tier 1,Tablet,Debit Card,Fashion,2024-10-31,2,1.1,746.14,2,1492.28,820.75,0.0,90,2.6,3,0,No Complaint,86.85,5,0,11,2,1,2024-12-21,0.0,0-3 Months,Low Value,0,At Risk
CUST01322,Male,31,Married,Tier 1,Tablet,Credit Card,Grocery,2022-06-30,30,2.2,869.65,66,57396.9,1913.23,45917.52,159,1.0,5,0,No Complaint,446.64,3,6,1,2,0,,0.091,24+ Months,Mid Value,0,Dormant
CUST01323,Female,39,Single,Tier 2,Mobile,Credit Card,Fashion,2024-08-31,4,5.0,1100.76,20,22015.2,5503.8,132091.2,131,6.5,5,0,No Complaint,219.05,4,2,3,2,0,,0.1,3-6 Months,High Value,0,Dormant
CUST01324,Male,40,Single,Tier 2,Mobile,Credit Card,Electronics,2024-01-31,11,8.5,1098.28,94,103238.32,9335.38,224049.12,130,2.1,5,2,No,26.17,6,30,2,5,0,,0.319,6-12 Months,High Value,1,Dormant
CUST01325,Female,24,Single,Tier 3,Desktop,Credit Card,Fashion,2021-12-29,36,3.5,424.87,126,53533.62,1487.04,0.0,152,2.7,1,0,No Complaint,86.63,1,24,1,3,1,2023-02-09,0.19,24+ Months,Mid Value,0,Dormant
CUST01326,Male,57,Married,Tier 2,Mobile,Credit Card,Home & Kitchen,2023-12-31,12,2.3,746.19,28,20893.32,1716.24,0.0,72,4.7,5,1,No,253.9,2,13,20,3,1,2024-03-15,0.464,6-12 Months,Mid Value,1,At Risk
CUST01327,Male,42,Married,Tier 2,Mobile,Credit Card,Fashion,2024-04-01,9,0.5,1060.05,4,4240.2,530.02,0.0,136,5.1,1,1,Yes,196.73,2,0,8,4,1,2024-04-13,0.0,6-12 Months,Low Value,0,Dormant
CUST01328,Female,30,Single,Tier 2,Mobile,Debit Card,Grocery,2024-12-01,1,0.5,484.62,1,484.62,242.31,0.0,11,7.1,4,1,No,30.46,3,0,18,5,1,2024-12-02,0.0,0-3 Months,Low Value,1,Active
CUST01329,Female,38,Married,Tier 1,Desktop,Debit Card,Grocery,2024-10-01,3,2.3,447.79,7,3134.53,1029.92,0.0,11,5.2,3,2,Yes,11.61,2,0,6,5,1,2024-11-01,0.0,0-3 Months,Mid Value,0,Active
CUST01330,Male,58,Married,Tier 1,Desktop,COD,Sports,2023-12-31,12,1.9,394.96,23,9084.08,750.42,0.0,60,4.0,5,0,No Complaint,206.04,8,2,19,7,1,2024-08-30,0.087,6-12 Months,Low Value,0,Slipping
CUST01331,Female,27,Married,Tier 2,Mobile,Credit Card,Grocery,2024-03-01,10,4.7,1034.24,47,48609.28,4860.93,116662.32,36,4.0,3,0,No Complaint,169.04,2,8,21,3,0,,0.17,6-12 Months,High Value,0,Slipping
CUST01332,Female,26,Married,Tier 1,Desktop,Credit Card,Electronics,2024-06-01,7,1.0,730.93,7,5116.51,730.93,17542.32,93,1.8,4,0,No Complaint,11.01,3,1,8,6,0,,0.143,6-12 Months,Low Value,0,Dormant
CUST01333,Male,32,Married,Tier 1,Mobile,Credit Card,Fashion,2021-12-29,36,0.5,807.59,18,14536.62,403.8,9691.2,33,7.1,4,0,No Complaint,662.65,2,0,6,2,0,,0.0,24+ Months,Low Value,0,Slipping
CUST01334,Female,19,Married,Tier 3,Desktop,Debit Card,Fashion,2024-07-01,6,1.4,258.24,8,2065.92,361.54,0.0,175,6.1,1,0,No Complaint,52.37,6,1,2,7,1,2024-12-04,0.125,3-6 Months,Low Value,0,Dormant
CUST01335,Female,42,Married,Tier 2,Mobile,Credit Card,Beauty,2024-01-31,11,8.7,943.54,96,90579.84,8208.8,0.0,153,5.0,4,4,Yes,87.8,5,11,20,0,1,2024-03-08,0.115,6-12 Months,High Value,0,Dormant
CUST01336,Female,30,Married,Tier 1,Mobile,Net Banking,Beauty,2023-12-31,12,4.0,976.93,48,46892.64,3907.72,93785.28,176,7.1,4,0,No Complaint,35.19,7,12,12,8,0,,0.25,6-12 Months,High Value,0,Dormant
CUST01337,Male,51,Married,Tier 2,Mobile,Debit Card,Grocery,2024-01-31,11,0.5,1079.66,6,6477.96,539.83,12955.92,145,6.4,4,0,No Complaint,317.39,2,0,3,2,0,,0.0,6-12 Months,Low Value,0,Dormant
CUST01338,Female,51,Single,Tier 3,Mobile,Net Banking,Fashion,2024-03-01,10,5.2,2463.9,52,128122.8,12812.28,0.0,171,5.5,1,2,No,591.34,2,4,9,2,1,2024-10-20,0.077,6-12 Months,High Value,1,Dormant
CUST01339,Male,52,Single,Tier 1,Mobile,COD,Beauty,2024-07-01,6,1.6,527.53,10,5275.3,844.05,0.0,66,4.4,1,3,Yes,43.18,1,0,8,8,1,2024-10-15,0.0,3-6 Months,Low Value,0,At Risk
CUST01340,Male,55,Married,Tier 1,Mobile,Wallet,Grocery,2021-12-29,36,1.1,1263.23,40,50529.2,1389.55,0.0,90,4.6,2,5,Yes,59.92,2,5,1,4,1,2023-01-31,0.125,24+ Months,Mid Value,0,At Risk
CUST01341,Male,20,Single,Tier 3,Tablet,Debit Card,Sports,2024-04-01,9,1.1,1134.71,10,11347.1,1248.18,29956.32,43,1.8,5,2,Yes,220.67,7,2,21,3,0,,0.2,6-12 Months,Mid Value,0,Slipping
CUST01342,Male,59,Married,Tier 1,Mobile,Wallet,Grocery,2024-01-31,11,2.3,1234.84,25,30871.0,2840.13,0.0,114,6.4,3,1,Yes,135.1,1,1,1,7,1,2024-08-14,0.04,6-12 Months,High Value,0,Dormant
CUST01343,Female,23,Single,Tier 1,Mobile,UPI,Electronics,2023-07-01,18,1.9,722.49,34,24564.66,1372.73,0.0,142,4.1,3,0,No Complaint,19.98,4,3,14,4,1,2024-11-18,0.088,12-24 Months,Mid Value,0,Dormant
CUST01344,Female,36,Married,Tier 2,Mobile,UPI,Electronics,2024-12-01,1,2.7,1532.19,3,4596.57,4136.91,0.0,90,6.4,3,1,Yes,475.15,3,0,6,4,1,2024-12-13,0.0,0-3 Months,High Value,0,At Risk
CUST01345,Female,20,Married,Tier 3,Mobile,Debit Card,Fashion,2022-06-30,30,2.1,538.86,63,33948.18,1131.61,27158.64,54,5.8,4,0,No Complaint,170.02,2,1,14,2,0,,0.016,24+ Months,Mid Value,0,Slipping
CUST01346,Male,35,Married,Tier 1,Mobile,Wallet,Beauty,2024-01-31,11,0.5,646.25,6,3877.5,323.12,0.0,91,4.7,3,0,No Complaint,64.53,2,0,6,1,1,2024-06-03,0.0,6-12 Months,Low Value,0,Dormant
CUST01347,Male,56,Single,Tier 1,Desktop,Credit Card,Beauty,2023-07-01,18,0.7,788.68,13,10252.84,552.08,0.0,12,6.0,1,3,Yes,121.13,2,0,1,4,1,2023-11-29,0.0,12-24 Months,Low Value,0,Active
CUST01348,Male,26,Married,Tier 1,Mobile,UPI,Fashion,2022-12-30,24,4.6,764.64,110,84110.4,3517.34,84416.16,130,3.1,3,1,Yes,124.86,1,34,5,5,0,,0.309,12-24 Months,High Value,0,Dormant
CUST01349,Female,29,Single,Tier 3,Mobile,Debit Card,Fashion,2022-06-30,30,2.7,1166.23,81,94464.63,3148.82,75571.68,81,1.8,4,1,Yes,134.16,3,4,17,1,0,,0.049,24+ Months,High Value,0,At Risk
CUST01350,Male,22,Single,Tier 1,Desktop,Debit Card,Fashion,2024-05-01,8,1.5,1077.29,12,12927.48,1615.94,38782.56,161,4.2,5,1,No,123.8,4,1,2,5,0,,0.083,6-12 Months,Mid Value,1,Dormant
CUST01351,Female,20,Single,Tier 2,Mobile,UPI,Home & Kitchen,2022-06-30,30,0.5,1083.76,15,16256.4,541.88,0.0,166,5.3,1,0,No Complaint,148.51,2,1,1,4,1,2024-05-01,0.067,24+ Months,Low Value,0,Dormant
CUST01352,Female,28,Married,Tier 3,Mobile,COD,Fashion,2024-08-01,5,0.5,2264.76,2,4529.52,1132.38,27177.12,23,6.0,5,0,No Complaint,89.97,2,0,4,2,0,,0.0,3-6 Months,Mid Value,0,Active
CUST01353,Male,47,Married,Tier 1,Desktop,Wallet,Electronics,2023-07-01,18,0.9,776.23,16,12419.68,698.61,0.0,179,4.7,1,3,Yes,28.44,4,5,13,7,1,2023-07-06,0.312,12-24 Months,Low Value,0,Dormant
CUST01354,Female,21,Married,Tier 3,Mobile,Net Banking,Electronics,2024-10-31,2,0.5,1880.62,1,1880.62,940.31,0.0,174,2.9,3,2,No,196.63,2,0,10,4,1,2024-12-27,0.0,0-3 Months,Mid Value,1,Dormant
CUST01355,Male,22,Married,Tier 3,Mobile,UPI,Electronics,2024-12-01,1,1.6,426.17,2,852.34,681.87,0.0,113,6.8,1,0,No Complaint,283.06,3,0,46,8,1,2024-12-25,0.0,0-3 Months,Low Value,0,Dormant
CUST01356,Female,18,Married,Tier 3,Desktop,Credit Card,Beauty,2024-10-31,2,4.3,820.74,9,7386.66,3529.18,84700.32,148,3.9,5,0,No Complaint,331.01,5,0,17,2,0,,0.0,0-3 Months,High Value,0,Dormant
CUST01357,Female,44,Married,Tier 1,Mobile,Credit Card,Home & Kitchen,2024-07-01,6,0.8,856.69,5,4283.45,685.35,0.0,4,5.2,4,1,Yes,4.0,3,1,2,7,1,2024-07-28,0.2,3-6 Months,Low Value,0,Active
CUST01358,Male,45,Married,Tier 2,Mobile,Credit Card,Fashion,2024-12-01,1,4.7,359.32,5,1796.6,1688.8,0.0,174,5.4,3,1,Yes,93.34,2,0,12,5,1,2024-12-25,0.0,0-3 Months,Mid Value,0,Dormant
CUST01359,Male,46,Married,Tier 3,Tablet,UPI,Beauty,2023-07-01,18,3.0,926.6,54,50036.4,2779.8,0.0,82,4.6,3,2,Yes,690.63,1,5,10,0,1,2024-09-08,0.093,12-24 Months,High Value,0,At Risk
CUST01360,Female,35,Married,Tier 3,Mobile,COD,Electronics,2024-07-01,6,0.5,973.66,3,2920.98,486.83,0.0,163,1.0,4,1,No,11.63,2,0,2,1,1,2024-08-26,0.0,3-6 Months,Low Value,1,Dormant
CUST01361,Female,29,Single,Tier 1,Mobile,Credit Card,Sports,2022-12-30,24,2.6,1363.95,62,84564.9,3546.27,0.0,69,3.3,2,1,Yes,277.15,5,4,12,3,1,2023-06-28,0.065,12-24 Months,High Value,0,At Risk
CUST01362,Male,30,Single,Tier 3,Desktop,Net Banking,Electronics,2024-12-01,1,0.5,1258.26,1,1258.26,629.13,0.0,142,5.3,2,3,Yes,24.26,1,0,2,5,1,2024-12-26,0.0,0-3 Months,Low Value,0,Dormant
CUST01363,Female,58,Single,Tier 1,Desktop,Net Banking,Fashion,2024-08-31,4,2.7,367.15,11,4038.65,991.3,23791.2,75,7.3,5,2,Yes,313.36,3,0,5,6,0,,0.0,3-6 Months,Mid Value,0,At Risk
CUST01364,Female,19,Single,Tier 1,Mobile,UPI,Grocery,2024-05-01,8,0.5,2073.85,4,8295.4,1036.92,24886.08,65,5.7,3,0,No Complaint,200.77,8,0,3,3,0,,0.0,6-12 Months,Mid Value,0,At Risk
CUST01365,Female,54,Married,Tier 2,Mobile,Wallet,Fashion,2024-05-01,8,1.2,649.55,10,6495.5,779.46,0.0,170,5.4,4,3,Yes,232.4,2,2,5,7,1,2024-10-26,0.2,6-12 Months,Low Value,0,Dormant
CUST01366,Male,62,Married,Tier 3,Desktop,COD,Fashion,2024-10-01,3,2.1,587.94,6,3527.64,1234.67,0.0,126,1.0,3,0,No Complaint,681.54,6,1,3,3,1,2024-12-06,0.167,0-3 Months,Mid Value,0,Dormant
CUST01367,Female,33,Married,Tier 2,Desktop,Debit Card,Beauty,2021-12-29,36,0.5,1265.45,18,22778.1,632.72,0.0,151,6.4,2,3,Yes,504.87,4,2,9,6,1,2024-08-06,0.111,24+ Months,Low Value,0,Dormant
CUST01368,Female,41,Single,Tier 2,Mobile,Credit Card,Beauty,2024-08-01,5,0.5,1629.04,2,3258.08,814.52,0.0,98,6.2,5,2,Yes,65.33,3,1,13,0,1,2024-08-13,0.5,3-6 Months,Low Value,0,Dormant
CUST01369,Male,52,Married,Tier 3,Mobile,Credit Card,Electronics,2022-12-30,24,1.0,645.17,24,15484.08,645.17,0.0,165,5.5,5,0,No Complaint,84.66,6,0,1,1,1,2024-07-22,0.0,12-24 Months,Low Value,0,Dormant
CUST01370,Male,39,Married,Tier 2,Mobile,Credit Card,Grocery,2024-08-31,4,1.6,870.4,6,5222.4,1392.64,33423.36,133,5.0,4,2,Yes,94.12,2,1,4,1,0,,0.167,3-6 Months,Mid Value,0,Dormant
CUST01371,Female,53,Single,Tier 2,Desktop,Debit Card,Grocery,2022-06-30,30,4.9,1699.0,147,249753.0,8325.1,199802.4,13,5.4,4,1,Yes,35.85,6,23,1,6,0,,0.156,24+ Months,High Value,0,Active
CUST01372,Male,28,Married,Tier 2,Desktop,UPI,Grocery,2024-05-01,8,0.5,468.04,4,1872.16,234.02,0.0,138,6.7,4,5,Yes,86.38,3,1,1,6,1,2024-07-03,0.25,6-12 Months,Low Value,0,Dormant
CUST01373,Female,63,Married,Tier 2,Tablet,Debit Card,Grocery,2021-12-29,36,1.1,150.0,40,6000.0,165.0,3960.0,4,4.4,3,0,No Complaint,695.6,1,0,33,2,0,,0.0,24+ Months,Low Value,0,Active
CUST01374,Male,46,Single,Tier 2,Desktop,UPI,Grocery,2024-06-01,7,1.6,1308.21,11,14390.31,2093.14,0.0,149,5.2,4,0,No Complaint,121.05,1,0,9,3,1,2024-07-02,0.0,6-12 Months,Mid Value,0,Dormant
CUST01375,Male,52,Married,Tier 3,Mobile,UPI,Fashion,2024-12-01,1,0.9,1703.61,1,1703.61,1533.25,36798.0,60,3.9,4,0,No Complaint,548.85,5,0,5,2,0,,0.0,0-3 Months,Mid Value,0,Slipping
CUST01376,Female,32,Single,Tier 2,Mobile,Debit Card,Fashion,2024-01-31,11,2.5,294.11,28,8235.08,735.28,17646.72,108,4.5,5,0,No Complaint,13.35,1,2,5,6,0,,0.071,6-12 Months,Low Value,0,Dormant
CUST01377,Male,48,Single,Tier 3,Desktop,Debit Card,Electronics,2024-01-31,11,0.7,885.24,8,7081.92,619.67,0.0,135,4.7,4,1,No,7.21,3,0,15,4,1,2024-09-20,0.0,6-12 Months,Low Value,1,Dormant
CUST01378,Male,59,Married,Tier 1,Desktop,Credit Card,Electronics,2024-10-31,2,3.7,633.57,7,4434.99,2344.21,0.0,115,5.6,5,0,No Complaint,154.16,2,0,7,7,1,2024-11-08,0.0,0-3 Months,Mid Value,0,Dormant
CUST01379,Male,58,Married,Tier 1,Mobile,UPI,Beauty,2024-08-31,4,1.8,982.44,7,6877.08,1768.39,42441.36,121,3.6,2,1,Yes,239.9,3,0,11,5,0,,0.0,3-6 Months,Mid Value,0,Dormant
CUST01380,Female,60,Married,Tier 2,Mobile,Net Banking,Electronics,2022-06-30,30,0.5,211.05,15,3165.75,105.52,0.0,160,4.3,1,1,Yes,44.14,4,3,20,7,1,2024-09-27,0.2,24+ Months,Low Value,0,Dormant
CUST01381,Male,33,Married,Tier 1,Desktop,Debit Card,Fashion,2024-12-01,1,2.5,369.77,2,739.54,924.42,0.0,67,5.1,4,2,Yes,125.98,2,0,17,6,1,2024-12-15,0.0,0-3 Months,Mid Value,0,At Risk
CUST01382,Male,27,Married,Tier 1,Mobile,UPI,Fashion,2024-03-01,10,2.1,1229.19,21,25812.99,2581.3,0.0,98,4.3,2,0,No Complaint,371.36,3,6,1,4,1,2024-11-27,0.286,6-12 Months,High Value,0,Dormant
CUST01383,Female,49,Single,Tier 2,Mobile,Credit Card,Fashion,2024-01-31,11,1.0,817.9,11,8996.9,817.9,19629.6,32,4.8,4,0,No Complaint,258.18,3,1,5,7,0,,0.091,6-12 Months,Low Value,0,Slipping
CUST01384,Male,19,Married,Tier 1,Mobile,Credit Card,Beauty,2022-12-30,24,0.5,2573.86,12,30886.32,1286.93,30886.32,84,2.4,4,0,No Complaint,47.47,7,0,8,9,0,,0.0,12-24 Months,Mid Value,0,At Risk
CUST01385,Female,41,Married,Tier 1,Desktop,UPI,Electronics,2024-12-01,1,0.6,1355.58,1,1355.58,813.35,0.0,27,5.5,3,1,Yes,73.29,1,0,5,4,1,2024-12-18,0.0,0-3 Months,Low Value,0,Active
CUST01386,Male,40,Married,Tier 2,Mobile,Debit Card,Beauty,2023-07-01,18,1.3,457.55,23,10523.65,594.82,0.0,114,3.4,1,2,Yes,65.7,4,4,3,3,1,2024-05-20,0.174,12-24 Months,Low Value,0,Dormant
CUST01387,Female,19,Married,Tier 2,Desktop,COD,Electronics,2024-12-01,1,0.6,1485.61,1,1485.61,891.37,0.0,59,2.0,5,1,Yes,228.82,2,0,20,4,1,2024-12-31,0.0,0-3 Months,Mid Value,0,Slipping
CUST01388,Male,55,Married,Tier 3,Mobile,COD,Home & Kitchen,2024-08-01,5,2.2,2968.76,11,32656.36,6531.27,0.0,154,5.0,1,0,No Complaint,620.59,5,2,18,5,1,2024-11-22,0.182,3-6 Months,High Value,0,Dormant
CUST01389,Female,48,Single,Tier 2,Mobile,UPI,Sports,2024-03-01,10,3.1,853.55,31,26460.05,2646.0,63504.0,62,5.1,5,1,Yes,59.15,2,1,15,4,0,,0.032,6-12 Months,High Value,0,At Risk
CUST01390,Male,57,Married,Tier 2,Mobile,Net Banking,Grocery,2021-12-29,36,4.8,1190.31,173,205923.63,5713.49,137123.76,52,5.3,1,0,No Complaint,159.74,3,11,22,5,0,,0.064,24+ Months,High Value,0,Slipping
CUST01391,Male,43,Married,Tier 3,Desktop,Credit Card,Home & Kitchen,2024-10-31,2,2.6,1600.01,5,8000.05,4160.03,99840.72,88,5.3,4,0,No Complaint,804.69,0,0,11,4,0,,0.0,0-3 Months,High Value,0,At Risk
CUST01392,Male,46,Married,Tier 3,Tablet,Wallet,Grocery,2024-10-01,3,2.9,798.89,9,7190.01,2316.78,55602.72,32,5.3,5,0,No Complaint,30.87,2,0,4,2,0,,0.0,0-3 Months,Mid Value,0,Slipping
CUST01393,Male,20,Married,Tier 1,Desktop,UPI,Home & Kitchen,2023-07-01,18,2.3,204.26,41,8374.66,469.8,11275.2,37,7.1,5,0,No Complaint,193.7,4,11,6,6,0,,0.268,12-24 Months,Low Value,0,Slipping
CUST01394,Male,31,Single,Tier 1,Tablet,Credit Card,Home & Kitchen,2024-06-01,7,10.6,1324.94,74,98045.56,14044.36,337064.64,141,6.0,5,0,No Complaint,72.62,3,7,14,4,0,,0.095,6-12 Months,High Value,0,Dormant
CUST01395,Male,42,Single,Tier 2,Mobile,Debit Card,Sports,2023-07-01,18,0.8,1571.57,14,22001.98,1257.26,0.0,90,6.2,5,2,Yes,861.79,3,0,19,4,1,2024-11-28,0.0,12-24 Months,Mid Value,0,At Risk
CUST01396,Female,18,Single,Tier 2,Mobile,UPI,Grocery,2021-12-29,36,0.8,2500.41,29,72511.89,2000.33,48007.92,37,5.5,4,4,Yes,20.73,4,0,9,0,0,,0.0,24+ Months,Mid Value,0,Slipping
CUST01397,Male,20,Married,Tier 3,Mobile,COD,Beauty,2021-12-29,36,0.5,415.65,18,7481.7,207.82,4987.68,6,6.1,4,0,No Complaint,108.02,1,3,7,1,0,,0.167,24+ Months,Low Value,0,Active
CUST01398,Male,43,Married,Tier 2,Mobile,Debit Card,Grocery,2024-06-01,7,1.7,429.3,12,5151.6,729.81,17515.44,84,3.7,4,0,No Complaint,52.98,1,2,18,5,0,,0.167,6-12 Months,Low Value,0,At Risk
CUST01399,Female,35,Single,Tier 2,Desktop,UPI,Fashion,2024-01-31,11,0.5,554.27,6,3325.62,277.14,6651.36,133,5.7,5,0,No Complaint,5.8,3,1,11,6,0,,0.167,6-12 Months,Low Value,0,Dormant
CUST01400,Female,26,Married,Tier 3,Desktop,Debit Card,Electronics,2021-12-29,36,0.8,798.28,29,23150.12,638.62,0.0,63,6.6,5,0,No Complaint,596.36,2,7,20,2,1,2024-05-20,0.241,24+ Months,Low Value,0,At Risk
CUST01401,Male,55,Single,Tier 2,Tablet,Credit Card,Home & Kitchen,2024-10-31,2,1.6,1308.82,3,3926.46,2094.11,0.0,45,4.1,4,4,Yes,151.15,4,1,17,7,1,2024-12-23,0.333,0-3 Months,Mid Value,0,Slipping
CUST01402,Male,40,Single,Tier 1,Mobile,UPI,Fashion,2024-04-01,9,7.9,409.62,71,29083.02,3236.0,0.0,71,7.0,4,5,Yes,217.19,3,10,3,5,1,2024-11-15,0.141,6-12 Months,High Value,0,At Risk
CUST01403,Male,38,Single,Tier 3,Mobile,Wallet,Grocery,2024-06-01,7,8.3,1744.95,58,101207.1,14483.08,347593.92,172,3.9,4,0,No Complaint,174.3,2,6,1,3,0,,0.103,6-12 Months,High Value,0,Dormant
CUST01404,Female,18,Married,Tier 1,Mobile,Net Banking,Electronics,2024-07-01,6,3.4,1684.39,20,33687.8,5726.93,137446.32,76,5.4,5,0,No Complaint,28.93,1,3,10,8,0,,0.15,3-6 Months,High Value,0,At Risk
CUST01405,Female,38,Married,Tier 3,Mobile,UPI,Electronics,2021-12-29,36,1.2,1718.42,43,73892.06,2062.1,0.0,47,2.7,2,1,Yes,33.66,1,1,22,6,1,2022-11-19,0.023,24+ Months,Mid Value,0,Slipping
CUST01406,Male,44,Single,Tier 3,Mobile,Debit Card,Home & Kitchen,2022-12-30,24,5.0,722.54,120,86704.8,3612.7,0.0,102,5.9,2,0,No Complaint,177.24,3,2,19,1,1,2024-04-29,0.017,12-24 Months,High Value,0,Dormant
CUST01407,Female,59,Married,Tier 2,Mobile,UPI,Home & Kitchen,2024-05-01,8,5.2,187.82,42,7888.44,976.66,0.0,146,6.7,5,1,Yes,272.39,5,13,20,4,1,2024-08-24,0.31,6-12 Months,Mid Value,0,Dormant
CUST01408,Female,23,Single,Tier 2,Mobile,COD,Grocery,2022-06-30,30,6.0,2754.24,180,495763.2,16525.44,396610.56,4,4.5,4,2,Yes,169.98,2,20,16,5,0,,0.111,24+ Months,High Value,0,Active
CUST01409,Female,61,Single,Tier 2,Mobile,Wallet,Fashion,2024-03-01,10,2.6,592.87,26,15414.62,1541.46,0.0,100,2.1,4,2,No,152.07,5,4,5,3,1,2024-07-11,0.154,6-12 Months,Mid Value,1,Dormant
CUST01410,Female,53,Single,Tier 2,Mobile,Credit Card,Electronics,2022-06-30,30,0.6,1483.75,18,26707.5,890.25,0.0,150,4.6,5,1,Yes,246.65,3,2,22,4,1,2024-08-07,0.111,24+ Months,Mid Value,0,Dormant
CUST01411,Male,45,Single,Tier 2,Mobile,COD,Electronics,2024-08-01,5,0.5,977.68,2,1955.36,488.84,11732.16,39,2.9,5,0,No Complaint,50.26,2,0,8,5,0,,0.0,3-6 Months,Low Value,0,Slipping
CUST01412,Male,62,Married,Tier 2,Mobile,Credit Card,Electronics,2024-08-31,4,6.2,1978.54,25,49463.5,12266.95,0.0,165,4.7,2,0,No Complaint,236.78,1,0,14,4,1,2024-10-01,0.0,3-6 Months,High Value,0,Dormant
CUST01413,Male,34,Married,Tier 3,Mobile,Credit Card,Fashion,2024-08-01,5,0.5,866.18,2,1732.36,433.09,0.0,104,6.0,2,4,Yes,95.35,2,0,3,4,1,2024-10-10,0.0,3-6 Months,Low Value,0,Dormant
CUST01414,Male,57,Single,Tier 2,Mobile,Wallet,Grocery,2024-01-31,11,0.9,942.13,10,9421.3,847.92,0.0,93,5.4,4,0,No Complaint,201.78,3,0,6,1,1,2024-10-23,0.0,6-12 Months,Low Value,0,Dormant
CUST01415,Male,20,Single,Tier 1,Mobile,Credit Card,Electronics,2024-07-01,6,1.7,1018.35,10,10183.5,1731.2,41548.8,173,1.7,4,0,No Complaint,57.81,6,3,1,5,0,,0.3,3-6 Months,Mid Value,0,Dormant
CUST01416,Female,29,Single,Tier 2,Mobile,Credit Card,Grocery,2024-10-01,3,0.5,1202.67,2,2405.34,601.34,0.0,24,3.9,3,0,No Complaint,26.62,4,0,1,8,1,2024-12-02,0.0,0-3 Months,Low Value,0,Active
CUST01417,Male,56,Single,Tier 3,Mobile,Debit Card,Electronics,2021-12-29,36,5.9,378.15,212,80167.8,2231.08,0.0,133,4.9,5,0,No Complaint,5.33,5,16,13,6,1,2023-05-02,0.075,24+ Months,Mid Value,0,Dormant
CUST01418,Male,29,Married,Tier 2,Mobile,UPI,Electronics,2021-12-29,36,0.8,3337.37,29,96783.73,2669.9,0.0,147,7.0,4,0,No Complaint,292.85,4,3,23,4,1,2023-07-14,0.103,24+ Months,High Value,0,Dormant
CUST01419,Male,19,Single,Tier 2,Desktop,Credit Card,Fashion,2023-07-01,18,0.5,854.51,9,7690.59,427.26,10254.24,88,4.2,4,0,No Complaint,39.49,4,2,6,7,0,,0.222,12-24 Months,Low Value,0,At Risk
CUST01420,Female,63,Married,Tier 3,Mobile,Wallet,Sports,2021-12-29,36,12.6,1342.86,454,609658.44,16920.04,406080.96,2,5.4,5,3,No,81.31,1,156,5,3,0,,0.344,24+ Months,High Value,1,Active
CUST01421,Male,39,Single,Tier 2,Desktop,Debit Card,Grocery,2021-12-29,36,0.9,2594.37,32,83019.84,2334.93,56038.32,94,4.8,4,0,No Complaint,263.65,2,4,23,5,0,,0.125,24+ Months,Mid Value,0,Dormant
CUST01422,Male,40,Single,Tier 2,Mobile,COD,Fashion,2023-07-01,18,5.2,892.93,94,83935.42,4643.24,111437.76,28,3.4,2,1,Yes,107.67,3,1,14,5,0,,0.011,12-24 Months,High Value,0,Active
CUST01423,Male,47,Married,Tier 3,Mobile,UPI,Grocery,2024-01-31,11,1.5,447.1,16,7153.6,670.65,16095.6,101,3.7,3,4,Yes,44.16,7,4,2,2,0,,0.25,6-12 Months,Low Value,0,Dormant
CUST01424,Male,22,Single,Tier 1,Desktop,Debit Card,Home & Kitchen,2021-12-29,36,2.7,437.26,97,42414.22,1180.6,0.0,133,4.2,3,4,Yes,38.99,4,42,1,6,1,2024-06-16,0.433,24+ Months,Mid Value,0,Dormant
CUST01425,Female,26,Single,Tier 3,Mobile,Wallet,Beauty,2023-12-31,12,0.7,655.36,8,5242.88,458.75,11010.0,96,6.8,5,1,Yes,94.35,3,1,24,3,0,,0.125,6-12 Months,Low Value,0,Dormant
CUST01426,Female,38,Single,Tier 1,Desktop,UPI,Beauty,2024-10-31,2,1.7,1133.81,3,3401.43,1927.48,46259.52,113,3.1,3,0,No Complaint,149.91,0,0,6,8,0,,0.0,0-3 Months,Mid Value,0,Dormant
CUST01427,Male,28,Single,Tier 1,Mobile,UPI,Fashion,2024-06-01,7,0.7,1219.92,5,6099.6,853.94,0.0,19,4.2,3,0,No Complaint,89.67,1,0,8,3,1,2024-06-20,0.0,6-12 Months,Low Value,0,Active
CUST01428,Female,22,Single,Tier 3,Mobile,Credit Card,Grocery,2024-04-01,9,7.5,1980.1,68,134646.8,14850.75,356418.0,18,3.4,4,2,No,422.88,4,3,6,0,0,,0.044,6-12 Months,High Value,1,Active
CUST01429,Female,52,Single,Tier 1,Desktop,Credit Card,Beauty,2021-12-29,36,0.5,306.24,18,5512.32,153.12,0.0,153,6.8,3,5,No,0.69,2,4,11,3,1,2023-08-06,0.222,24+ Months,Low Value,1,Dormant
CUST01430,Female,44,Married,Tier 2,Mobile,UPI,Grocery,2023-07-01,18,0.8,1048.58,14,14680.12,838.86,20132.64,9,5.2,4,0,No Complaint,92.55,0,1,18,2,0,,0.071,12-24 Months,Low Value,0,Active
CUST01431,Male,19,Married,Tier 3,Mobile,Net Banking,Home & Kitchen,2022-06-30,30,5.6,1381.56,168,232102.08,7736.74,185681.76,51,7.0,3,2,No,244.45,7,21,41,4,0,,0.125,24+ Months,High Value,1,Slipping
CUST01432,Male,41,Married,Tier 3,Mobile,Wallet,Fashion,2022-12-30,24,1.6,1345.75,38,51138.5,2153.2,51676.8,168,1.0,3,0,No Complaint,398.77,4,2,4,6,0,,0.053,12-24 Months,Mid Value,0,Dormant
CUST01433,Male,48,Married,Tier 3,Mobile,Debit Card,Fashion,2024-07-01,6,2.3,165.37,14,2315.18,380.35,9128.4,83,6.2,5,0,No Complaint,79.88,2,0,6,2,0,,0.0,3-6 Months,Low Value,0,At Risk
CUST01434,Female,50,Married,Tier 1,Mobile,COD,Home & Kitchen,2022-12-30,24,2.6,692.02,62,42905.24,1799.25,43182.0,121,2.9,3,1,No,201.53,1,9,17,7,0,,0.145,12-24 Months,Mid Value,1,Dormant
CUST01435,Male,56,Single,Tier 2,Mobile,Net Banking,Grocery,2024-08-31,4,0.5,1587.01,2,3174.02,793.5,19044.0,40,3.4,4,0,No Complaint,156.3,0,0,5,2,0,,0.0,3-6 Months,Low Value,0,Slipping
CUST01436,Male,47,Single,Tier 1,Desktop,COD,Fashion,2024-05-01,8,0.5,508.41,4,2033.64,254.2,6100.8,49,4.2,5,1,Yes,40.51,3,2,4,3,0,,0.5,6-12 Months,Low Value,0,Slipping
CUST01437,Male,63,Single,Tier 2,Desktop,UPI,Electronics,2022-06-30,30,6.9,391.35,207,81009.45,2700.32,64807.68,92,4.5,3,0,No Complaint,205.63,1,25,28,7,0,,0.121,24+ Months,High Value,0,Dormant
CUST01438,Female,54,Married,Tier 3,Mobile,UPI,Home & Kitchen,2023-07-01,18,0.8,1332.39,14,18653.46,1065.91,0.0,115,4.5,3,0,No Complaint,51.68,2,3,11,3,1,2024-02-26,0.214,12-24 Months,Mid Value,0,Dormant
CUST01439,Male,45,Single,Tier 2,Tablet,UPI,Fashion,2022-06-30,30,1.2,1107.01,36,39852.36,1328.41,31881.84,172,3.2,4,1,Yes,275.77,6,3,6,6,0,,0.083,24+ Months,Mid Value,0,Dormant
CUST01440,Female,48,Single,Tier 2,Mobile,UPI,Fashion,2024-08-01,5,2.9,1055.05,14,14770.7,3059.64,73431.36,103,4.3,4,0,No Complaint,361.65,1,4,13,5,0,,0.286,3-6 Months,High Value,0,Dormant
CUST01441,Female,28,Single,Tier 2,Mobile,UPI,Electronics,2022-12-30,24,0.7,571.12,17,9709.04,399.78,0.0,18,4.3,3,2,Yes,117.16,5,0,3,5,1,2023-10-04,0.0,12-24 Months,Low Value,0,Active
CUST01442,Male,40,Single,Tier 2,Desktop,Credit Card,Home & Kitchen,2024-08-31,4,3.3,357.71,13,4650.23,1180.44,28330.56,66,1.5,4,1,Yes,10.02,2,2,7,1,0,,0.154,3-6 Months,Mid Value,0,At Risk
CUST01443,Female,19,Single,Tier 3,Desktop,UPI,Home & Kitchen,2023-12-31,12,1.5,1745.17,18,31413.06,2617.76,62826.24,44,5.1,5,4,Yes,240.65,3,3,10,8,0,,0.167,6-12 Months,High Value,0,Slipping
CUST01444,Male,57,Single,Tier 1,Desktop,UPI,Grocery,2024-04-01,9,4.9,9285.11,44,408544.84,45497.04,0.0,46,4.5,3,0,No Complaint,113.33,3,11,10,5,1,2024-09-19,0.25,6-12 Months,High Value,0,Slipping
CUST01445,Female,58,Single,Tier 2,Mobile,Debit Card,Grocery,2023-12-31,12,0.8,288.83,10,2888.3,231.06,0.0,91,4.8,1,2,No,17.87,4,3,2,4,1,2024-06-11,0.3,6-12 Months,Low Value,1,Dormant
CUST01446,Male,44,Single,Tier 3,Mobile,UPI,Electronics,2024-10-01,3,0.6,1833.83,2,3667.66,1100.3,26407.2,57,3.6,3,0,No Complaint,72.39,0,0,42,0,0,,0.0,0-3 Months,Mid Value,0,Slipping
CUST01447,Female,52,Single,Tier 2,Desktop,COD,Fashion,2024-06-01,7,4.5,796.43,32,25485.76,3583.94,86014.56,52,4.5,4,0,No Complaint,61.81,1,1,11,5,0,,0.031,6-12 Months,High Value,0,Slipping
CUST01448,Female,19,Single,Tier 1,Mobile,UPI,Beauty,2023-07-01,18,1.0,1121.04,18,20178.72,1121.04,26904.96,174,1.0,5,0,No Complaint,233.27,2,5,11,4,0,,0.278,12-24 Months,Mid Value,0,Dormant
CUST01449,Female,56,Single,Tier 2,Desktop,COD,Fashion,2023-12-31,12,1.3,861.08,16,13777.28,1119.4,26865.6,105,3.5,5,0,No Complaint,99.32,1,2,7,2,0,,0.125,6-12 Months,Mid Value,0,Dormant
CUST01450,Female,54,Married,Tier 1,Mobile,Wallet,Electronics,2023-12-31,12,3.9,4174.09,47,196182.23,16278.95,0.0,47,3.7,3,0,No Complaint,159.2,2,0,3,3,1,2024-10-02,0.0,6-12 Months,High Value,0,Slipping
CUST01451,Male,38,Single,Tier 1,Desktop,COD,Grocery,2024-01-31,11,2.5,512.13,28,14339.64,1280.32,30727.68,50,4.4,5,0,No Complaint,125.16,2,1,5,6,0,,0.036,6-12 Months,Mid Value,0,Slipping
CUST01452,Female,22,Single,Tier 3,Mobile,COD,Fashion,2021-12-29,36,1.5,589.33,54,31823.82,884.0,21216.0,146,4.4,5,2,Yes,231.89,0,11,4,0,0,,0.204,24+ Months,Mid Value,0,Dormant
CUST01453,Female,62,Single,Tier 2,Mobile,Wallet,Grocery,2021-12-29,36,0.7,947.02,25,23675.5,662.91,0.0,159,6.2,4,3,Yes,227.89,2,2,1,5,1,2022-06-12,0.08,24+ Months,Low Value,0,Dormant
CUST01454,Female,38,Single,Tier 3,Mobile,UPI,Grocery,2024-06-01,7,3.6,1335.71,25,33392.75,4808.56,0.0,122,2.5,4,0,No Complaint,107.22,0,1,21,2,1,2024-07-06,0.04,6-12 Months,High Value,0,Dormant
CUST01455,Male,46,Single,Tier 3,Desktop,Wallet,Beauty,2024-06-01,7,0.5,2285.73,4,9142.92,1142.86,27428.64,78,5.8,5,2,Yes,26.11,3,0,6,3,0,,0.0,6-12 Months,Mid Value,0,At Risk
CUST01456,Female,37,Married,Tier 2,Desktop,COD,Fashion,2023-12-31,12,6.6,1266.68,79,100067.72,8360.09,200642.16,137,8.1,5,0,No Complaint,94.33,4,4,1,3,0,,0.051,6-12 Months,High Value,0,Dormant
CUST01457,Female,55,Married,Tier 1,Mobile,COD,Electronics,2024-10-31,2,0.5,1051.37,1,1051.37,525.68,0.0,168,3.6,5,2,Yes,31.41,3,0,4,4,1,2024-11-09,0.0,0-3 Months,Low Value,0,Dormant
CUST01458,Female,37,Single,Tier 2,Desktop,Credit Card,Grocery,2024-07-01,6,4.1,659.03,25,16475.75,2702.02,64848.48,30,5.8,2,1,Yes,575.65,4,3,4,0,0,,0.12,3-6 Months,High Value,0,Active
CUST01459,Male,42,Married,Tier 1,Mobile,Debit Card,Sports,2024-08-31,4,1.4,1285.25,6,7711.5,1799.35,0.0,155,7.1,4,0,No Complaint,539.75,2,2,1,6,1,2024-09-29,0.333,3-6 Months,Mid Value,0,Dormant
CUST01460,Female,19,Single,Tier 3,Mobile,Debit Card,Fashion,2024-08-31,4,0.5,544.85,2,1089.7,272.42,6538.08,152,7.0,5,1,Yes,109.81,5,0,2,6,0,,0.0,3-6 Months,Low Value,0,Dormant
CUST01461,Male,49,Single,Tier 1,Mobile,Debit Card,Sports,2023-07-01,18,1.3,1034.27,23,23788.21,1344.55,0.0,66,4.0,2,1,Yes,5.04,3,4,1,1,1,2024-07-27,0.174,12-24 Months,Mid Value,0,At Risk
CUST01462,Female,43,Married,Tier 1,Mobile,COD,Beauty,2024-05-01,8,0.6,770.79,5,3853.95,462.47,0.0,53,6.4,3,1,Yes,84.5,7,0,1,3,1,2024-10-25,0.0,6-12 Months,Low Value,0,Slipping
CUST01463,Male,23,Single,Tier 2,Mobile,UPI,Home & Kitchen,2024-10-01,3,0.5,451.33,2,902.66,225.66,5415.84,102,6.0,4,0,No Complaint,405.84,2,0,1,7,0,,0.0,0-3 Months,Low Value,0,Dormant
CUST01464,Female,58,Single,Tier 1,Mobile,Credit Card,Fashion,2021-12-29,36,0.7,2673.3,25,66832.5,1871.31,44911.44,49,6.7,3,2,Yes,61.15,2,7,19,3,0,,0.28,24+ Months,Mid Value,0,Slipping
CUST01465,Female,20,Married,Tier 1,Desktop,Credit Card,Electronics,2022-06-30,30,5.1,452.25,153,69194.25,2306.48,55355.52,27,5.7,3,0,No Complaint,175.11,5,12,12,5,0,,0.078,24+ Months,Mid Value,0,Active
CUST01466,Male,50,Married,Tier 2,Desktop,UPI,Fashion,2022-06-30,30,0.5,681.46,15,10221.9,340.73,8177.52,171,6.6,3,0,No Complaint,36.59,3,3,17,7,0,,0.2,24+ Months,Low Value,0,Dormant
CUST01467,Female,18,Married,Tier 1,Mobile,UPI,Electronics,2024-05-01,8,9.0,296.06,72,21316.32,2664.54,63948.96,88,4.1,3,1,No,313.9,3,8,1,4,0,,0.111,6-12 Months,High Value,1,At Risk
CUST01468,Male,22,Married,Tier 1,Mobile,UPI,Sports,2024-12-01,1,0.5,798.25,1,798.25,399.12,9578.88,85,3.7,5,1,Yes,400.44,2,0,9,2,0,,0.0,0-3 Months,Low Value,0,At Risk
CUST01469,Female,30,Married,Tier 2,Tablet,Credit Card,Fashion,2024-10-31,2,2.7,1216.22,5,6081.1,3283.79,78810.96,23,1.0,5,0,No Complaint,171.87,1,0,19,5,0,,0.0,0-3 Months,High Value,0,Active
CUST01470,Female,36,Single,Tier 2,Desktop,Credit Card,Grocery,2024-08-01,5,4.9,475.95,24,11422.8,2332.16,55971.84,91,3.7,3,0,No Complaint,175.96,1,1,25,9,0,,0.042,3-6 Months,Mid Value,0,Dormant
CUST01471,Female,29,Single,Tier 2,Mobile,UPI,Fashion,2024-08-31,4,6.8,251.31,27,6785.37,1708.91,41013.84,133,3.9,2,0,No Complaint,85.63,4,1,1,3,0,,0.037,3-6 Months,Mid Value,0,Dormant
CUST01472,Female,42,Married,Tier 2,Desktop,Wallet,Beauty,2022-06-30,30,0.5,690.55,15,10358.25,345.28,8286.72,45,1.3,3,0,No Complaint,221.02,6,4,4,7,0,,0.267,24+ Months,Low Value,0,Slipping
CUST01473,Female,52,Married,Tier 2,Mobile,COD,Fashion,2021-12-29,36,3.0,804.57,108,86893.56,2413.71,57929.04,67,4.6,3,0,No Complaint,117.18,2,9,4,5,0,,0.083,24+ Months,Mid Value,0,At Risk
CUST01474,Male,29,Single,Tier 2,Mobile,COD,Fashion,2022-06-30,30,0.5,761.56,15,11423.4,380.78,0.0,33,6.4,1,1,No,246.31,2,0,2,3,1,2022-12-03,0.0,24+ Months,Low Value,1,Slipping
CUST01475,Male,47,Married,Tier 3,Mobile,UPI,Electronics,2022-12-30,24,1.1,2723.46,26,70809.96,2995.81,71899.44,64,2.9,5,0,No Complaint,622.47,6,3,1,5,0,,0.115,12-24 Months,High Value,0,At Risk
CUST01476,Female,22,Single,Tier 1,Mobile,Debit Card,Beauty,2023-07-01,18,3.3,1135.07,59,66969.13,3745.73,0.0,155,7.9,5,0,No Complaint,311.06,4,0,4,4,1,2024-02-05,0.0,12-24 Months,High Value,0,Dormant
CUST01477,Female,51,Single,Tier 2,Desktop,Debit Card,Fashion,2022-12-30,24,1.1,1074.38,26,27933.88,1181.82,28363.68,43,5.2,5,2,Yes,131.12,7,4,10,1,0,,0.154,12-24 Months,Mid Value,0,Slipping
CUST01478,Female,39,Single,Tier 3,Mobile,Wallet,Fashion,2021-12-29,36,0.9,1131.12,32,36195.84,1018.01,24432.24,6,6.0,5,1,No,694.43,2,10,10,2,0,,0.312,24+ Months,Mid Value,1,Active
CUST01479,Female,56,Married,Tier 3,Mobile,COD,Fashion,2023-07-01,18,0.5,1126.09,9,10134.81,563.04,13512.96,96,4.4,4,1,No,168.15,0,1,7,4,0,,0.111,12-24 Months,Low Value,1,Dormant
CUST01480,Male,30,Married,Tier 1,Tablet,Debit Card,Sports,2024-10-01,3,0.5,658.37,2,1316.74,329.18,0.0,104,2.9,4,0,No Complaint,12.07,5,0,12,2,1,2024-10-09,0.0,0-3 Months,Low Value,0,Dormant
CUST01481,Female,64,Single,Tier 1,Desktop,Net Banking,Grocery,2024-10-01,3,0.5,466.43,2,932.86,233.22,0.0,59,5.5,5,2,Yes,235.93,3,0,10,6,1,2024-11-23,0.0,0-3 Months,Low Value,0,Slipping
CUST01482,Male,20,Married,Tier 2,Desktop,UPI,Beauty,2023-07-01,18,5.2,5064.29,94,476043.26,26334.31,632023.44,115,5.9,4,0,No Complaint,308.73,3,6,13,6,0,,0.064,12-24 Months,High Value,0,Dormant
CUST01483,Female,37,Married,Tier 1,Mobile,UPI,Grocery,2024-07-01,6,0.5,810.51,3,2431.53,405.26,9726.24,7,4.2,4,0,No Complaint,26.07,2,0,29,6,0,,0.0,3-6 Months,Low Value,0,Active
CUST01484,Male,48,Married,Tier 3,Mobile,Debit Card,Fashion,2021-12-29,36,3.0,911.54,108,98446.32,2734.62,65630.88,61,5.0,4,0,No Complaint,204.7,2,3,7,6,0,,0.028,24+ Months,High Value,0,At Risk
CUST01485,Male,22,Married,Tier 2,Desktop,UPI,Grocery,2023-07-01,18,3.7,926.75,67,62092.25,3428.98,0.0,26,4.5,3,0,No Complaint,456.71,4,12,12,4,1,2024-08-21,0.179,12-24 Months,High Value,0,Active
CUST01486,Male,41,Single,Tier 2,Mobile,UPI,Fashion,2023-07-01,18,2.1,528.53,38,20084.14,1109.91,26637.84,42,3.3,5,0,No Complaint,52.13,6,14,14,4,0,,0.368,12-24 Months,Mid Value,0,Slipping
CUST01487,Male,57,Married,Tier 1,Mobile,COD,Electronics,2024-12-01,1,3.3,1017.31,3,3051.93,3357.12,0.0,69,5.1,1,0,No Complaint,158.31,3,0,20,7,1,2024-12-11,0.0,0-3 Months,High Value,0,At Risk
CUST01488,Female,50,Single,Tier 2,Mobile,UPI,Grocery,2024-03-01,10,2.6,366.77,26,9536.02,953.6,22886.4,89,3.2,4,1,Yes,57.78,4,5,6,2,0,,0.192,6-12 Months,Mid Value,0,At Risk
CUST01489,Male,25,Single,Tier 2,Mobile,Debit Card,Grocery,2024-04-01,9,1.5,1481.99,14,20747.86,2222.98,53351.52,17,5.9,1,0,No Complaint,268.02,8,0,20,5,0,,0.0,6-12 Months,Mid Value,0,Active
CUST01490,Male,41,Married,Tier 3,Mobile,Net Banking,Fashion,2022-12-30,24,1.2,750.45,29,21763.05,900.54,21612.96,19,8.7,5,0,No Complaint,156.43,3,1,6,2,0,,0.034,12-24 Months,Mid Value,0,Active
CUST01491,Male,37,Married,Tier 1,Mobile,UPI,Fashion,2024-05-01,8,7.1,1977.86,57,112738.02,14042.81,337027.44,121,6.5,5,1,No,100.57,4,8,9,8,0,,0.14,6-12 Months,High Value,1,Dormant
CUST01492,Male,33,Married,Tier 1,Mobile,UPI,Beauty,2021-12-29,36,8.9,1289.69,320,412700.8,11478.24,275477.76,73,4.2,3,0,No Complaint,5.29,0,103,3,6,0,,0.322,24+ Months,High Value,0,At Risk
CUST01493,Male,29,Married,Tier 2,Mobile,UPI,Beauty,2023-07-01,18,2.6,1182.79,47,55591.13,3075.25,73806.0,32,5.1,5,1,No,521.42,5,10,34,6,0,,0.213,12-24 Months,High Value,1,Slipping
CUST01494,Male,30,Married,Tier 1,Mobile,UPI,Fashion,2023-07-01,18,0.5,515.1,9,4635.9,257.55,6181.2,43,6.5,3,0,No Complaint,123.95,3,1,2,1,0,,0.111,12-24 Months,Low Value,0,Slipping
CUST01495,Female,62,Single,Tier 2,Mobile,UPI,Fashion,2021-12-29,36,1.5,943.06,54,50925.24,1414.59,0.0,129,4.3,2,0,No Complaint,293.44,3,4,2,4,1,2024-08-09,0.074,24+ Months,Mid Value,0,Dormant
CUST01496,Female,59,Married,Tier 3,Desktop,UPI,Home & Kitchen,2021-12-29,36,1.7,1523.73,61,92947.53,2590.34,62168.16,10,5.5,3,1,No,89.53,1,5,2,3,0,,0.082,24+ Months,High Value,1,Active
CUST01497,Female,56,Single,Tier 2,Desktop,Credit Card,Beauty,2024-08-31,4,3.5,974.17,14,13638.38,3409.6,81830.4,92,5.8,3,3,Yes,340.41,4,1,4,5,0,,0.071,3-6 Months,High Value,0,Dormant
CUST01498,Male,42,Single,Tier 3,Mobile,Credit Card,Sports,2022-06-30,30,2.8,347.13,84,29158.92,971.96,23327.04,65,5.0,4,2,Yes,31.39,4,8,12,2,0,,0.095,24+ Months,Mid Value,0,At Risk
CUST01499,Male,63,Single,Tier 1,Mobile,COD,Fashion,2024-10-01,3,1.8,1789.72,5,8948.6,3221.5,0.0,146,4.8,4,0,No Complaint,47.4,6,1,33,3,1,2024-11-23,0.2,0-3 Months,High Value,0,Dormant
CUST01500,Female,49,Single,Tier 1,Mobile,Net Banking,Electronics,2024-04-01,9,2.9,1524.04,26,39625.04,4419.72,106073.28,142,6.4,3,1,Yes,73.0,2,2,8,2,0,,0.077,6-12 Months,High Value,0,Dormant
CUST01501,Male,41,Single,Tier 1,Mobile,COD,Fashion,2024-10-31,2,0.5,314.04,1,314.04,157.02,0.0,124,7.6,2,1,Yes,16.7,2,0,8,6,1,2024-11-03,0.0,0-3 Months,Low Value,0,Dormant
CUST01502,Male,64,Single,Tier 1,Mobile,Debit Card,Grocery,2023-07-01,18,3.7,980.53,67,65695.51,3627.96,87071.04,69,4.3,3,2,No,105.61,1,2,6,5,0,,0.03,12-24 Months,High Value,1,At Risk
CUST01503,Male,61,Single,Tier 3,Mobile,UPI,Fashion,2024-03-01,10,0.6,1588.74,6,9532.44,953.24,0.0,113,6.7,3,2,Yes,119.77,2,1,19,7,1,2024-06-14,0.167,6-12 Months,Mid Value,0,Dormant
CUST01504,Male,26,Married,Tier 1,Desktop,COD,Fashion,2023-07-01,18,2.7,590.11,49,28915.39,1593.3,0.0,115,1.8,3,5,Yes,21.95,0,2,3,2,1,2024-09-03,0.041,12-24 Months,Mid Value,0,Dormant
CUST01505,Male,57,Married,Tier 2,Mobile,Credit Card,Fashion,2023-07-01,18,0.5,355.13,9,3196.17,177.56,0.0,60,5.4,3,0,No Complaint,100.27,3,0,2,4,1,2024-08-02,0.0,12-24 Months,Low Value,0,Slipping
CUST01506,Male,40,Married,Tier 2,Mobile,UPI,Beauty,2023-07-01,18,0.5,423.13,9,3808.17,211.56,0.0,158,1.0,4,0,No Complaint,39.56,2,1,2,2,1,2023-07-21,0.111,12-24 Months,Low Value,0,Dormant
CUST01507,Female,30,Single,Tier 3,Mobile,COD,Electronics,2024-07-01,6,0.5,831.96,3,2495.88,415.98,0.0,177,3.1,5,0,No Complaint,374.6,0,0,16,2,1,2024-11-25,0.0,3-6 Months,Low Value,0,Dormant
CUST01508,Male,49,Married,Tier 1,Desktop,Credit Card,Grocery,2022-06-30,30,6.0,1722.33,180,310019.4,10333.98,0.0,57,2.6,2,1,Yes,128.14,4,36,1,3,1,2023-07-24,0.2,24+ Months,High Value,0,Slipping
CUST01509,Female,32,Single,Tier 1,Mobile,UPI,Home & Kitchen,2023-12-31,12,2.3,419.43,28,11744.04,964.69,23152.56,144,7.4,5,1,No,546.45,2,1,6,2,0,,0.036,6-12 Months,Mid Value,1,Dormant
CUST01510,Female,53,Married,Tier 1,Desktop,Net Banking,Beauty,2024-03-01,10,1.1,421.65,11,4638.15,463.82,11131.68,90,4.0,4,0,No Complaint,75.18,2,4,3,6,0,,0.364,6-12 Months,Low Value,0,At Risk
CUST01511,Female,22,Single,Tier 2,Mobile,Net Banking,Electronics,2021-12-29,36,3.9,726.04,140,101645.6,2831.56,67957.44,83,4.4,4,0,No Complaint,75.17,3,2,2,4,0,,0.014,24+ Months,High Value,0,At Risk
CUST01512,Female,39,Married,Tier 1,Desktop,Credit Card,Sports,2024-08-01,5,2.5,1452.94,12,17435.28,3632.35,0.0,70,4.1,5,1,Yes,74.44,1,0,7,5,1,2024-12-01,0.0,3-6 Months,High Value,0,At Risk
CUST01513,Female,33,Single,Tier 3,Desktop,Credit Card,Electronics,2024-01-31,11,2.4,3064.57,26,79678.82,7354.97,176519.28,53,1.9,3,1,Yes,56.23,1,1,15,4,0,,0.038,6-12 Months,High Value,0,Slipping
CUST01514,Male,58,Married,Tier 2,Desktop,Debit Card,Fashion,2022-12-30,24,1.7,954.84,41,39148.44,1623.23,0.0,165,5.0,5,0,No Complaint,276.04,6,8,3,4,1,2023-01-05,0.195,12-24 Months,Mid Value,0,Dormant
CUST01515,Male,27,Married,Tier 2,Mobile,COD,Sports,2024-10-31,2,0.5,559.85,1,559.85,279.92,0.0,133,4.6,2,3,Yes,59.82,2,0,1,5,1,2024-12-30,0.0,0-3 Months,Low Value,0,Dormant
CUST01516,Male,41,Married,Tier 2,Mobile,UPI,Fashion,2024-06-01,7,0.7,514.17,5,2570.85,359.92,0.0,79,3.0,4,0,No Complaint,61.15,0,0,8,1,1,2024-08-30,0.0,6-12 Months,Low Value,0,At Risk
CUST01517,Female,35,Single,Tier 1,Mobile,Debit Card,Grocery,2022-06-30,30,0.5,2346.12,15,35191.8,1173.06,0.0,135,7.0,3,5,Yes,8.65,6,1,11,9,1,2023-05-01,0.067,24+ Months,Mid Value,0,Dormant
CUST01518,Female,35,Single,Tier 2,Tablet,Wallet,Electronics,2024-08-31,4,2.7,370.92,11,4080.12,1001.48,0.0,129,6.9,3,0,No Complaint,605.3,2,3,7,3,1,2024-12-05,0.273,3-6 Months,Mid Value,0,Dormant
CUST01519,Male,24,Married,Tier 3,Mobile,UPI,Grocery,2024-03-01,10,0.7,1028.33,7,7198.31,719.83,17275.92,48,2.2,3,0,No Complaint,391.34,4,0,1,4,0,,0.0,6-12 Months,Low Value,0,Slipping
CUST01520,Female,21,Single,Tier 3,Mobile,Net Banking,Grocery,2023-07-01,18,1.5,2258.3,27,60974.1,3387.45,81298.8,32,3.3,5,0,No Complaint,62.29,1,1,1,4,0,,0.037,12-24 Months,High Value,0,Slipping
CUST01521,Male,43,Married,Tier 3,Mobile,Wallet,Fashion,2023-07-01,18,1.1,803.66,20,16073.2,884.03,21216.72,150,5.3,3,1,Yes,132.4,3,8,1,3,0,,0.4,12-24 Months,Mid Value,0,Dormant
CUST01522,Female,22,Single,Tier 3,Mobile,UPI,Grocery,2022-12-30,24,0.5,421.26,12,5055.12,210.63,0.0,146,3.7,4,0,No Complaint,118.66,5,2,20,5,1,2024-02-02,0.167,12-24 Months,Low Value,0,Dormant
CUST01523,Male,33,Married,Tier 1,Mobile,COD,Beauty,2022-06-30,30,7.9,1300.43,237,308201.91,10273.4,246561.6,179,4.1,5,0,No Complaint,16.52,2,18,7,4,0,,0.076,24+ Months,High Value,0,Dormant
CUST01524,Male,52,Married,Tier 1,Mobile,UPI,Fashion,2024-05-01,8,6.8,965.62,54,52143.48,6566.22,0.0,4,2.7,4,4,Yes,136.36,4,14,4,6,1,2024-12-05,0.259,6-12 Months,High Value,0,Active
CUST01525,Male,43,Married,Tier 1,Mobile,COD,Electronics,2022-12-30,24,0.5,1247.98,12,14975.76,623.99,0.0,97,2.7,3,3,Yes,21.65,1,3,2,2,1,2024-03-03,0.25,12-24 Months,Low Value,0,Dormant
CUST01526,Male,35,Single,Tier 1,Mobile,COD,Fashion,2022-12-30,24,4.4,1346.19,106,142696.14,5923.24,142157.76,126,3.6,5,0,No Complaint,102.48,2,12,10,2,0,,0.113,12-24 Months,High Value,0,Dormant
CUST01527,Male,46,Single,Tier 1,Tablet,UPI,Home & Kitchen,2024-07-01,6,1.7,1290.05,10,12900.5,2193.08,52633.92,105,4.7,5,1,Yes,16.54,5,1,12,6,0,,0.1,3-6 Months,Mid Value,0,Dormant
CUST01528,Male,40,Married,Tier 2,Desktop,COD,Beauty,2021-12-29,36,3.7,1104.58,133,146909.14,4086.95,98086.8,128,4.9,5,0,No Complaint,160.01,4,15,13,2,0,,0.113,24+ Months,High Value,0,Dormant
CUST01529,Female,31,Married,Tier 2,Desktop,COD,Home & Kitchen,2022-06-30,30,0.5,1442.15,15,21632.25,721.08,17305.92,25,3.0,3,1,Yes,9.05,1,3,1,2,0,,0.2,24+ Months,Low Value,0,Active
CUST01530,Male,32,Single,Tier 3,Mobile,Credit Card,Fashion,2024-08-01,5,0.5,2308.48,2,4616.96,1154.24,27701.76,1,2.4,4,0,No Complaint,178.2,1,1,12,1,0,,0.5,3-6 Months,Mid Value,0,Active
CUST01531,Male,50,Single,Tier 2,Desktop,UPI,Fashion,2023-07-01,18,5.5,518.84,99,51365.16,2853.62,68486.88,17,2.3,3,0,No Complaint,221.1,1,2,1,5,0,,0.02,12-24 Months,High Value,0,Active
CUST01532,Female,42,Married,Tier 3,Mobile,UPI,Fashion,2022-12-30,24,5.7,745.49,137,102132.13,4249.29,101982.96,69,6.3,5,1,Yes,152.28,2,17,13,2,0,,0.124,12-24 Months,High Value,0,At Risk
CUST01533,Female,38,Married,Tier 1,Mobile,Debit Card,Fashion,2024-04-01,9,1.6,1564.98,14,21909.72,2503.97,60095.28,59,8.3,5,0,No Complaint,114.1,5,0,1,5,0,,0.0,6-12 Months,Mid Value,0,Slipping
CUST01534,Male,34,Married,Tier 1,Mobile,Wallet,Grocery,2022-06-30,30,5.1,853.23,153,130544.19,4351.47,104435.28,157,5.3,3,0,No Complaint,11.29,3,27,2,2,0,,0.176,24+ Months,High Value,0,Dormant
CUST01535,Male,40,Married,Tier 2,Mobile,COD,Sports,2022-12-30,24,2.8,370.71,67,24837.57,1037.99,24911.76,15,1.0,2,3,Yes,2.06,3,5,12,4,0,,0.075,12-24 Months,Mid Value,0,Active
CUST01536,Male,60,Married,Tier 1,Mobile,Credit Card,Electronics,2023-07-01,18,0.5,1133.42,9,10200.78,566.71,13601.04,80,5.5,3,2,Yes,75.46,0,4,8,2,0,,0.444,12-24 Months,Low Value,0,At Risk
CUST01537,Male,34,Single,Tier 1,Tablet,Debit Card,Sports,2024-08-31,4,1.0,636.52,4,2546.08,636.52,0.0,172,6.6,4,0,No Complaint,265.52,2,1,1,5,1,2024-11-07,0.25,3-6 Months,Low Value,0,Dormant
CUST01538,Female,31,Single,Tier 1,Mobile,UPI,Fashion,2024-05-01,8,0.5,3960.98,4,15843.92,1980.49,0.0,91,3.3,3,0,No Complaint,187.57,1,1,1,7,1,2024-11-08,0.25,6-12 Months,Mid Value,0,Dormant
CUST01539,Male,46,Single,Tier 1,Mobile,UPI,Home & Kitchen,2024-04-01,9,3.7,1799.57,33,59385.81,6658.41,159801.84,24,6.1,4,1,Yes,24.09,1,1,2,4,0,,0.03,6-12 Months,High Value,0,Active
CUST01540,Male,37,Married,Tier 2,Mobile,Credit Card,Fashion,2022-12-30,24,10.5,2021.78,252,509488.56,21228.69,0.0,53,6.4,3,2,Yes,209.62,1,13,15,6,1,2024-07-11,0.052,12-24 Months,High Value,0,Slipping
CUST01541,Female,47,Married,Tier 2,Mobile,Credit Card,Home & Kitchen,2023-07-01,18,2.0,924.43,36,33279.48,1848.86,44372.64,113,6.8,5,3,Yes,153.98,3,1,8,3,0,,0.028,12-24 Months,Mid Value,0,Dormant
CUST01542,Male,36,Single,Tier 2,Mobile,Debit Card,Fashion,2024-10-31,2,2.7,1115.84,5,5579.2,3012.77,72306.48,3,3.4,4,1,Yes,32.83,3,0,2,7,0,,0.0,0-3 Months,High Value,0,Active
CUST01543,Female,56,Single,Tier 2,Mobile,Wallet,Sports,2024-07-01,6,3.4,706.51,20,14130.2,2402.13,57651.12,174,4.6,4,1,Yes,253.39,1,4,2,3,0,,0.2,3-6 Months,Mid Value,0,Dormant
CUST01544,Male,30,Single,Tier 2,Desktop,Debit Card,Fashion,2024-03-01,10,0.6,499.37,6,2996.22,299.62,7190.88,102,4.8,3,1,Yes,319.27,6,1,5,4,0,,0.167,6-12 Months,Low Value,0,Dormant
CUST01545,Female,35,Married,Tier 1,Mobile,Debit Card,Electronics,2022-12-30,24,1.0,474.27,24,11382.48,474.27,0.0,127,6.9,1,0,No Complaint,47.64,4,1,1,3,1,2024-09-07,0.042,12-24 Months,Low Value,0,Dormant
CUST01546,Male,40,Married,Tier 1,Mobile,UPI,Electronics,2022-12-30,24,1.3,4006.29,31,124194.99,5208.18,124996.32,90,3.8,4,2,No,181.85,2,3,4,3,0,,0.097,12-24 Months,High Value,1,At Risk
CUST01547,Female,63,Married,Tier 1,Desktop,Wallet,Electronics,2024-03-01,10,2.3,1185.36,23,27263.28,2726.33,65431.92,172,6.2,4,0,No Complaint,85.51,2,1,13,6,0,,0.043,6-12 Months,High Value,0,Dormant
CUST01548,Female,50,Single,Tier 2,Desktop,COD,Grocery,2024-10-31,2,4.8,355.71,10,3557.1,1707.41,40977.84,106,5.0,5,1,Yes,10.84,7,0,4,5,0,,0.0,0-3 Months,Mid Value,0,Dormant
CUST01549,Male,56,Married,Tier 3,Desktop,Net Banking,Sports,2024-07-01,6,0.7,1759.95,4,7039.8,1231.96,0.0,119,6.2,1,1,Yes,355.65,4,1,12,5,1,2024-08-26,0.25,3-6 Months,Mid Value,0,Dormant
CUST01550,Female,57,Single,Tier 2,Mobile,Credit Card,Grocery,2024-08-01,5,1.6,5632.05,8,45056.4,9011.28,216270.72,155,5.9,4,0,No Complaint,309.41,0,1,8,7,0,,0.125,3-6 Months,High Value,0,Dormant
CUST01551,Female,35,Married,Tier 1,Mobile,Credit Card,Beauty,2022-06-30,30,3.5,306.45,105,32177.25,1072.58,25741.92,155,3.3,3,0,No Complaint,68.88,3,15,4,5,0,,0.143,24+ Months,Mid Value,0,Dormant
CUST01552,Female,26,Single,Tier 2,Mobile,Debit Card,Fashion,2024-10-01,3,0.5,1366.76,2,2733.52,683.38,0.0,6,5.0,5,1,Yes,136.48,1,0,18,4,1,2024-12-02,0.0,0-3 Months,Low Value,0,Active
CUST01553,Female,50,Single,Tier 2,Desktop,UPI,Grocery,2024-03-01,10,1.8,409.17,18,7365.06,736.51,17676.24,51,3.3,3,0,No Complaint,129.28,5,0,5,2,0,,0.0,6-12 Months,Low Value,0,Slipping
CUST01554,Female,49,Single,Tier 2,Desktop,Debit Card,Electronics,2023-07-01,18,0.5,2015.97,9,18143.73,1007.98,24191.52,45,4.5,2,0,No Complaint,35.16,2,1,11,5,0,,0.111,12-24 Months,Mid Value,0,Slipping
CUST01555,Male,34,Married,Tier 2,Mobile,Net Banking,Home & Kitchen,2021-12-29,36,1.9,200.82,68,13655.76,381.56,9157.44,2,7.6,4,1,No,28.34,4,3,13,2,0,,0.044,24+ Months,Low Value,1,Active
CUST01556,Male,36,Married,Tier 2,Mobile,UPI,Electronics,2021-12-29,36,3.7,948.8,133,126190.4,3510.56,84253.44,157,3.7,5,4,Yes,334.73,4,1,20,5,0,,0.008,24+ Months,High Value,0,Dormant
CUST01557,Female,44,Single,Tier 2,Desktop,UPI,Grocery,2021-12-29,36,0.7,1224.91,25,30622.75,857.44,20578.56,57,3.4,2,0,No Complaint,363.62,5,1,3,2,0,,0.04,24+ Months,Low Value,0,Slipping
CUST01558,Male,23,Single,Tier 2,Mobile,COD,Fashion,2022-12-30,24,4.7,340.62,113,38490.06,1600.91,38421.84,63,4.2,1,1,Yes,232.49,1,15,2,2,0,,0.133,12-24 Months,Mid Value,0,At Risk
CUST01559,Female,52,Married,Tier 1,Mobile,UPI,Fashion,2022-12-30,24,1.0,1225.18,24,29404.32,1225.18,29404.32,18,5.7,5,0,No Complaint,13.6,4,5,5,4,0,,0.208,12-24 Months,Mid Value,0,Active
CUST01560,Female,54,Single,Tier 2,Mobile,Debit Card,Electronics,2022-12-30,24,0.5,648.47,12,7781.64,324.24,0.0,178,5.7,4,1,No,431.72,2,1,17,4,1,2023-08-11,0.083,12-24 Months,Low Value,1,Dormant
CUST01561,Male,51,Single,Tier 1,Mobile,Debit Card,Electronics,2022-06-30,30,1.6,2999.5,48,143976.0,4799.2,0.0,148,5.1,5,4,No,711.07,5,18,3,5,1,2023-04-05,0.375,24+ Months,High Value,1,Dormant
CUST01562,Male,37,Single,Tier 1,Tablet,Credit Card,Fashion,2021-12-29,36,5.2,331.41,187,61973.67,1723.33,41359.92,103,3.1,1,0,No Complaint,268.99,3,18,3,1,0,,0.096,24+ Months,Mid Value,0,Dormant
CUST01563,Female,42,Married,Tier 3,Mobile,COD,Fashion,2024-04-01,9,0.5,1695.86,4,6783.44,847.93,0.0,139,4.1,5,4,No,78.49,3,1,1,5,1,2024-11-10,0.25,6-12 Months,Low Value,1,Dormant
CUST01564,Male,21,Single,Tier 3,Mobile,Debit Card,Home & Kitchen,2024-05-01,8,1.0,837.16,8,6697.28,837.16,0.0,140,7.0,3,3,Yes,93.69,3,1,10,3,1,2024-09-02,0.125,6-12 Months,Low Value,0,Dormant
CUST01565,Female,27,Married,Tier 1,Mobile,Net Banking,Fashion,2024-03-01,10,2.6,2220.63,26,57736.38,5773.64,138567.36,118,1.8,5,1,Yes,366.74,1,3,10,2,0,,0.115,6-12 Months,High Value,0,Dormant
CUST01566,Male,27,Single,Tier 2,Mobile,COD,Home & Kitchen,2023-07-01,18,1.1,2256.66,20,45133.2,2482.33,0.0,32,5.0,1,2,Yes,59.18,1,1,14,8,1,2023-07-30,0.05,12-24 Months,Mid Value,0,Slipping
CUST01567,Female,41,Single,Tier 1,Mobile,Net Banking,Fashion,2022-12-30,24,0.5,752.85,12,9034.2,376.42,9034.08,129,4.1,5,3,No,27.54,5,2,5,5,0,,0.167,12-24 Months,Low Value,1,Dormant
CUST01568,Male,38,Single,Tier 2,Mobile,UPI,Fashion,2022-06-30,30,1.0,870.2,30,26106.0,870.2,20884.8,102,5.3,4,2,Yes,311.49,1,2,18,6,0,,0.067,24+ Months,Low Value,0,Dormant
CUST01569,Female,28,Married,Tier 3,Mobile,UPI,Grocery,2024-04-01,9,4.3,1696.16,39,66150.24,7293.49,175043.76,130,4.7,4,0,No Complaint,38.67,1,2,1,2,0,,0.051,6-12 Months,High Value,0,Dormant
CUST01570,Male,44,Single,Tier 3,Desktop,UPI,Grocery,2024-06-01,7,8.6,1293.84,60,77630.4,11127.02,0.0,98,1.8,1,2,Yes,428.11,2,6,7,5,1,2024-09-08,0.1,6-12 Months,High Value,0,Dormant
CUST01571,Female,33,Married,Tier 2,Desktop,Credit Card,Electronics,2021-12-29,36,0.5,827.07,18,14887.26,413.54,9924.96,172,5.6,4,0,No Complaint,163.0,5,2,5,7,0,,0.111,24+ Months,Low Value,0,Dormant
CUST01572,Male,43,Single,Tier 2,Mobile,Net Banking,Grocery,2024-08-31,4,2.1,501.01,8,4008.08,1052.12,25250.88,113,2.7,4,3,Yes,145.89,3,2,18,7,0,,0.25,3-6 Months,Mid Value,0,Dormant
CUST01573,Female,47,Single,Tier 2,Mobile,Credit Card,Electronics,2024-08-31,4,0.5,1159.48,2,2318.96,579.74,0.0,103,2.4,4,0,No Complaint,269.1,4,0,19,2,1,2024-10-13,0.0,3-6 Months,Low Value,0,Dormant
CUST01574,Female,33,Married,Tier 1,Tablet,COD,Grocery,2022-12-30,24,2.9,412.5,70,28875.0,1196.25,28710.0,151,4.6,4,1,Yes,2.99,3,3,30,3,0,,0.043,12-24 Months,Mid Value,0,Dormant
CUST01575,Male,24,Married,Tier 3,Mobile,Credit Card,Grocery,2024-10-01,3,0.5,1413.42,2,2826.84,706.71,0.0,68,3.8,3,1,Yes,225.03,1,0,3,1,1,2024-12-25,0.0,0-3 Months,Low Value,0,At Risk
CUST01576,Male,33,Single,Tier 3,Desktop,Credit Card,Electronics,2024-05-01,8,0.5,1953.56,4,7814.24,976.78,0.0,57,3.1,3,0,No Complaint,164.26,6,0,4,3,1,2024-10-21,0.0,6-12 Months,Mid Value,0,Slipping
CUST01577,Male,52,Married,Tier 2,Mobile,Net Banking,Home & Kitchen,2024-07-01,6,3.8,503.54,23,11581.42,1913.45,0.0,91,3.8,5,2,Yes,133.54,0,8,2,1,1,2024-10-12,0.348,3-6 Months,Mid Value,0,Dormant
CUST01578,Female,33,Married,Tier 1,Desktop,Credit Card,Beauty,2024-10-01,3,0.5,670.44,2,1340.88,335.22,0.0,105,3.2,5,3,No,44.11,6,0,11,3,1,2024-10-22,0.0,0-3 Months,Low Value,1,Dormant
CUST01579,Female,57,Single,Tier 1,Desktop,COD,Electronics,2023-12-31,12,0.9,577.42,11,6351.62,519.68,12472.32,40,7.3,3,0,No Complaint,318.35,2,1,14,4,0,,0.091,6-12 Months,Low Value,0,Slipping
CUST01580,Female,29,Married,Tier 1,Desktop,UPI,Home & Kitchen,2024-06-01,7,7.9,1877.55,55,103265.25,14832.64,355983.36,123,5.1,4,0,No Complaint,51.94,3,6,15,1,0,,0.109,6-12 Months,High Value,0,Dormant
CUST01581,Male,52,Single,Tier 3,Desktop,Wallet,Home & Kitchen,2024-03-01,10,10.5,932.9,105,97954.5,9795.45,0.0,144,4.2,3,1,No,121.12,2,4,37,10,1,2024-10-26,0.038,6-12 Months,High Value,1,Dormant
CUST01582,Male,38,Married,Tier 2,Tablet,Debit Card,Grocery,2024-08-31,4,0.5,694.91,2,1389.82,347.46,0.0,104,5.9,5,1,Yes,30.97,2,1,7,6,1,2024-12-26,0.5,3-6 Months,Low Value,0,Dormant
CUST01583,Female,60,Married,Tier 1,Mobile,COD,Fashion,2022-12-30,24,2.1,1412.72,50,70636.0,2966.71,0.0,94,4.2,2,0,No Complaint,654.94,3,23,2,2,1,2023-05-09,0.46,12-24 Months,High Value,0,Dormant
CUST01584,Male,53,Single,Tier 2,Mobile,UPI,Home & Kitchen,2024-07-01,6,2.0,641.29,12,7695.48,1282.58,30781.92,53,4.0,5,2,Yes,38.94,3,2,7,2,0,,0.167,3-6 Months,Mid Value,0,Slipping
CUST01585,Female,34,Single,Tier 3,Mobile,Credit Card,Fashion,2024-06-01,7,1.5,778.49,10,7784.9,1167.74,0.0,163,6.2,4,2,Yes,292.62,0,3,4,3,1,2024-11-07,0.3,6-12 Months,Mid Value,0,Dormant
CUST01586,Male,49,Single,Tier 1,Desktop,Net Banking,Fashion,2024-08-01,5,6.5,411.39,32,13164.48,2674.04,0.0,136,3.3,1,0,No Complaint,54.95,0,0,3,6,1,2024-12-15,0.0,3-6 Months,High Value,0,Dormant
CUST01587,Female,58,Married,Tier 3,Desktop,Net Banking,Electronics,2024-04-01,9,3.5,1614.94,32,51678.08,5652.29,135654.96,86,2.7,5,1,Yes,53.24,1,3,10,3,0,,0.094,6-12 Months,High Value,0,At Risk
CUST01588,Male,23,Married,Tier 3,Mobile,UPI,Beauty,2024-03-01,10,3.6,418.06,36,15050.16,1505.02,36120.48,118,5.7,4,1,Yes,98.58,2,1,2,3,0,,0.028,6-12 Months,Mid Value,0,Dormant
CUST01589,Male,41,Single,Tier 3,Mobile,UPI,Home & Kitchen,2024-01-31,11,0.8,2448.08,9,22032.72,1958.46,47003.04,61,4.8,4,0,No Complaint,336.57,4,0,6,6,0,,0.0,6-12 Months,Mid Value,0,At Risk
CUST01590,Female,44,Single,Tier 2,Desktop,Credit Card,Grocery,2021-12-29,36,1.4,1061.34,50,53067.0,1485.88,35661.12,11,4.8,3,4,Yes,209.4,4,1,1,7,0,,0.02,24+ Months,Mid Value,0,Active
CUST01591,Female,37,Single,Tier 1,Mobile,UPI,Sports,2021-12-29,36,1.7,804.56,61,49078.16,1367.75,32826.0,37,3.9,3,0,No Complaint,369.52,3,18,18,4,0,,0.295,24+ Months,Mid Value,0,Slipping
CUST01592,Female,42,Married,Tier 2,Mobile,COD,Fashion,2023-07-01,18,0.9,889.65,16,14234.4,800.68,19216.32,15,5.6,5,1,Yes,8.71,4,1,1,5,0,,0.062,12-24 Months,Low Value,0,Active
CUST01593,Male,19,Married,Tier 1,Desktop,UPI,Fashion,2024-12-01,1,0.5,2971.93,1,2971.93,1485.96,0.0,91,2.0,4,0,No Complaint,560.99,1,0,22,3,1,2024-12-01,0.0,0-3 Months,Mid Value,0,Dormant
CUST01594,Male,26,Married,Tier 1,Mobile,Credit Card,Grocery,2023-07-01,18,0.5,349.91,9,3149.19,174.96,4199.04,112,1.0,1,0,No Complaint,14.45,2,0,60,3,0,,0.0,12-24 Months,Low Value,0,Dormant
CUST01595,Female,45,Single,Tier 2,Mobile,Debit Card,Sports,2024-10-31,2,0.5,368.54,1,368.54,184.27,4422.48,69,3.8,3,0,No Complaint,229.82,3,0,2,2,0,,0.0,0-3 Months,Low Value,0,At Risk
CUST01596,Female,55,Married,Tier 2,Mobile,Credit Card,Grocery,2022-12-30,24,0.6,1757.37,14,24603.18,1054.42,25306.08,95,5.6,4,0,No Complaint,41.79,1,2,1,4,0,,0.143,12-24 Months,Mid Value,0,Dormant
CUST01597,Male,20,Married,Tier 3,Mobile,COD,Fashion,2024-05-01,8,0.7,471.09,6,2826.54,329.76,0.0,16,6.7,2,2,Yes,330.82,5,1,1,7,1,2024-12-19,0.167,6-12 Months,Low Value,0,Active
CUST01598,Male,37,Married,Tier 1,Mobile,Wallet,Fashion,2022-06-30,30,0.7,535.16,21,11238.36,374.61,8990.64,138,5.5,2,0,No Complaint,356.96,1,2,1,3,0,,0.095,24+ Months,Low Value,0,Dormant
CUST01599,Male,23,Single,Tier 2,Mobile,UPI,Fashion,2021-12-29,36,1.5,658.42,54,35554.68,987.63,0.0,6,2.8,1,1,Yes,144.23,4,2,20,3,1,2024-03-14,0.037,24+ Months,Mid Value,0,Active
CUST01600,Female,56,Married,Tier 3,Mobile,COD,Electronics,2024-05-01,8,1.8,1974.03,14,27636.42,3553.25,0.0,114,2.9,4,4,No,92.81,2,0,10,2,1,2024-09-29,0.0,6-12 Months,High Value,1,Dormant
CUST01601,Male,50,Single,Tier 3,Mobile,UPI,Fashion,2024-03-01,10,0.9,1582.38,9,14241.42,1424.14,34179.36,78,6.7,3,0,No Complaint,283.83,2,1,1,6,0,,0.111,6-12 Months,Mid Value,0,At Risk
CUST01602,Male,18,Single,Tier 3,Mobile,Credit Card,Home & Kitchen,2023-07-01,18,5.9,813.36,106,86216.16,4798.82,0.0,33,6.1,3,3,No,372.91,2,17,26,4,1,2023-07-28,0.16,12-24 Months,High Value,1,Slipping
CUST01603,Male,54,Married,Tier 2,Mobile,UPI,Grocery,2024-08-31,4,2.0,1188.4,8,9507.2,2376.8,57043.2,94,5.5,1,0,No Complaint,241.27,0,1,9,2,0,,0.125,3-6 Months,Mid Value,0,Dormant
CUST01604,Male,23,Married,Tier 3,Tablet,UPI,Grocery,2021-12-29,36,3.9,1168.45,140,163583.0,4556.96,0.0,140,6.2,4,0,No Complaint,427.37,2,29,21,5,1,2022-06-18,0.207,24+ Months,High Value,0,Dormant
CUST01605,Male,62,Married,Tier 1,Mobile,UPI,Fashion,2024-04-01,9,6.5,445.07,58,25814.06,2892.96,69431.04,75,4.8,4,1,Yes,177.29,1,4,10,4,0,,0.069,6-12 Months,High Value,0,At Risk
CUST01606,Male,51,Single,Tier 2,Desktop,Credit Card,Fashion,2024-10-01,3,0.5,466.78,2,933.56,233.39,5601.36,66,4.1,5,3,No,199.82,3,0,4,7,0,,0.0,0-3 Months,Low Value,1,At Risk
CUST01607,Male,64,Married,Tier 1,Desktop,Net Banking,Grocery,2022-12-30,24,1.4,215.79,34,7336.86,302.11,7250.64,26,4.2,4,0,No Complaint,152.7,1,1,1,2,0,,0.029,12-24 Months,Low Value,0,Active
CUST01608,Female,32,Single,Tier 1,Mobile,COD,Home & Kitchen,2024-08-31,4,1.4,2548.9,6,15293.4,3568.46,0.0,107,5.6,4,2,Yes,120.55,3,1,1,5,1,2024-11-21,0.167,3-6 Months,High Value,0,Dormant
CUST01609,Male,62,Single,Tier 1,Desktop,Wallet,Grocery,2024-10-01,3,1.1,561.68,3,1685.04,617.85,0.0,149,4.9,4,0,No Complaint,191.49,2,0,8,5,1,2024-11-24,0.0,0-3 Months,Low Value,0,Dormant
CUST01610,Female,43,Married,Tier 1,Mobile,Debit Card,Home & Kitchen,2023-12-31,12,0.5,906.43,6,5438.58,453.22,10877.28,101,1.0,4,1,Yes,148.25,3,2,6,5,0,,0.333,6-12 Months,Low Value,0,Dormant
CUST01611,Female,31,Single,Tier 1,Desktop,UPI,Beauty,2023-07-01,18,4.2,1309.28,76,99505.28,5498.98,131975.52,30,6.1,3,1,Yes,236.51,4,2,7,7,0,,0.026,12-24 Months,High Value,0,Active
CUST01612,Female,24,Married,Tier 1,Mobile,Credit Card,Fashion,2023-12-31,12,0.5,454.92,6,2729.52,227.46,5459.04,119,5.6,1,1,No,489.9,1,1,27,7,0,,0.167,6-12 Months,Low Value,1,Dormant
CUST01613,Male,63,Single,Tier 1,Desktop,UPI,Fashion,2023-07-01,18,13.5,496.05,243,120540.15,6696.68,160720.32,6,5.1,3,4,No,84.04,5,15,19,5,0,,0.062,12-24 Months,High Value,1,Active
CUST01614,Male,48,Single,Tier 3,Mobile,Credit Card,Grocery,2024-10-31,2,3.7,471.23,7,3298.61,1743.55,0.0,151,7.0,4,4,Yes,95.33,3,1,4,4,1,2024-11-08,0.143,0-3 Months,Mid Value,0,Dormant
CUST01615,Male,41,Married,Tier 1,Desktop,Debit Card,Electronics,2024-03-01,10,2.2,150.0,22,3300.0,330.0,7920.0,165,3.0,5,0,No Complaint,2.73,2,2,3,6,0,,0.091,6-12 Months,Low Value,0,Dormant
CUST01616,Female,48,Married,Tier 2,Mobile,Debit Card,Electronics,2024-06-01,7,0.5,857.83,4,3431.32,428.92,10294.08,107,2.6,3,0,No Complaint,134.77,5,1,3,4,0,,0.25,6-12 Months,Low Value,0,Dormant
CUST01617,Female,46,Married,Tier 1,Desktop,Credit Card,Electronics,2021-12-29,36,1.8,4610.13,65,299658.45,8298.23,0.0,158,5.4,4,2,Yes,25.36,6,1,23,6,1,2024-07-31,0.015,24+ Months,High Value,0,Dormant
CUST01618,Female,59,Single,Tier 3,Mobile,UPI,Electronics,2024-12-01,1,0.8,619.8,1,619.8,495.84,0.0,16,3.1,4,2,Yes,226.58,2,0,19,4,1,2024-12-06,0.0,0-3 Months,Low Value,0,Active
CUST01619,Female,49,Married,Tier 3,Desktop,UPI,Home & Kitchen,2024-07-01,6,0.7,631.76,4,2527.04,442.23,0.0,41,7.5,4,0,No Complaint,272.21,2,1,22,5,1,2024-07-13,0.25,3-6 Months,Low Value,0,Slipping
CUST01620,Female,34,Single,Tier 2,Mobile,UPI,Fashion,2021-12-29,36,4.4,693.07,158,109505.06,3049.51,73188.24,57,3.3,1,0,No Complaint,230.9,4,7,2,4,0,,0.044,24+ Months,High Value,0,Slipping
CUST01621,Male,31,Single,Tier 2,Mobile,UPI,Fashion,2021-12-29,36,1.2,1116.69,43,48017.67,1340.03,32160.72,139,3.2,2,2,Yes,142.39,3,1,5,4,0,,0.023,24+ Months,Mid Value,0,Dormant
CUST01622,Male,57,Married,Tier 1,Mobile,COD,Grocery,2022-06-30,30,1.5,1664.05,45,74882.25,2496.07,0.0,87,3.8,3,0,No Complaint,137.53,3,4,4,9,1,2023-03-23,0.089,24+ Months,Mid Value,0,At Risk
CUST01623,Female,53,Single,Tier 3,Tablet,UPI,Beauty,2024-10-31,2,4.6,500.63,9,4505.67,2302.9,55269.6,63,4.0,5,0,No Complaint,187.2,4,2,3,4,0,,0.222,0-3 Months,Mid Value,0,At Risk
CUST01624,Female,41,Married,Tier 3,Mobile,COD,Grocery,2023-12-31,12,0.5,1241.16,6,7446.96,620.58,0.0,29,3.8,1,0,No Complaint,145.62,4,0,1,6,1,2024-07-12,0.0,6-12 Months,Low Value,0,Active
CUST01625,Male,62,Married,Tier 3,Desktop,Credit Card,Sports,2024-05-01,8,2.3,845.54,18,15219.72,1944.74,46673.76,146,4.0,4,1,No,249.74,1,1,15,3,0,,0.056,6-12 Months,Mid Value,1,Dormant
CUST01626,Female,44,Married,Tier 2,Mobile,UPI,Beauty,2022-06-30,30,2.2,1106.79,66,73048.14,2434.94,58438.56,4,3.8,5,0,No Complaint,404.88,7,11,3,2,0,,0.167,24+ Months,Mid Value,0,Active
CUST01627,Male,42,Single,Tier 1,Desktop,COD,Grocery,2024-12-01,1,1.4,1231.4,1,1231.4,1723.96,41375.04,61,1.7,4,1,No,138.27,1,0,3,9,0,,0.0,0-3 Months,Mid Value,1,At Risk
CUST01628,Male,49,Married,Tier 3,Mobile,Debit Card,Fashion,2024-08-31,4,4.4,453.79,18,8168.22,1996.68,47920.32,44,5.4,4,0,No Complaint,21.05,1,0,7,5,0,,0.0,3-6 Months,Mid Value,0,Slipping
CUST01629,Male,35,Single,Tier 1,Mobile,UPI,Electronics,2024-03-01,10,7.2,621.26,72,44730.72,4473.07,107353.68,24,3.7,3,2,Yes,25.28,4,7,21,4,0,,0.097,6-12 Months,High Value,0,Active
CUST01630,Male,63,Single,Tier 2,Desktop,Net Banking,Beauty,2024-10-01,3,1.6,1240.97,5,6204.85,1985.55,47653.2,31,4.2,4,0,No Complaint,84.87,2,1,10,6,0,,0.2,0-3 Months,Mid Value,0,Slipping
CUST01631,Female,35,Single,Tier 1,Mobile,UPI,Home & Kitchen,2022-12-30,24,1.5,813.93,36,29301.48,1220.9,29301.6,89,2.3,4,0,No Complaint,123.44,3,2,8,4,0,,0.056,12-24 Months,Mid Value,0,At Risk
CUST01632,Male,54,Married,Tier 3,Mobile,UPI,Sports,2022-06-30,30,1.7,1563.32,51,79729.32,2657.64,63783.36,77,1.8,4,1,Yes,45.89,1,9,1,4,0,,0.176,24+ Months,High Value,0,At Risk
CUST01633,Female,43,Single,Tier 1,Mobile,COD,Grocery,2022-12-30,24,3.2,768.41,77,59167.57,2458.91,0.0,93,4.3,4,0,No Complaint,108.51,4,0,8,1,1,2023-11-30,0.0,12-24 Months,Mid Value,0,Dormant
CUST01634,Female,26,Married,Tier 1,Mobile,COD,Grocery,2024-04-01,9,2.8,1821.35,25,45533.75,5099.78,122394.72,131,7.3,4,1,Yes,26.26,3,7,2,3,0,,0.28,6-12 Months,High Value,0,Dormant
CUST01635,Female,52,Single,Tier 2,Mobile,UPI,Fashion,2022-06-30,30,0.6,227.28,18,4091.04,136.37,3272.88,160,7.2,5,4,Yes,49.6,2,2,8,4,0,,0.111,24+ Months,Low Value,0,Dormant
CUST01636,Male,25,Single,Tier 3,Desktop,UPI,Fashion,2024-10-01,3,0.5,1125.9,2,2251.8,562.95,13510.8,22,2.9,5,1,Yes,238.34,5,0,3,4,0,,0.0,0-3 Months,Low Value,0,Active
CUST01637,Male,37,Married,Tier 2,Mobile,Net Banking,Fashion,2024-08-01,5,7.5,364.03,38,13833.14,2730.22,65525.28,15,3.2,4,0,No Complaint,762.92,2,3,1,1,0,,0.079,3-6 Months,High Value,0,Active
CUST01638,Male,59,Single,Tier 1,Mobile,UPI,Fashion,2024-03-01,10,0.8,1968.37,8,15746.96,1574.7,37792.8,58,4.8,4,0,No Complaint,37.09,6,3,15,4,0,,0.375,6-12 Months,Mid Value,0,Slipping
CUST01639,Female,39,Married,Tier 1,Mobile,UPI,Electronics,2024-12-01,1,2.5,808.72,2,1617.44,2021.8,0.0,98,1.0,4,0,No Complaint,74.55,4,0,6,3,1,2024-12-07,0.0,0-3 Months,Mid Value,0,Dormant
CUST01640,Female,36,Married,Tier 3,Mobile,Credit Card,Electronics,2024-10-31,2,4.4,707.44,9,6366.96,3112.74,74705.76,18,3.4,5,2,No,77.73,4,1,3,3,0,,0.111,0-3 Months,High Value,1,Active
CUST01641,Male,47,Married,Tier 3,Mobile,Net Banking,Grocery,2024-05-01,8,0.9,503.53,7,3524.71,453.18,10876.32,129,4.9,3,0,No Complaint,45.49,3,1,4,3,0,,0.143,6-12 Months,Low Value,0,Dormant
CUST01642,Female,45,Single,Tier 3,Desktop,UPI,Grocery,2021-12-29,36,2.5,1428.79,90,128591.1,3571.98,0.0,100,4.1,4,0,No Complaint,41.08,3,30,8,5,1,2024-07-17,0.333,24+ Months,High Value,0,Dormant
CUST01643,Male,52,Married,Tier 2,Desktop,COD,Grocery,2021-12-29,36,0.5,1336.35,18,24054.3,668.18,0.0,134,1.1,2,0,No Complaint,25.42,2,2,9,3,1,2023-10-29,0.111,24+ Months,Low Value,0,Dormant
CUST01644,Female,60,Married,Tier 3,Mobile,Debit Card,Electronics,2024-03-01,10,8.8,737.25,88,64878.0,6487.8,155707.2,65,1.2,3,1,No,428.53,2,24,5,5,0,,0.273,6-12 Months,High Value,1,At Risk
CUST01645,Male,28,Married,Tier 2,Desktop,Credit Card,Fashion,2024-10-01,3,0.5,1430.54,2,2861.08,715.27,0.0,72,1.9,5,2,Yes,188.65,1,0,6,1,1,2024-11-13,0.0,0-3 Months,Low Value,0,At Risk
CUST01646,Female,48,Single,Tier 2,Mobile,COD,Sports,2024-10-01,3,1.4,1047.79,4,4191.16,1466.91,0.0,145,4.4,3,0,No Complaint,61.77,1,0,1,3,1,2024-11-18,0.0,0-3 Months,Mid Value,0,Dormant
CUST01647,Male,56,Married,Tier 2,Desktop,Wallet,Fashion,2024-06-01,7,1.9,953.53,13,12395.89,1811.71,43481.04,48,3.0,2,1,Yes,53.74,3,0,1,1,0,,0.0,6-12 Months,Mid Value,0,Slipping
CUST01648,Female,53,Married,Tier 2,Mobile,UPI,Home & Kitchen,2024-08-31,4,3.9,1553.11,16,24849.76,6057.13,145371.12,69,7.3,2,2,Yes,160.37,4,4,2,1,0,,0.25,3-6 Months,High Value,0,At Risk
CUST01649,Female,47,Single,Tier 3,Desktop,UPI,Electronics,2024-10-31,2,0.5,3190.53,1,3190.53,1595.26,38286.24,3,2.1,3,0,No Complaint,215.06,4,0,6,1,0,,0.0,0-3 Months,Mid Value,0,Active
CUST01650,Female,40,Married,Tier 2,Mobile,Net Banking,Grocery,2023-07-01,18,1.5,1093.7,27,29529.9,1640.55,39373.2,100,6.7,3,1,Yes,52.51,3,5,4,4,0,,0.185,12-24 Months,Mid Value,0,Dormant
CUST01651,Male,36,Married,Tier 1,Mobile,Debit Card,Fashion,2023-07-01,18,0.9,1094.88,16,17518.08,985.39,0.0,153,2.3,3,4,Yes,76.76,4,1,7,5,1,2024-04-10,0.062,12-24 Months,Mid Value,0,Dormant
CUST01652,Male,29,Married,Tier 1,Mobile,Credit Card,Fashion,2024-07-01,6,0.9,1707.91,5,8539.55,1537.12,36890.88,5,9.0,4,1,No,61.8,3,0,2,5,0,,0.0,3-6 Months,Mid Value,1,Active
CUST01653,Male,32,Single,Tier 1,Mobile,Debit Card,Electronics,2022-12-30,24,3.8,460.94,91,41945.54,1751.57,42037.68,110,5.7,5,0,No Complaint,16.52,7,9,28,3,0,,0.099,12-24 Months,Mid Value,0,Dormant
CUST01654,Male,48,Married,Tier 2,Mobile,COD,Beauty,2022-12-30,24,0.5,789.85,12,9478.2,394.92,0.0,152,1.0,2,0,No Complaint,87.95,5,3,8,3,1,2024-03-05,0.25,12-24 Months,Low Value,0,Dormant
CUST01655,Male,60,Single,Tier 1,Mobile,COD,Fashion,2024-03-01,10,3.5,685.22,35,23982.7,2398.27,0.0,89,6.7,4,1,No,137.29,3,6,1,2,1,2024-07-08,0.171,6-12 Months,Mid Value,1,At Risk
CUST01656,Female,54,Married,Tier 1,Mobile,Net Banking,Grocery,2024-10-31,2,4.2,1107.96,8,8863.68,4653.43,0.0,57,3.7,2,0,No Complaint,191.75,4,1,4,6,1,2024-12-23,0.125,0-3 Months,High Value,0,Slipping
CUST01657,Female,54,Single,Tier 2,Desktop,Credit Card,Fashion,2021-12-29,36,5.8,1045.09,209,218423.81,6061.52,0.0,179,6.2,3,1,Yes,97.04,2,29,31,2,1,2022-06-14,0.139,24+ Months,High Value,0,Dormant
CUST01658,Male,32,Single,Tier 2,Mobile,UPI,Electronics,2023-07-01,18,2.5,3074.8,45,138366.0,7687.0,184488.0,12,4.5,5,1,Yes,737.38,4,16,27,6,0,,0.356,12-24 Months,High Value,0,Active
CUST01659,Male,46,Single,Tier 3,Mobile,Debit Card,Home & Kitchen,2024-08-01,5,1.0,2564.27,5,12821.35,2564.27,0.0,38,3.9,1,3,No,176.95,2,0,1,4,1,2024-11-29,0.0,3-6 Months,High Value,1,Slipping
CUST01660,Male,60,Married,Tier 2,Mobile,Credit Card,Home & Kitchen,2023-07-01,18,1.4,310.95,25,7773.75,435.33,0.0,159,4.0,1,1,No,391.81,4,0,14,2,1,2023-07-20,0.0,12-24 Months,Low Value,1,Dormant
CUST01661,Female,43,Married,Tier 3,Tablet,Debit Card,Grocery,2024-05-01,8,8.7,1152.96,70,80707.2,10030.75,240738.0,54,2.4,3,1,Yes,445.82,5,17,8,2,0,,0.243,6-12 Months,High Value,0,Slipping
CUST01662,Male,61,Single,Tier 3,Tablet,Credit Card,Fashion,2023-07-01,18,5.3,1474.0,95,140030.0,7812.2,187492.8,147,3.7,5,0,No Complaint,310.07,1,3,2,5,0,,0.032,12-24 Months,High Value,0,Dormant
CUST01663,Female,19,Single,Tier 3,Mobile,UPI,Fashion,2024-03-01,10,1.6,952.26,16,15236.16,1523.62,0.0,60,2.2,1,0,No Complaint,56.64,2,4,14,7,1,2024-12-02,0.25,6-12 Months,Mid Value,0,Slipping
CUST01664,Male,37,Single,Tier 2,Mobile,Credit Card,Sports,2024-03-01,10,7.2,625.66,72,45047.52,4504.75,108114.0,146,3.7,3,0,No Complaint,101.59,3,9,8,5,0,,0.125,6-12 Months,High Value,0,Dormant
CUST01665,Female,32,Married,Tier 1,Mobile,Debit Card,Fashion,2022-12-30,24,4.3,2356.9,103,242760.7,10134.67,0.0,123,4.9,4,0,No Complaint,0.07,2,7,1,5,1,2023-02-21,0.068,12-24 Months,High Value,0,Dormant
CUST01666,Female,21,Married,Tier 3,Tablet,COD,Beauty,2023-07-01,18,5.8,1131.29,104,117654.16,6561.48,157475.52,84,6.4,3,0,No Complaint,108.07,3,21,15,2,0,,0.202,12-24 Months,High Value,0,At Risk
CUST01667,Male,39,Single,Tier 1,Mobile,Credit Card,Electronics,2024-10-31,2,2.9,432.51,6,2595.06,1254.28,0.0,94,7.2,1,0,No Complaint,62.6,4,0,11,3,1,2024-12-30,0.0,0-3 Months,Mid Value,0,Dormant
CUST01668,Female,55,Married,Tier 1,Mobile,UPI,Sports,2024-12-01,1,4.9,1777.95,5,8889.75,8711.96,0.0,32,4.5,1,1,No,21.36,2,0,1,7,1,2024-12-12,0.0,0-3 Months,High Value,1,Slipping
CUST01669,Male,40,Single,Tier 2,Mobile,Credit Card,Electronics,2024-07-01,6,5.6,1245.66,34,42352.44,6975.7,0.0,21,2.5,4,0,No Complaint,328.28,5,1,2,4,1,2024-08-27,0.029,3-6 Months,High Value,0,Active
CUST01670,Female,43,Single,Tier 1,Mobile,COD,Electronics,2024-04-01,9,0.5,572.17,4,2288.68,286.08,0.0,129,4.4,4,0,No Complaint,201.45,5,0,3,1,1,2024-05-06,0.0,6-12 Months,Low Value,0,Dormant
CUST01671,Male,28,Single,Tier 3,Mobile,Credit Card,Grocery,2024-08-01,5,8.4,526.14,42,22097.88,4419.58,0.0,152,4.2,4,2,Yes,1263.07,4,3,5,6,1,2024-08-11,0.071,3-6 Months,High Value,0,Dormant
CUST01672,Female,45,Married,Tier 2,Desktop,Debit Card,Sports,2023-07-01,18,1.0,514.25,18,9256.5,514.25,0.0,130,6.9,2,1,Yes,124.19,4,3,2,6,1,2023-08-01,0.167,12-24 Months,Low Value,0,Dormant
CUST01673,Female,19,Married,Tier 2,Mobile,Credit Card,Sports,2024-08-31,4,1.4,2056.22,6,12337.32,2878.71,69089.04,164,6.1,4,0,No Complaint,72.28,2,1,14,3,0,,0.167,3-6 Months,High Value,0,Dormant
CUST01674,Female,25,Married,Tier 2,Mobile,UPI,Beauty,2022-12-30,24,3.9,1356.45,94,127506.3,5290.16,0.0,160,4.9,4,2,Yes,55.13,2,3,10,6,1,2023-09-09,0.032,12-24 Months,High Value,0,Dormant
CUST01675,Female,46,Single,Tier 2,Mobile,COD,Beauty,2022-12-30,24,2.7,1753.48,65,113976.2,4734.4,0.0,140,7.2,3,1,No,102.88,4,12,1,1,1,2023-07-22,0.185,12-24 Months,High Value,1,Dormant
CUST01676,Male,28,Married,Tier 1,Mobile,UPI,Grocery,2024-10-31,2,5.6,1036.03,11,11396.33,5801.77,139242.48,161,3.6,4,0,No Complaint,66.76,1,1,10,7,0,,0.091,0-3 Months,High Value,0,Dormant
CUST01677,Male,54,Single,Tier 2,Mobile,Debit Card,Beauty,2023-07-01,18,1.3,557.19,23,12815.37,724.35,17384.4,30,5.6,4,0,No Complaint,843.13,2,4,24,2,0,,0.174,12-24 Months,Low Value,0,Active
CUST01678,Male,35,Married,Tier 2,Desktop,UPI,Home & Kitchen,2021-12-29,36,1.2,514.9,43,22140.7,617.88,14829.12,131,3.6,5,1,Yes,36.34,5,9,5,8,0,,0.209,24+ Months,Low Value,0,Dormant
CUST01679,Male,31,Married,Tier 2,Mobile,UPI,Electronics,2024-08-31,4,0.5,1903.03,2,3806.06,951.52,0.0,135,3.7,4,1,Yes,3.48,2,0,2,1,1,2024-12-16,0.0,3-6 Months,Mid Value,0,Dormant
CUST01680,Female,27,Married,Tier 3,Mobile,Credit Card,Grocery,2021-12-29,36,1.6,1227.04,58,71168.32,1963.26,47118.24,28,1.0,5,2,Yes,25.07,3,13,17,2,0,,0.224,24+ Months,Mid Value,0,Active
CUST01681,Male,52,Single,Tier 1,Mobile,Credit Card,Grocery,2023-07-01,18,3.2,745.47,58,43237.26,2385.5,0.0,163,4.7,5,0,No Complaint,399.83,1,14,9,8,1,2023-07-21,0.241,12-24 Months,Mid Value,0,Dormant
CUST01682,Female,26,Married,Tier 1,Mobile,COD,Grocery,2023-07-01,18,0.9,911.37,16,14581.92,820.23,19685.52,2,4.7,5,1,Yes,213.1,6,5,4,5,0,,0.312,12-24 Months,Low Value,0,Active
CUST01683,Female,52,Married,Tier 1,Mobile,COD,Home & Kitchen,2024-12-01,1,1.6,1805.62,2,3611.24,2888.99,69335.76,78,4.3,4,1,No,275.82,1,0,4,3,0,,0.0,0-3 Months,High Value,1,At Risk
CUST01684,Female,28,Single,Tier 2,Mobile,COD,Electronics,2022-12-30,24,0.6,1331.72,14,18644.08,799.03,19176.72,4,5.3,3,1,Yes,69.54,1,1,3,3,0,,0.071,12-24 Months,Low Value,0,Active
CUST01685,Male,61,Married,Tier 3,Mobile,Credit Card,Fashion,2024-03-01,10,3.7,841.69,37,31142.53,3114.25,74742.0,94,6.3,3,0,No Complaint,175.45,3,8,1,6,0,,0.216,6-12 Months,High Value,0,Dormant
CUST01686,Female,29,Married,Tier 3,Mobile,Debit Card,Electronics,2022-12-30,24,0.5,869.25,12,10431.0,434.62,10430.88,74,4.5,4,0,No Complaint,221.52,2,1,16,7,0,,0.083,12-24 Months,Low Value,0,At Risk
CUST01687,Female,20,Married,Tier 2,Mobile,Debit Card,Fashion,2022-06-30,30,3.1,593.86,93,55228.98,1840.97,44183.28,112,5.6,4,0,No Complaint,71.13,3,8,33,4,0,,0.086,24+ Months,Mid Value,0,Dormant
CUST01688,Male,56,Married,Tier 2,Mobile,Credit Card,Electronics,2024-01-31,11,1.2,912.52,13,11862.76,1095.02,0.0,138,5.2,3,5,Yes,232.07,2,3,23,2,1,2024-12-14,0.231,6-12 Months,Mid Value,0,Dormant
CUST01689,Female,31,Single,Tier 2,Mobile,Debit Card,Home & Kitchen,2024-08-01,5,0.5,733.99,2,1467.98,367.0,8808.0,138,6.4,4,0,No Complaint,178.8,2,0,1,3,0,,0.0,3-6 Months,Low Value,0,Dormant
CUST01690,Female,45,Married,Tier 1,Desktop,Wallet,Grocery,2024-10-01,3,4.8,866.88,14,12136.32,4161.02,0.0,130,5.5,5,0,No Complaint,63.24,2,0,4,5,1,2024-10-20,0.0,0-3 Months,High Value,0,Dormant
CUST01691,Male,28,Married,Tier 1,Mobile,UPI,Home & Kitchen,2024-10-01,3,1.7,614.56,5,3072.8,1044.75,25074.0,19,7.8,3,1,Yes,9.77,4,1,3,5,0,,0.2,0-3 Months,Mid Value,0,Active
CUST01692,Male,56,Single,Tier 3,Mobile,Net Banking,Fashion,2022-06-30,30,2.3,351.49,69,24252.81,808.43,0.0,75,5.0,4,3,Yes,48.89,8,9,3,4,1,2023-03-01,0.13,24+ Months,Low Value,0,At Risk
CUST01693,Male,42,Single,Tier 2,Mobile,UPI,Home & Kitchen,2024-10-31,2,3.3,1750.51,7,12253.57,5776.68,0.0,147,2.8,4,1,Yes,173.95,0,1,3,5,1,2024-11-08,0.143,0-3 Months,High Value,0,Dormant
CUST01694,Male,38,Single,Tier 3,Mobile,UPI,Grocery,2024-05-01,8,2.7,1341.02,22,29502.44,3620.75,86898.0,118,6.8,2,0,No Complaint,164.5,4,8,21,5,0,,0.364,6-12 Months,High Value,0,Dormant
CUST01695,Male,27,Single,Tier 1,Mobile,UPI,Fashion,2024-07-01,6,3.3,745.59,20,14911.8,2460.45,0.0,122,5.7,2,3,No,127.54,6,4,23,2,1,2024-10-30,0.2,3-6 Months,Mid Value,1,Dormant
CUST01696,Male,60,Married,Tier 2,Desktop,Debit Card,Grocery,2022-06-30,30,3.6,716.75,108,77409.0,2580.3,61927.2,41,5.4,5,3,Yes,52.14,0,27,1,4,0,,0.25,24+ Months,High Value,0,Slipping
CUST01697,Male,32,Single,Tier 1,Desktop,UPI,Sports,2024-03-01,10,2.2,339.64,22,7472.08,747.21,17933.04,59,1.7,5,0,No Complaint,105.83,5,7,6,4,0,,0.318,6-12 Months,Low Value,0,Slipping
CUST01698,Male,36,Single,Tier 1,Mobile,Net Banking,Fashion,2021-12-29,36,1.1,1893.37,40,75734.8,2082.71,49985.04,172,7.2,5,0,No Complaint,28.0,2,3,9,5,0,,0.075,24+ Months,Mid Value,0,Dormant
CUST01699,Female,39,Single,Tier 2,Mobile,COD,Grocery,2022-12-30,24,0.7,2159.79,17,36716.43,1511.85,0.0,152,6.3,3,4,Yes,195.45,2,4,2,4,1,2024-11-14,0.235,12-24 Months,Mid Value,0,Dormant
CUST01700,Female,38,Married,Tier 1,Mobile,Debit Card,Home & Kitchen,2022-06-30,30,5.8,844.22,174,146894.28,4896.48,117515.52,30,5.1,3,1,No,366.08,6,0,1,4,0,,0.0,24+ Months,High Value,1,Active
CUST01701,Female,61,Single,Tier 1,Mobile,Credit Card,Fashion,2024-10-31,2,8.8,1128.62,18,20315.16,9931.86,238364.64,98,1.0,5,0,No Complaint,112.15,5,2,1,3,0,,0.111,0-3 Months,High Value,0,Dormant
CUST01702,Male,49,Single,Tier 1,Desktop,Wallet,Grocery,2024-08-01,5,1.1,449.4,6,2696.4,494.34,11864.16,88,3.9,5,0,No Complaint,43.11,3,0,11,4,0,,0.0,3-6 Months,Low Value,0,At Risk
CUST01703,Male,40,Single,Tier 1,Desktop,COD,Electronics,2024-10-01,3,0.5,953.29,2,1906.58,476.64,11439.36,80,7.9,5,0,No Complaint,316.73,4,0,4,5,0,,0.0,0-3 Months,Low Value,0,At Risk
CUST01704,Male,30,Married,Tier 2,Desktop,Credit Card,Electronics,2024-03-01,10,0.6,554.68,6,3328.08,332.81,0.0,85,5.4,3,1,Yes,67.6,1,0,7,3,1,2024-04-28,0.0,6-12 Months,Low Value,0,At Risk
CUST01705,Male,22,Single,Tier 2,Mobile,COD,Grocery,2022-12-30,24,2.8,556.03,67,37254.01,1556.88,37365.12,116,2.3,4,0,No Complaint,162.24,2,6,3,3,0,,0.09,12-24 Months,Mid Value,0,Dormant
CUST01706,Male,21,Married,Tier 1,Mobile,Debit Card,Fashion,2024-10-01,3,0.5,733.61,2,1467.22,366.8,0.0,174,3.5,4,0,No Complaint,14.12,1,0,13,7,1,2024-12-12,0.0,0-3 Months,Low Value,0,Dormant
CUST01707,Female,45,Single,Tier 1,Desktop,Debit Card,Beauty,2024-10-01,3,3.8,667.14,11,7338.54,2535.13,0.0,157,3.8,4,0,No Complaint,227.81,1,0,1,4,1,2024-10-28,0.0,0-3 Months,Mid Value,0,Dormant
CUST01708,Male,31,Single,Tier 1,Desktop,Credit Card,Fashion,2023-07-01,18,6.4,820.75,115,94386.25,5252.8,126067.2,157,6.5,4,0,No Complaint,111.14,5,59,1,3,0,,0.513,12-24 Months,High Value,0,Dormant
CUST01709,Female,25,Single,Tier 2,Desktop,Credit Card,Electronics,2024-08-31,4,8.3,1881.18,33,62078.94,15613.79,0.0,126,1.8,4,0,No Complaint,99.09,7,1,5,5,1,2024-10-29,0.03,3-6 Months,High Value,0,Dormant
CUST01710,Female,26,Single,Tier 1,Mobile,UPI,Grocery,2024-03-01,10,0.5,204.72,5,1023.6,102.36,2456.64,4,6.4,4,2,No,491.55,3,1,4,5,0,,0.2,6-12 Months,Low Value,1,Active
CUST01711,Male,52,Single,Tier 3,Mobile,Credit Card,Electronics,2024-12-01,1,7.9,618.14,8,4945.12,4883.31,0.0,79,5.9,3,0,No Complaint,121.73,3,1,1,6,1,2024-12-23,0.125,0-3 Months,High Value,0,At Risk
CUST01712,Male,54,Single,Tier 1,Mobile,Debit Card,Electronics,2022-12-30,24,3.4,1397.21,82,114571.22,4750.51,0.0,92,8.5,3,1,No,3.04,2,9,14,6,1,2023-09-18,0.11,12-24 Months,High Value,1,Dormant
CUST01713,Female,38,Single,Tier 1,Mobile,Wallet,Home & Kitchen,2023-12-31,12,0.5,1028.96,6,6173.76,514.48,0.0,151,5.5,4,0,No Complaint,578.59,5,2,6,7,1,2024-07-06,0.333,6-12 Months,Low Value,0,Dormant
CUST01714,Male,35,Married,Tier 3,Mobile,Wallet,Home & Kitchen,2023-07-01,18,1.3,520.18,23,11964.14,676.23,0.0,166,2.3,3,1,Yes,2.21,2,1,15,0,1,2023-12-19,0.043,12-24 Months,Low Value,0,Dormant
CUST01715,Male,50,Single,Tier 2,Mobile,Debit Card,Home & Kitchen,2024-08-01,5,3.0,3919.19,15,58787.85,11757.57,0.0,81,4.4,5,0,No Complaint,138.17,3,2,5,5,1,2024-08-30,0.133,3-6 Months,High Value,0,At Risk
CUST01716,Female,25,Married,Tier 1,Mobile,Debit Card,Grocery,2024-08-01,5,7.8,5928.0,39,231192.0,46238.4,1109721.6,54,2.7,5,0,No Complaint,180.72,3,2,8,3,0,,0.051,3-6 Months,High Value,0,Slipping
CUST01717,Male,34,Married,Tier 3,Mobile,UPI,Home & Kitchen,2022-06-30,30,0.5,888.15,15,13322.25,444.08,0.0,61,5.2,5,2,Yes,404.8,5,2,1,4,1,2024-09-03,0.133,24+ Months,Low Value,0,At Risk
CUST01718,Female,60,Married,Tier 2,Mobile,Debit Card,Home & Kitchen,2022-12-30,24,0.5,448.54,12,5382.48,224.27,0.0,104,7.6,3,0,No Complaint,204.66,2,1,12,2,1,2023-06-15,0.083,12-24 Months,Low Value,0,Dormant
CUST01719,Female,48,Single,Tier 3,Mobile,UPI,Electronics,2023-12-31,12,1.6,753.11,19,14309.09,1204.98,0.0,50,3.0,2,1,No,300.01,7,1,1,10,1,2024-06-07,0.053,6-12 Months,Mid Value,1,Slipping
CUST01720,Male,51,Married,Tier 2,Desktop,UPI,Electronics,2023-07-01,18,8.6,407.84,155,63215.2,3507.42,0.0,164,6.2,2,2,Yes,264.48,1,24,3,4,1,2023-10-19,0.155,12-24 Months,High Value,0,Dormant
CUST01721,Male,23,Single,Tier 2,Mobile,Debit Card,Fashion,2024-10-31,2,8.9,1188.51,18,21393.18,10577.74,253865.76,75,3.4,4,1,No,43.24,2,3,5,7,0,,0.167,0-3 Months,High Value,1,At Risk
CUST01722,Male,39,Single,Tier 3,Mobile,UPI,Electronics,2022-06-30,30,0.6,1343.31,18,24179.58,805.99,0.0,178,1.7,3,5,Yes,217.0,3,1,2,3,1,2024-02-12,0.056,24+ Months,Low Value,0,Dormant
CUST01723,Male,31,Single,Tier 1,Tablet,UPI,Sports,2022-12-30,24,1.0,1789.56,24,42949.44,1789.56,42949.44,20,7.4,3,0,No Complaint,182.69,4,4,1,7,0,,0.167,12-24 Months,Mid Value,0,Active
CUST01724,Male,20,Married,Tier 2,Desktop,COD,Grocery,2023-07-01,18,6.0,1187.49,108,128248.92,7124.94,0.0,34,4.9,3,3,Yes,50.34,0,9,10,5,1,2023-07-27,0.083,12-24 Months,High Value,0,Slipping
CUST01725,Female,29,Single,Tier 2,Mobile,UPI,Grocery,2021-12-29,36,3.3,1053.77,119,125398.63,3477.44,83458.56,92,5.4,4,1,Yes,24.72,4,5,4,2,0,,0.042,24+ Months,High Value,0,Dormant
CUST01726,Male,53,Married,Tier 1,Desktop,UPI,Fashion,2024-10-01,3,9.0,443.51,27,11974.77,3991.59,95798.16,156,6.1,4,0,No Complaint,250.72,5,0,11,3,0,,0.0,0-3 Months,High Value,0,Dormant
CUST01727,Male,29,Single,Tier 1,Mobile,UPI,Fashion,2022-12-30,24,5.6,381.56,134,51129.04,2136.74,51281.76,64,1.4,3,0,No Complaint,638.07,4,8,2,5,0,,0.06,12-24 Months,Mid Value,0,At Risk
CUST01728,Female,62,Married,Tier 1,Mobile,UPI,Electronics,2021-12-29,36,0.6,218.21,22,4800.62,130.93,0.0,150,4.0,2,2,No,241.4,2,3,5,4,1,2023-09-28,0.136,24+ Months,Low Value,1,Dormant
CUST01729,Female,19,Married,Tier 2,Mobile,UPI,Sports,2024-07-01,6,3.6,950.15,22,20903.3,3420.54,82092.96,77,1.5,5,0,No Complaint,249.14,3,2,4,3,0,,0.091,3-6 Months,High Value,0,At Risk
CUST01730,Female,19,Married,Tier 2,Mobile,COD,Electronics,2024-12-01,1,0.5,1643.01,1,1643.01,821.5,0.0,153,3.6,3,1,Yes,32.83,3,0,5,5,1,2024-12-19,0.0,0-3 Months,Low Value,0,Dormant
CUST01731,Male,32,Married,Tier 2,Desktop,Credit Card,Home & Kitchen,2022-12-30,24,4.3,2010.57,103,207088.71,8645.45,207490.8,50,6.6,2,0,No Complaint,51.08,3,14,29,5,0,,0.136,12-24 Months,High Value,0,Slipping
CUST01732,Female,40,Married,Tier 1,Desktop,COD,Fashion,2024-12-01,1,2.3,1613.76,2,3227.52,3711.65,89079.6,85,5.3,1,2,Yes,158.64,2,0,4,3,0,,0.0,0-3 Months,High Value,0,At Risk
CUST01733,Male,46,Married,Tier 2,Tablet,UPI,Grocery,2022-06-30,30,7.8,694.34,234,162475.56,5415.85,0.0,50,3.4,2,1,No,5.75,2,30,6,6,1,2024-05-23,0.128,24+ Months,High Value,1,Slipping
CUST01734,Male,34,Single,Tier 3,Desktop,Credit Card,Grocery,2024-12-01,1,8.0,3299.11,8,26392.88,26392.88,0.0,39,4.5,3,0,No Complaint,198.43,1,1,26,3,1,2024-12-30,0.125,0-3 Months,High Value,0,Slipping
CUST01735,Male,49,Single,Tier 2,Mobile,Debit Card,Home & Kitchen,2023-07-01,18,0.5,462.13,9,4159.17,231.06,5545.44,76,4.2,4,0,No Complaint,28.16,2,1,1,2,0,,0.111,12-24 Months,Low Value,0,At Risk
CUST01736,Female,24,Married,Tier 2,Desktop,Debit Card,Fashion,2024-06-01,7,0.5,447.27,4,1789.08,223.64,0.0,60,5.1,5,3,Yes,96.01,4,1,3,6,1,2024-09-05,0.25,6-12 Months,Low Value,0,Slipping
CUST01737,Male,47,Single,Tier 3,Tablet,Debit Card,Fashion,2024-08-31,4,1.7,1535.63,7,10749.41,2610.57,0.0,141,3.4,3,0,No Complaint,69.47,1,1,2,1,1,2024-10-20,0.143,3-6 Months,High Value,0,Dormant
CUST01738,Male,45,Married,Tier 3,Desktop,Net Banking,Fashion,2021-12-29,36,5.3,2402.75,191,458925.25,12734.58,0.0,134,4.3,4,0,No Complaint,20.26,6,15,5,4,1,2023-02-08,0.079,24+ Months,High Value,0,Dormant
CUST01739,Male,31,Single,Tier 2,Desktop,UPI,Sports,2022-12-30,24,4.2,3149.04,101,318053.04,13225.97,317423.28,65,4.8,5,1,Yes,155.62,3,5,1,3,0,,0.05,12-24 Months,High Value,0,At Risk
CUST01740,Male,61,Married,Tier 3,Tablet,Credit Card,Fashion,2024-06-01,7,8.3,1804.38,58,104654.04,14976.35,0.0,178,5.3,3,0,No Complaint,80.68,2,18,5,2,1,2024-06-20,0.31,6-12 Months,High Value,0,Dormant
CUST01741,Female,47,Single,Tier 2,Mobile,Net Banking,Fashion,2024-08-01,5,2.4,1501.5,12,18018.0,3603.6,0.0,175,4.9,3,0,No Complaint,8.1,2,1,3,3,1,2024-12-30,0.083,3-6 Months,High Value,0,Dormant
CUST01742,Female,34,Single,Tier 3,Desktop,UPI,Grocery,2022-12-30,24,0.7,1586.01,17,26962.17,1110.21,0.0,165,1.6,4,2,Yes,105.79,2,0,28,5,1,2024-12-06,0.0,12-24 Months,Mid Value,0,Dormant
CUST01743,Female,49,Single,Tier 1,Desktop,UPI,Grocery,2022-06-30,30,0.5,739.01,15,11085.15,369.5,8868.0,105,2.2,5,0,No Complaint,160.6,3,1,1,4,0,,0.067,24+ Months,Low Value,0,Dormant
CUST01744,Male,63,Married,Tier 1,Tablet,UPI,Home & Kitchen,2022-12-30,24,0.6,512.4,14,7173.6,307.44,0.0,74,5.6,1,0,No Complaint,25.15,2,1,5,2,1,2024-10-02,0.071,12-24 Months,Low Value,0,At Risk
CUST01745,Male,23,Single,Tier 1,Mobile,Debit Card,Sports,2023-07-01,18,2.8,1088.22,50,54411.0,3047.02,73128.48,57,4.0,4,1,Yes,158.3,4,9,9,2,0,,0.18,12-24 Months,High Value,0,Slipping
CUST01746,Male,41,Married,Tier 3,Mobile,UPI,Grocery,2024-08-31,4,6.5,273.97,26,7123.22,1780.81,42739.44,3,3.7,4,4,Yes,64.72,3,3,7,3,0,,0.115,3-6 Months,Mid Value,0,Active
CUST01747,Male,23,Married,Tier 2,Desktop,UPI,Home & Kitchen,2022-06-30,30,1.0,723.55,30,21706.5,723.55,0.0,114,4.0,4,2,Yes,54.11,4,7,3,7,1,2023-03-05,0.233,24+ Months,Low Value,0,Dormant
CUST01748,Male,44,Married,Tier 1,Mobile,Credit Card,Beauty,2022-12-30,24,5.2,619.24,125,77405.0,3220.05,0.0,100,4.0,4,1,No,285.68,2,4,2,3,1,2023-04-13,0.032,12-24 Months,High Value,1,Dormant
CUST01749,Female,35,Single,Tier 1,Mobile,Debit Card,Fashion,2024-01-31,11,1.3,1350.58,14,18908.12,1755.75,42138.0,113,1.3,4,0,No Complaint,113.51,1,1,4,6,0,,0.071,6-12 Months,Mid Value,0,Dormant
CUST01750,Male,41,Single,Tier 3,Mobile,UPI,Home & Kitchen,2024-01-31,11,0.9,1047.43,10,10474.3,942.69,0.0,104,7.6,4,3,Yes,85.44,3,0,1,2,1,2024-07-03,0.0,6-12 Months,Mid Value,0,Dormant
CUST01751,Male,54,Married,Tier 3,Mobile,UPI,Grocery,2023-12-31,12,1.8,2541.55,22,55914.1,4574.79,109794.96,25,4.3,4,2,Yes,301.82,3,2,3,0,0,,0.091,6-12 Months,High Value,0,Active
CUST01752,Male,41,Single,Tier 2,Mobile,Debit Card,Electronics,2022-06-30,30,1.5,1596.55,45,71844.75,2394.82,0.0,125,4.5,3,1,Yes,434.12,2,8,7,7,1,2024-11-16,0.178,24+ Months,Mid Value,0,Dormant
CUST01753,Male,55,Married,Tier 2,Mobile,Wallet,Beauty,2022-12-30,24,6.1,573.99,146,83802.54,3501.34,84032.16,65,4.6,4,3,No,68.12,4,24,36,2,0,,0.164,12-24 Months,High Value,1,At Risk
CUST01754,Male,51,Married,Tier 2,Mobile,Debit Card,Electronics,2022-06-30,30,1.6,1437.64,48,69006.72,2300.22,0.0,93,6.2,3,1,No,9.31,4,19,8,6,1,2024-05-30,0.396,24+ Months,Mid Value,1,Dormant
CUST01755,Female,57,Single,Tier 2,Mobile,COD,Fashion,2024-01-31,11,0.8,267.98,9,2411.82,214.38,5145.12,66,5.7,5,5,Yes,140.06,2,1,23,7,0,,0.111,6-12 Months,Low Value,0,At Risk
CUST01756,Female,64,Married,Tier 3,Mobile,Credit Card,Beauty,2023-07-01,18,4.6,1499.19,83,124432.77,6896.27,0.0,4,4.4,2,2,No,226.04,2,11,1,4,1,2023-11-01,0.133,12-24 Months,High Value,1,Active
CUST01757,Female,32,Married,Tier 1,Mobile,UPI,Home & Kitchen,2022-06-30,30,15.0,532.55,450,239647.5,7988.25,191718.0,157,2.9,2,1,No,159.52,2,116,12,5,0,,0.258,24+ Months,High Value,1,Dormant
CUST01758,Male,28,Married,Tier 2,Mobile,Credit Card,Beauty,2024-08-31,4,2.6,586.72,10,5867.2,1525.47,0.0,27,6.7,3,3,Yes,209.69,1,1,5,3,1,2024-12-10,0.1,3-6 Months,Mid Value,0,Active
CUST01759,Male,39,Married,Tier 1,Mobile,COD,Fashion,2024-04-01,9,0.7,2298.66,6,13791.96,1609.06,0.0,105,4.6,5,0,No Complaint,187.29,2,1,8,4,1,2024-04-22,0.167,6-12 Months,Mid Value,0,Dormant
CUST01760,Female,41,Married,Tier 2,Mobile,Credit Card,Sports,2023-07-01,18,0.7,1179.3,13,15330.9,825.51,0.0,159,5.6,4,1,No,562.22,4,3,4,4,1,2024-06-20,0.231,12-24 Months,Low Value,1,Dormant
CUST01761,Male,18,Single,Tier 2,Desktop,COD,Fashion,2021-12-29,36,0.5,784.33,18,14117.94,392.16,9411.84,40,2.5,4,0,No Complaint,361.67,5,5,3,4,0,,0.278,24+ Months,Low Value,0,Slipping
CUST01762,Female,35,Married,Tier 2,Mobile,Wallet,Electronics,2024-12-01,1,0.5,1828.91,1,1828.91,914.46,0.0,74,5.7,5,3,Yes,25.45,6,0,3,4,1,2024-12-18,0.0,0-3 Months,Mid Value,0,At Risk
CUST01763,Male,61,Married,Tier 1,Mobile,UPI,Fashion,2024-08-31,4,6.2,2518.16,25,62954.0,15612.59,374702.16,68,1.9,5,0,No Complaint,108.46,1,3,7,3,0,,0.12,3-6 Months,High Value,0,At Risk
CUST01764,Male,29,Married,Tier 2,Desktop,UPI,Fashion,2024-08-31,4,0.5,445.95,2,891.9,222.98,5351.52,16,3.8,3,4,Yes,109.18,2,0,8,4,0,,0.0,3-6 Months,Low Value,0,Active
CUST01765,Male,60,Single,Tier 1,Mobile,UPI,Electronics,2024-07-01,6,1.7,544.78,10,5447.8,926.13,22227.12,76,4.7,4,0,No Complaint,109.7,1,1,6,3,0,,0.1,3-6 Months,Mid Value,0,At Risk
CUST01766,Male,45,Single,Tier 1,Tablet,Credit Card,Grocery,2024-08-01,5,3.0,1584.2,15,23763.0,4752.6,114062.4,86,7.6,5,1,Yes,480.49,2,1,4,7,0,,0.067,3-6 Months,High Value,0,At Risk
CUST01767,Female,57,Single,Tier 1,Desktop,UPI,Home & Kitchen,2023-07-01,18,4.7,1112.78,85,94586.3,5230.07,125521.68,5,5.7,3,0,No Complaint,71.33,1,13,12,3,0,,0.153,12-24 Months,High Value,0,Active
CUST01768,Male,24,Single,Tier 3,Mobile,Net Banking,Sports,2021-12-29,36,0.5,244.01,18,4392.18,122.0,0.0,88,7.1,3,2,Yes,171.47,6,6,13,2,1,2024-05-24,0.333,24+ Months,Low Value,0,At Risk
CUST01769,Male,40,Married,Tier 2,Mobile,UPI,Beauty,2023-07-01,18,1.4,3127.16,25,78179.0,4378.02,0.0,17,5.3,4,1,Yes,407.95,5,2,10,4,1,2024-07-14,0.08,12-24 Months,High Value,0,Active
CUST01770,Male,38,Married,Tier 2,Mobile,UPI,Electronics,2024-08-01,5,0.7,640.83,4,2563.32,448.58,0.0,160,2.5,4,3,No,9.33,2,0,2,1,1,2024-08-18,0.0,3-6 Months,Low Value,1,Dormant
CUST01771,Male,51,Married,Tier 2,Mobile,UPI,Beauty,2022-06-30,30,0.7,444.32,21,9330.72,311.02,0.0,117,2.5,1,1,Yes,379.49,2,2,4,3,1,2023-11-30,0.095,24+ Months,Low Value,0,Dormant
CUST01772,Female,28,Single,Tier 2,Mobile,Wallet,Home & Kitchen,2023-07-01,18,0.9,905.17,16,14482.72,814.65,19551.6,11,5.9,2,2,Yes,260.64,1,0,19,1,0,,0.0,12-24 Months,Low Value,0,Active
CUST01773,Female,39,Married,Tier 2,Mobile,Debit Card,Electronics,2024-08-31,4,2.2,1688.27,9,15194.43,3714.19,89140.56,149,2.7,5,0,No Complaint,41.95,4,1,5,3,0,,0.111,3-6 Months,High Value,0,Dormant
CUST01774,Female,59,Single,Tier 2,Desktop,Net Banking,Beauty,2024-06-01,7,0.5,1986.77,4,7947.08,993.38,23841.12,65,1.7,1,0,No Complaint,70.88,4,0,6,4,0,,0.0,6-12 Months,Mid Value,0,At Risk
CUST01775,Female,52,Single,Tier 2,Mobile,Wallet,Electronics,2022-06-30,30,1.3,934.51,39,36445.89,1214.86,0.0,41,2.7,5,2,No,66.94,7,14,14,4,1,2024-04-23,0.359,24+ Months,Mid Value,1,Slipping
CUST01776,Male,46,Married,Tier 2,Mobile,Credit Card,Electronics,2022-12-30,24,0.5,5297.98,12,63575.76,2648.99,0.0,46,5.0,3,0,No Complaint,45.02,5,1,22,4,1,2023-12-14,0.083,12-24 Months,High Value,0,Slipping
CUST01777,Female,59,Single,Tier 2,Desktop,UPI,Grocery,2023-12-31,12,8.5,6477.85,102,660740.7,55061.73,0.0,107,3.1,4,3,Yes,183.16,6,12,22,4,1,2024-01-06,0.118,6-12 Months,High Value,0,Dormant
CUST01778,Male,45,Single,Tier 3,Mobile,UPI,Grocery,2024-10-01,3,2.2,1228.54,7,8599.78,2702.79,64866.96,15,6.8,4,0,No Complaint,731.61,2,2,2,5,0,,0.286,0-3 Months,High Value,0,Active
CUST01779,Male,35,Single,Tier 3,Mobile,UPI,Beauty,2022-06-30,30,5.1,859.67,153,131529.51,4384.32,105223.68,11,5.3,3,0,No Complaint,32.81,4,23,1,3,0,,0.15,24+ Months,High Value,0,Active
CUST01780,Female,31,Married,Tier 1,Mobile,COD,Electronics,2024-07-01,6,0.5,709.26,3,2127.78,354.63,0.0,113,4.8,1,3,Yes,47.56,0,0,6,5,1,2024-10-16,0.0,3-6 Months,Low Value,0,Dormant
CUST01781,Male,35,Married,Tier 1,Mobile,UPI,Grocery,2022-12-30,24,4.2,806.78,101,81484.78,3388.48,0.0,176,5.2,2,2,No,61.74,2,9,10,2,1,2024-05-14,0.089,12-24 Months,High Value,1,Dormant
CUST01782,Female,45,Single,Tier 2,Tablet,UPI,Home & Kitchen,2023-07-01,18,1.3,2556.94,23,58809.62,3324.02,79776.48,87,5.6,4,0,No Complaint,499.27,2,6,12,2,0,,0.261,12-24 Months,High Value,0,At Risk
CUST01783,Male,41,Single,Tier 1,Mobile,Debit Card,Sports,2024-08-01,5,0.5,1135.76,2,2271.52,567.88,13629.12,74,5.6,3,0,No Complaint,176.94,1,0,9,4,0,,0.0,3-6 Months,Low Value,0,At Risk
CUST01784,Female,25,Married,Tier 1,Mobile,Debit Card,Fashion,2024-08-31,4,3.6,1651.13,14,23115.82,5944.07,142657.68,170,3.0,3,3,Yes,43.04,2,2,1,4,0,,0.143,3-6 Months,High Value,0,Dormant
CUST01785,Female,59,Married,Tier 3,Mobile,Debit Card,Fashion,2024-10-01,3,3.6,1459.31,11,16052.41,5253.52,0.0,44,6.8,2,0,No Complaint,293.33,2,3,3,4,1,2024-10-14,0.273,0-3 Months,High Value,0,Slipping
CUST01786,Female,62,Married,Tier 1,Mobile,Credit Card,Grocery,2024-08-01,5,13.7,1372.61,68,93337.48,18804.76,451314.24,44,5.6,3,0,No Complaint,461.21,4,16,1,6,0,,0.235,3-6 Months,High Value,0,Slipping
CUST01787,Female,25,Married,Tier 3,Mobile,COD,Electronics,2024-10-01,3,3.8,1924.36,11,21167.96,7312.57,0.0,163,3.8,4,1,Yes,92.98,4,4,13,6,1,2024-11-25,0.364,0-3 Months,High Value,0,Dormant
CUST01788,Female,21,Married,Tier 2,Desktop,Debit Card,Fashion,2023-07-01,18,0.5,1602.46,9,14422.14,801.23,19229.52,116,5.9,1,0,No Complaint,34.15,2,2,1,5,0,,0.222,12-24 Months,Low Value,0,Dormant
CUST01789,Male,44,Married,Tier 3,Desktop,UPI,Electronics,2023-07-01,18,1.0,1253.47,18,22562.46,1253.47,0.0,10,2.1,1,0,No Complaint,66.77,3,2,7,4,1,2024-07-05,0.111,12-24 Months,Mid Value,0,Active
CUST01790,Male,53,Married,Tier 1,Mobile,COD,Beauty,2023-07-01,18,1.5,3266.32,27,88190.64,4899.48,0.0,121,6.0,4,1,Yes,44.06,2,2,3,4,1,2024-10-13,0.074,12-24 Months,High Value,0,Dormant
CUST01791,Male,22,Married,Tier 1,Mobile,Wallet,Beauty,2023-07-01,18,0.5,356.56,9,3209.04,178.28,0.0,147,5.0,4,3,No,40.49,2,1,5,5,1,2023-12-04,0.111,12-24 Months,Low Value,1,Dormant
CUST01792,Female,50,Married,Tier 2,Mobile,UPI,Electronics,2022-06-30,30,3.9,1094.59,117,128067.03,4268.9,102453.6,50,1.0,3,4,Yes,33.71,2,9,3,7,0,,0.077,24+ Months,High Value,0,Slipping
CUST01793,Male,51,Single,Tier 1,Mobile,Credit Card,Electronics,2021-12-29,36,1.9,620.59,68,42200.12,1179.12,0.0,69,8.1,3,1,Yes,375.81,2,4,11,2,1,2024-06-07,0.059,24+ Months,Mid Value,0,At Risk
CUST01794,Female,47,Married,Tier 1,Mobile,Credit Card,Grocery,2024-08-31,4,7.2,1709.14,29,49565.06,12305.81,295339.44,36,2.1,4,1,No,16.16,5,4,3,4,0,,0.138,3-6 Months,High Value,1,Slipping
CUST01795,Male,25,Married,Tier 1,Mobile,UPI,Fashion,2023-07-01,18,2.2,286.02,40,11440.8,629.24,15101.76,114,5.5,5,1,Yes,96.0,1,3,10,5,0,,0.075,12-24 Months,Low Value,0,Dormant
CUST01796,Male,56,Married,Tier 1,Mobile,Net Banking,Grocery,2024-10-31,2,1.9,1057.04,4,4228.16,2008.38,0.0,119,7.0,3,0,No Complaint,2.67,1,0,4,6,1,2024-11-11,0.0,0-3 Months,Mid Value,0,Dormant
CUST01797,Female,64,Single,Tier 1,Mobile,UPI,Fashion,2024-10-31,2,0.5,1258.48,1,1258.48,629.24,15101.76,13,1.0,3,4,Yes,62.51,4,0,4,2,0,,0.0,0-3 Months,Low Value,0,Active
CUST01798,Male,43,Married,Tier 3,Desktop,COD,Electronics,2023-07-01,18,0.5,2113.44,9,19020.96,1056.72,0.0,122,4.9,5,0,No Complaint,220.93,1,1,6,7,1,2024-12-16,0.111,12-24 Months,Mid Value,0,Dormant
CUST01799,Male,54,Married,Tier 1,Desktop,Debit Card,Electronics,2024-03-01,10,4.7,667.84,47,31388.48,3138.85,75332.4,118,6.1,5,0,No Complaint,40.81,2,0,5,1,0,,0.0,6-12 Months,High Value,0,Dormant
CUST01800,Male,51,Single,Tier 1,Mobile,Debit Card,Grocery,2022-12-30,24,11.7,6330.67,281,1778918.27,74068.84,1777652.16,7,6.5,3,1,Yes,1200.32,2,71,7,4,0,,0.253,12-24 Months,High Value,0,Active
CUST01801,Female,24,Married,Tier 2,Mobile,UPI,Grocery,2024-04-01,9,1.3,595.58,12,7146.96,774.25,0.0,100,6.7,4,0,No Complaint,8.91,4,1,20,4,1,2024-08-17,0.083,6-12 Months,Low Value,0,Dormant
CUST01802,Female,57,Married,Tier 3,Desktop,UPI,Electronics,2024-10-31,2,4.2,404.74,8,3237.92,1699.91,0.0,110,6.2,4,0,No Complaint,26.41,2,0,4,7,1,2024-12-09,0.0,0-3 Months,Mid Value,0,Dormant
CUST01803,Male,45,Single,Tier 1,Mobile,UPI,Fashion,2022-06-30,30,2.5,1372.04,75,102903.0,3430.1,82322.4,77,3.9,3,0,No Complaint,278.26,4,7,10,8,0,,0.093,24+ Months,High Value,0,At Risk
CUST01804,Male,56,Single,Tier 1,Desktop,UPI,Fashion,2024-10-31,2,8.0,821.16,16,13138.56,6569.28,157662.72,162,5.3,4,0,No Complaint,671.33,1,0,17,2,0,,0.0,0-3 Months,High Value,0,Dormant
CUST01805,Male,56,Married,Tier 2,Mobile,Credit Card,Grocery,2024-10-01,3,0.7,3258.26,2,6516.52,2280.78,0.0,59,8.1,4,2,Yes,554.29,1,0,1,5,1,2024-12-08,0.0,0-3 Months,Mid Value,0,Slipping
CUST01806,Female,45,Married,Tier 3,Mobile,COD,Fashion,2024-08-01,5,2.0,295.04,10,2950.4,590.08,14161.92,13,6.8,3,1,Yes,288.12,1,1,7,3,0,,0.1,3-6 Months,Low Value,0,Active
CUST01807,Female,31,Single,Tier 3,Mobile,Credit Card,Fashion,2021-12-29,36,1.3,920.56,47,43266.32,1196.73,0.0,121,3.3,2,0,No Complaint,650.06,4,2,1,2,1,2024-09-14,0.043,24+ Months,Mid Value,0,Dormant
CUST01808,Male,55,Single,Tier 2,Desktop,COD,Grocery,2024-05-01,8,2.0,1591.9,16,25470.4,3183.8,76411.2,109,6.4,5,0,No Complaint,330.76,4,1,12,8,0,,0.062,6-12 Months,High Value,0,Dormant
CUST01809,Male,21,Single,Tier 1,Mobile,Credit Card,Beauty,2024-01-31,11,0.8,563.05,9,5067.45,450.44,10810.56,178,6.9,5,1,Yes,10.76,4,3,4,3,0,,0.333,6-12 Months,Low Value,0,Dormant
CUST01810,Male,59,Single,Tier 2,Mobile,COD,Electronics,2022-12-30,24,1.7,338.77,41,13889.57,575.91,13821.84,42,2.9,1,2,Yes,336.32,3,3,6,4,0,,0.073,12-24 Months,Low Value,0,Slipping
CUST01811,Female,35,Single,Tier 1,Mobile,Wallet,Electronics,2023-07-01,18,2.5,2474.29,45,111343.05,6185.72,0.0,71,4.5,4,1,No,119.02,4,2,6,5,1,2024-10-19,0.044,12-24 Months,High Value,1,At Risk
CUST01812,Female,61,Married,Tier 2,Desktop,UPI,Sports,2022-06-30,30,0.5,498.9,15,7483.5,249.45,0.0,83,4.0,2,3,Yes,109.83,4,0,7,5,1,2023-09-19,0.0,24+ Months,Low Value,0,At Risk
CUST01813,Male,42,Married,Tier 2,Tablet,Net Banking,Sports,2024-03-01,10,3.4,1864.38,34,63388.92,6338.89,0.0,155,6.2,4,0,No Complaint,0.46,4,3,31,4,1,2024-12-29,0.088,6-12 Months,High Value,0,Dormant
CUST01814,Male,24,Married,Tier 3,Tablet,Debit Card,Electronics,2021-12-29,36,3.1,470.18,112,52660.16,1457.56,0.0,75,3.8,5,1,No,174.29,4,1,6,7,1,2023-07-01,0.009,24+ Months,Mid Value,1,At Risk
CUST01815,Male,55,Single,Tier 1,Tablet,COD,Beauty,2022-06-30,30,5.3,718.22,159,114196.98,3806.57,0.0,139,3.4,3,2,No,200.44,4,31,11,8,1,2023-05-26,0.195,24+ Months,High Value,1,Dormant
CUST01816,Female,45,Married,Tier 1,Mobile,Debit Card,Grocery,2024-05-01,8,1.4,1525.46,11,16780.06,2135.64,51255.36,29,6.5,3,4,Yes,281.53,0,0,30,2,0,,0.0,6-12 Months,Mid Value,0,Active
CUST01817,Male,22,Single,Tier 2,Mobile,Credit Card,Sports,2024-05-01,8,0.5,1150.26,4,4601.04,575.13,13803.12,74,2.3,4,0,No Complaint,71.0,1,0,12,4,0,,0.0,6-12 Months,Low Value,0,At Risk
CUST01818,Female,20,Married,Tier 2,Mobile,UPI,Electronics,2021-12-29,36,1.5,467.77,54,25259.58,701.66,16839.84,28,4.8,4,0,No Complaint,24.68,2,1,14,7,0,,0.019,24+ Months,Low Value,0,Active
CUST01819,Female,61,Married,Tier 3,Mobile,UPI,Beauty,2022-12-30,24,0.5,1301.68,12,15620.16,650.84,0.0,170,3.2,3,0,No Complaint,104.32,1,2,1,3,1,2023-09-07,0.167,12-24 Months,Low Value,0,Dormant
CUST01820,Male,48,Married,Tier 1,Desktop,Debit Card,Beauty,2023-07-01,18,2.6,196.25,47,9223.75,510.25,12246.0,32,6.5,5,1,Yes,80.98,2,8,2,5,0,,0.17,12-24 Months,Low Value,0,Slipping
CUST01821,Male,64,Single,Tier 1,Desktop,Wallet,Electronics,2022-12-30,24,0.5,387.53,12,4650.36,193.76,0.0,76,3.4,5,0,No Complaint,251.8,6,1,9,2,1,2023-03-28,0.083,12-24 Months,Low Value,0,At Risk
CUST01822,Male,59,Married,Tier 2,Mobile,COD,Beauty,2023-12-31,12,1.2,3046.95,14,42657.3,3656.34,87752.16,15,4.6,4,3,Yes,46.91,2,0,19,8,0,,0.0,6-12 Months,High Value,0,Active
CUST01823,Female,37,Married,Tier 1,Mobile,Credit Card,Fashion,2024-10-01,3,0.5,797.28,2,1594.56,398.64,0.0,165,1.0,1,4,Yes,26.77,5,0,1,4,1,2024-11-05,0.0,0-3 Months,Low Value,0,Dormant
CUST01824,Female,36,Married,Tier 3,Desktop,COD,Fashion,2024-07-01,6,0.5,1484.08,3,4452.24,742.04,0.0,112,4.5,4,0,No Complaint,104.43,1,0,13,6,1,2024-10-24,0.0,3-6 Months,Low Value,0,Dormant
CUST01825,Female,28,Married,Tier 2,Mobile,COD,Electronics,2023-12-31,12,8.1,1454.27,97,141064.19,11779.59,0.0,173,4.2,4,1,Yes,177.99,3,29,2,2,1,2024-05-03,0.299,6-12 Months,High Value,0,Dormant
CUST01826,Male,57,Married,Tier 3,Mobile,UPI,Sports,2024-12-01,1,13.9,705.66,14,9879.24,9808.67,235408.08,8,4.6,3,0,No Complaint,59.38,2,0,5,5,0,,0.0,0-3 Months,High Value,0,Active
CUST01827,Male,20,Single,Tier 2,Mobile,UPI,Grocery,2024-04-01,9,2.0,974.69,18,17544.42,1949.38,0.0,32,6.8,2,3,Yes,21.87,5,0,15,6,1,2024-11-24,0.0,6-12 Months,Mid Value,0,Slipping
CUST01828,Female,40,Married,Tier 3,Mobile,UPI,Grocery,2022-12-30,24,0.7,395.09,17,6716.53,276.56,0.0,69,5.6,3,0,No Complaint,104.08,1,1,2,5,1,2024-08-04,0.059,12-24 Months,Low Value,0,At Risk
CUST01829,Female,24,Single,Tier 1,Mobile,Net Banking,Grocery,2024-10-01,3,6.1,983.31,18,17699.58,5998.19,0.0,112,5.2,1,5,Yes,588.05,5,1,9,3,1,2024-12-18,0.056,0-3 Months,High Value,0,Dormant
CUST01830,Male,40,Single,Tier 3,Mobile,COD,Fashion,2024-12-01,1,6.4,636.93,6,3821.58,4076.35,97832.4,59,3.2,4,0,No Complaint,615.75,1,0,14,6,0,,0.0,0-3 Months,High Value,0,Slipping
CUST01831,Female,24,Single,Tier 1,Mobile,UPI,Electronics,2022-06-30,30,4.8,3882.47,144,559075.68,18635.86,0.0,128,8.3,2,0,No Complaint,222.0,3,29,8,4,1,2024-05-14,0.201,24+ Months,High Value,0,Dormant
CUST01832,Female,63,Married,Tier 2,Tablet,UPI,Beauty,2023-07-01,18,2.0,549.58,36,19784.88,1099.16,26379.84,30,1.2,4,1,Yes,270.23,4,5,1,4,0,,0.139,12-24 Months,Mid Value,0,Active
CUST01833,Female,51,Single,Tier 1,Mobile,COD,Sports,2024-10-01,3,0.5,1286.06,2,2572.12,643.03,0.0,108,2.3,3,0,No Complaint,40.96,3,0,9,0,1,2024-11-18,0.0,0-3 Months,Low Value,0,Dormant
CUST01834,Female,59,Married,Tier 2,Mobile,Wallet,Fashion,2022-06-30,30,0.5,741.39,15,11120.85,370.7,8896.8,72,3.1,5,0,No Complaint,84.5,6,2,2,3,0,,0.133,24+ Months,Low Value,0,At Risk
CUST01835,Female,36,Married,Tier 1,Tablet,COD,Electronics,2023-07-01,18,5.7,1586.68,103,163428.04,9044.08,217057.92,91,4.8,4,1,Yes,167.08,2,0,2,5,0,,0.0,12-24 Months,High Value,0,Dormant
CUST01836,Female,26,Married,Tier 1,Mobile,Debit Card,Fashion,2024-07-01,6,5.2,347.38,31,10768.78,1806.38,43353.12,102,4.6,1,1,Yes,249.83,5,6,4,3,0,,0.194,3-6 Months,Mid Value,0,Dormant
CUST01837,Male,35,Married,Tier 3,Mobile,UPI,Fashion,2024-06-01,7,1.4,818.59,10,8185.9,1146.03,27504.72,11,3.1,4,4,Yes,32.81,3,0,12,2,0,,0.0,6-12 Months,Mid Value,0,Active
CUST01838,Male,58,Married,Tier 1,Desktop,Debit Card,Electronics,2024-10-01,3,1.0,1359.24,3,4077.72,1359.24,32621.76,166,4.8,3,0,No Complaint,110.12,5,0,1,3,0,,0.0,0-3 Months,Mid Value,0,Dormant
CUST01839,Female,62,Single,Tier 3,Mobile,UPI,Grocery,2022-06-30,30,2.6,1058.6,78,82570.8,2752.36,66056.64,141,6.6,4,1,Yes,31.97,6,1,5,2,0,,0.013,24+ Months,High Value,0,Dormant
CUST01840,Male,59,Single,Tier 3,Desktop,COD,Fashion,2024-01-31,11,4.1,1270.32,45,57164.4,5208.31,124999.44,80,4.6,5,2,Yes,180.61,2,4,18,8,0,,0.089,6-12 Months,High Value,0,At Risk
CUST01841,Male,42,Married,Tier 1,Mobile,Credit Card,Fashion,2023-12-31,12,3.3,502.48,40,20099.2,1658.18,39796.32,98,2.2,4,2,No,266.24,1,0,5,9,0,,0.0,6-12 Months,Mid Value,1,Dormant
CUST01842,Male,31,Married,Tier 2,Mobile,COD,Beauty,2021-12-29,36,2.4,704.45,86,60582.7,1690.68,40576.32,6,4.3,5,0,No Complaint,322.49,3,1,3,3,0,,0.012,24+ Months,Mid Value,0,Active
CUST01843,Male,61,Single,Tier 1,Mobile,Credit Card,Sports,2024-12-01,1,0.7,886.07,1,886.07,620.25,14886.0,90,3.0,3,0,No Complaint,237.26,3,0,3,4,0,,0.0,0-3 Months,Low Value,0,At Risk
CUST01844,Female,42,Married,Tier 1,Mobile,COD,Electronics,2024-12-01,1,0.8,1549.86,1,1549.86,1239.89,29757.36,77,2.0,4,0,No Complaint,31.2,2,0,35,1,0,,0.0,0-3 Months,Mid Value,0,At Risk
CUST01845,Female,36,Married,Tier 2,Desktop,Credit Card,Beauty,2024-10-01,3,3.2,2387.05,10,23870.5,7638.56,0.0,68,4.6,2,1,Yes,317.28,3,0,1,3,1,2024-11-13,0.0,0-3 Months,High Value,0,At Risk
CUST01846,Male,56,Married,Tier 3,Mobile,Credit Card,Fashion,2024-12-01,1,4.1,244.49,4,977.96,1002.41,24057.84,146,2.9,5,3,Yes,73.28,1,1,4,4,0,,0.25,0-3 Months,Mid Value,0,Dormant
CUST01847,Male,32,Married,Tier 1,Desktop,Debit Card,Home & Kitchen,2023-07-01,18,0.5,717.89,9,6461.01,358.94,8614.56,33,3.9,2,2,Yes,325.16,0,1,11,3,0,,0.111,12-24 Months,Low Value,0,Slipping
CUST01848,Male,33,Married,Tier 2,Desktop,UPI,Grocery,2023-07-01,18,0.5,566.09,9,5094.81,283.04,6792.96,32,5.3,3,2,Yes,52.0,2,3,3,6,0,,0.333,12-24 Months,Low Value,0,Slipping
CUST01849,Female,44,Single,Tier 2,Mobile,Wallet,Beauty,2024-08-31,4,2.9,522.52,12,6270.24,1515.31,0.0,94,5.1,5,0,No Complaint,116.23,5,2,15,2,1,2024-09-03,0.167,3-6 Months,Mid Value,0,Dormant
CUST01850,Female,57,Married,Tier 3,Desktop,Debit Card,Fashion,2024-10-01,3,1.2,1082.09,4,4328.36,1298.51,0.0,123,6.7,2,0,No Complaint,154.69,2,0,8,3,1,2024-12-03,0.0,0-3 Months,Mid Value,0,Dormant
CUST01851,Male,27,Married,Tier 1,Mobile,Credit Card,Grocery,2024-10-01,3,2.1,918.55,6,5511.3,1928.96,0.0,5,1.4,3,0,No Complaint,6.36,3,2,5,3,1,2024-11-11,0.333,0-3 Months,Mid Value,0,Active
CUST01852,Female,21,Single,Tier 2,Desktop,COD,Grocery,2021-12-29,36,2.4,409.38,86,35206.68,982.51,23580.24,98,4.1,4,1,Yes,421.24,2,19,21,2,0,,0.221,24+ Months,Mid Value,0,Dormant
CUST01853,Female,36,Single,Tier 2,Desktop,Net Banking,Electronics,2022-12-30,24,3.7,395.57,89,35205.73,1463.61,35126.64,54,6.3,5,0,No Complaint,128.97,2,8,4,7,0,,0.09,12-24 Months,Mid Value,0,Slipping
CUST01854,Female,45,Married,Tier 2,Mobile,Debit Card,Fashion,2023-07-01,18,4.1,1240.54,74,91799.96,5086.21,122069.04,136,1.5,4,0,No Complaint,38.38,4,19,27,5,0,,0.257,12-24 Months,High Value,0,Dormant
CUST01855,Female,38,Single,Tier 3,Mobile,Net Banking,Grocery,2024-07-01,6,0.8,418.18,5,2090.9,334.54,8028.96,84,4.2,2,0,No Complaint,31.56,4,0,1,5,0,,0.0,3-6 Months,Low Value,0,At Risk
CUST01856,Male,64,Single,Tier 3,Mobile,UPI,Beauty,2024-04-01,9,1.9,552.06,17,9385.02,1048.91,0.0,150,4.9,4,0,No Complaint,208.82,2,4,1,2,1,2024-07-03,0.235,6-12 Months,Mid Value,0,Dormant
CUST01857,Female,31,Single,Tier 1,Mobile,UPI,Fashion,2024-10-31,2,0.5,1713.67,1,1713.67,856.84,20564.16,72,2.5,3,0,No Complaint,15.35,4,0,1,3,0,,0.0,0-3 Months,Low Value,0,At Risk
CUST01858,Male,50,Single,Tier 2,Mobile,Debit Card,Grocery,2021-12-29,36,4.6,1012.99,166,168156.34,4659.75,0.0,149,3.3,5,4,Yes,104.31,2,7,1,3,1,2024-09-22,0.042,24+ Months,High Value,0,Dormant
CUST01859,Female,27,Single,Tier 2,Mobile,Credit Card,Fashion,2022-12-30,24,4.7,2652.72,113,299757.36,12467.78,0.0,129,2.4,4,0,No Complaint,139.88,3,11,2,3,1,2023-08-04,0.097,12-24 Months,High Value,0,Dormant
CUST01860,Female,36,Married,Tier 1,Mobile,Credit Card,Fashion,2023-07-01,18,0.9,833.07,16,13329.12,749.76,0.0,149,5.0,4,2,No,47.78,5,4,4,7,1,2024-06-28,0.25,12-24 Months,Low Value,1,Dormant
CUST01861,Female,47,Married,Tier 2,Mobile,Credit Card,Grocery,2023-07-01,18,0.5,4285.7,9,38571.3,2142.85,0.0,146,1.0,4,5,No,24.9,3,3,13,9,1,2024-03-21,0.333,12-24 Months,Mid Value,1,Dormant
CUST01862,Female,39,Single,Tier 2,Mobile,Credit Card,Electronics,2024-01-31,11,0.5,789.5,6,4737.0,394.75,9474.0,88,3.1,4,0,No Complaint,121.45,4,0,4,4,0,,0.0,6-12 Months,Low Value,0,At Risk
CUST01863,Male,20,Single,Tier 2,Mobile,COD,Electronics,2024-08-01,5,2.1,2076.55,10,20765.5,4360.76,0.0,66,3.2,4,4,Yes,74.88,0,1,1,2,1,2024-10-27,0.1,3-6 Months,High Value,0,At Risk
CUST01864,Female,54,Single,Tier 3,Mobile,Debit Card,Electronics,2024-08-31,4,0.5,498.73,2,997.46,249.36,0.0,137,6.1,1,0,No Complaint,27.2,8,0,1,5,1,2024-10-05,0.0,3-6 Months,Low Value,0,Dormant
CUST01865,Female,58,Married,Tier 1,Desktop,Wallet,Grocery,2023-12-31,12,2.9,569.57,35,19934.95,1651.75,0.0,65,1.7,2,5,Yes,42.52,1,8,7,4,1,2024-10-31,0.229,6-12 Months,Mid Value,0,At Risk
CUST01866,Female,35,Single,Tier 3,Mobile,COD,Electronics,2024-10-31,2,2.8,2934.3,6,17605.8,8216.04,0.0,17,6.8,3,3,No,114.6,2,0,2,5,1,2024-12-14,0.0,0-3 Months,High Value,1,Active
CUST01867,Male,28,Married,Tier 2,Mobile,UPI,Sports,2024-10-31,2,2.4,551.86,5,2759.3,1324.46,0.0,154,5.8,4,3,Yes,25.7,1,1,4,2,1,2024-12-26,0.2,0-3 Months,Mid Value,0,Dormant
CUST01868,Male,19,Single,Tier 2,Mobile,UPI,Electronics,2023-12-31,12,5.2,771.12,62,47809.44,4009.82,0.0,72,6.4,3,0,No Complaint,495.13,2,16,2,5,1,2024-05-20,0.258,6-12 Months,High Value,0,At Risk
CUST01869,Male,29,Married,Tier 3,Desktop,Credit Card,Beauty,2021-12-29,36,1.2,565.09,43,24298.87,678.11,0.0,24,3.7,3,3,Yes,268.86,3,11,4,4,1,2022-01-18,0.256,24+ Months,Low Value,0,Active
CUST01870,Female,23,Single,Tier 2,Mobile,COD,Fashion,2021-12-29,36,5.8,1972.52,209,412256.68,11440.62,274574.88,116,3.7,5,4,No,70.9,4,10,29,3,0,,0.048,24+ Months,High Value,1,Dormant
CUST01871,Female,60,Single,Tier 2,Tablet,UPI,Grocery,2024-12-01,1,0.5,385.1,1,385.1,192.55,0.0,160,3.1,1,2,Yes,53.8,3,0,29,6,1,2024-12-17,0.0,0-3 Months,Low Value,0,Dormant
CUST01872,Male,57,Single,Tier 2,Tablet,UPI,Grocery,2024-10-31,2,0.5,2242.28,1,2242.28,1121.14,26907.36,155,5.5,5,0,No Complaint,373.29,2,0,10,4,0,,0.0,0-3 Months,Mid Value,0,Dormant
CUST01873,Male,61,Married,Tier 2,Desktop,Net Banking,Electronics,2023-07-01,18,1.3,1065.61,23,24509.03,1385.29,33246.96,100,3.9,5,0,No Complaint,100.21,4,2,2,4,0,,0.087,12-24 Months,Mid Value,0,Dormant
CUST01874,Female,46,Single,Tier 3,Desktop,Debit Card,Electronics,2022-06-30,30,2.3,1023.03,69,70589.07,2352.97,56471.28,16,3.0,4,0,No Complaint,357.43,0,4,15,7,0,,0.058,24+ Months,Mid Value,0,Active
CUST01875,Female,47,Single,Tier 3,Mobile,UPI,Fashion,2021-12-29,36,0.5,862.4,18,15523.2,431.2,0.0,125,3.9,1,1,No,244.18,6,2,1,7,1,2023-01-24,0.111,24+ Months,Low Value,1,Dormant
CUST01876,Female,19,Married,Tier 1,Mobile,UPI,Fashion,2022-06-30,30,2.1,2155.01,63,135765.63,4525.52,0.0,109,5.2,3,0,No Complaint,17.4,3,11,6,2,1,2022-09-25,0.175,24+ Months,High Value,0,Dormant
CUST01877,Female,26,Single,Tier 1,Desktop,Net Banking,Fashion,2023-07-01,18,0.9,770.11,16,12321.76,693.1,16634.4,38,2.2,5,4,Yes,302.38,5,3,17,3,0,,0.188,12-24 Months,Low Value,0,Slipping
CUST01878,Male,64,Single,Tier 2,Desktop,Net Banking,Beauty,2024-08-31,4,5.5,545.83,22,12008.26,3002.06,72049.44,162,2.8,5,1,Yes,139.73,1,5,4,4,0,,0.227,3-6 Months,High Value,0,Dormant
CUST01879,Male,19,Married,Tier 1,Desktop,UPI,Beauty,2024-10-31,2,1.9,1292.46,4,5169.84,2455.67,0.0,16,6.9,5,0,No Complaint,203.75,2,0,2,3,1,2024-11-15,0.0,0-3 Months,Mid Value,0,Active
CUST01880,Female,46,Married,Tier 2,Desktop,Credit Card,Electronics,2024-12-01,1,2.2,845.73,2,1691.46,1860.61,44654.64,67,2.9,5,1,Yes,44.49,2,0,8,0,0,,0.0,0-3 Months,Mid Value,0,At Risk
CUST01881,Female,50,Married,Tier 1,Tablet,COD,Electronics,2023-07-01,18,7.3,3542.43,131,464058.33,25859.74,0.0,17,7.1,1,1,Yes,0.05,1,9,14,2,1,2024-08-20,0.069,12-24 Months,High Value,0,Active
CUST01882,Female,27,Single,Tier 2,Mobile,COD,Fashion,2024-12-01,1,3.6,1699.83,4,6799.32,6119.39,146865.36,164,3.6,4,0,No Complaint,73.08,1,0,9,7,0,,0.0,0-3 Months,High Value,0,Dormant
CUST01883,Female,51,Single,Tier 1,Desktop,COD,Fashion,2022-12-30,24,1.4,1144.58,34,38915.72,1602.41,38457.84,7,2.1,5,0,No Complaint,38.07,0,6,2,4,0,,0.176,12-24 Months,Mid Value,0,Active
CUST01884,Female,61,Single,Tier 1,Desktop,Credit Card,Beauty,2022-12-30,24,1.6,2450.14,38,93105.32,3920.22,0.0,77,7.0,3,0,No Complaint,102.84,1,5,1,5,1,2024-05-13,0.132,12-24 Months,High Value,0,At Risk
CUST01885,Male,25,Married,Tier 2,Desktop,Net Banking,Grocery,2024-10-31,2,2.6,325.19,5,1625.95,845.49,0.0,155,7.6,3,1,Yes,17.15,1,1,3,5,1,2024-12-05,0.2,0-3 Months,Low Value,0,Dormant
CUST01886,Male,54,Married,Tier 2,Mobile,Credit Card,Fashion,2021-12-29,36,0.6,1329.75,22,29254.5,797.85,0.0,45,3.5,3,1,No,405.76,1,4,1,3,1,2023-05-05,0.182,24+ Months,Low Value,1,Slipping
CUST01887,Male,50,Married,Tier 3,Desktop,UPI,Fashion,2024-01-31,11,0.5,964.34,6,5786.04,482.17,0.0,19,6.5,1,0,No Complaint,22.75,3,3,25,4,1,2024-09-30,0.5,6-12 Months,Low Value,0,Active
CUST01888,Male,64,Single,Tier 3,Desktop,COD,Beauty,2021-12-29,36,0.9,778.71,32,24918.72,700.84,0.0,23,4.7,1,0,No Complaint,260.05,2,2,4,4,1,2024-09-29,0.062,24+ Months,Low Value,0,Active
CUST01889,Female,23,Married,Tier 2,Mobile,Debit Card,Fashion,2021-12-29,36,3.8,737.55,137,101044.35,2802.69,0.0,73,4.8,1,1,No,504.4,3,23,27,9,1,2024-07-03,0.168,24+ Months,High Value,1,At Risk
CUST01890,Female,61,Single,Tier 1,Mobile,Net Banking,Electronics,2024-08-31,4,0.7,1957.21,3,5871.63,1370.05,0.0,77,5.1,4,1,Yes,28.88,5,0,7,5,1,2024-12-10,0.0,3-6 Months,Mid Value,0,At Risk
CUST01891,Male,57,Married,Tier 3,Mobile,UPI,Grocery,2024-05-01,8,0.5,243.93,4,975.72,121.96,0.0,129,4.5,4,1,No,76.57,2,1,9,7,1,2024-05-05,0.25,6-12 Months,Low Value,1,Dormant
CUST01892,Male,62,Married,Tier 3,Tablet,COD,Grocery,2024-10-01,3,0.6,1249.81,2,2499.62,749.89,0.0,43,4.7,3,1,No,236.39,2,0,19,5,1,2024-10-12,0.0,0-3 Months,Low Value,1,Slipping
CUST01893,Female,36,Single,Tier 3,Mobile,UPI,Electronics,2022-12-30,24,2.8,329.87,67,22101.29,923.64,22167.36,126,4.5,5,0,No Complaint,225.61,3,13,40,2,0,,0.194,12-24 Months,Mid Value,0,Dormant
CUST01894,Male,49,Single,Tier 1,Mobile,Debit Card,Home & Kitchen,2024-01-31,11,2.4,756.56,26,19670.56,1815.74,43577.76,179,3.5,5,0,No Complaint,6.86,5,0,24,2,0,,0.0,6-12 Months,Mid Value,0,Dormant
CUST01895,Female,44,Single,Tier 3,Mobile,UPI,Fashion,2021-12-29,36,2.9,866.78,104,90145.12,2513.66,0.0,155,3.2,2,0,No Complaint,13.2,3,48,5,2,1,2023-08-23,0.462,24+ Months,Mid Value,0,Dormant
CUST01896,Female,18,Married,Tier 1,Desktop,Debit Card,Beauty,2024-08-31,4,1.0,2783.68,4,11134.72,2783.68,66808.32,114,2.4,1,1,Yes,23.04,3,1,9,9,0,,0.25,3-6 Months,High Value,0,Dormant
CUST01897,Female,60,Single,Tier 2,Mobile,COD,Fashion,2022-12-30,24,5.8,618.01,139,85903.39,3584.46,0.0,169,1.1,3,0,No Complaint,151.09,2,9,4,2,1,2023-08-13,0.065,12-24 Months,High Value,0,Dormant
CUST01898,Male,50,Single,Tier 3,Mobile,Credit Card,Grocery,2021-12-29,36,1.5,932.67,54,50364.18,1399.0,0.0,178,4.3,4,0,No Complaint,10.19,1,1,8,8,1,2024-04-05,0.019,24+ Months,Mid Value,0,Dormant
CUST01899,Male,57,Married,Tier 1,Tablet,UPI,Home & Kitchen,2023-07-01,18,1.8,379.87,32,12155.84,683.77,0.0,103,3.0,4,0,No Complaint,159.79,2,1,6,2,1,2024-03-06,0.031,12-24 Months,Low Value,0,Dormant
CUST01900,Female,49,Single,Tier 3,Desktop,Debit Card,Electronics,2024-12-01,1,7.4,1279.31,7,8955.17,9466.89,227205.36,49,1.6,4,0,No Complaint,75.47,1,1,1,2,0,,0.143,0-3 Months,High Value,0,Slipping
CUST01901,Female,22,Single,Tier 1,Mobile,COD,Beauty,2023-07-01,18,9.7,353.64,175,61887.0,3430.31,0.0,164,3.0,2,3,No,199.24,2,39,16,3,1,2024-05-09,0.223,12-24 Months,High Value,1,Dormant
CUST01902,Male,34,Married,Tier 3,Tablet,Credit Card,Home & Kitchen,2024-10-01,3,2.7,258.6,8,2068.8,698.22,0.0,152,3.5,3,0,No Complaint,274.22,3,0,4,8,1,2024-12-24,0.0,0-3 Months,Low Value,0,Dormant
CUST01903,Female,25,Married,Tier 1,Desktop,UPI,Fashion,2024-12-01,1,7.2,312.23,7,2185.61,2248.06,53953.44,16,3.5,5,1,No,282.12,2,2,5,2,0,,0.286,0-3 Months,Mid Value,1,Active
CUST01904,Male,59,Single,Tier 3,Mobile,UPI,Beauty,2024-07-01,6,1.9,736.07,11,8096.77,1398.53,0.0,168,7.0,3,3,Yes,6.91,5,0,3,5,1,2024-11-26,0.0,3-6 Months,Mid Value,0,Dormant
CUST01905,Female,51,Married,Tier 1,Mobile,Wallet,Home & Kitchen,2024-08-01,5,0.9,762.28,4,3049.12,686.05,16465.2,66,3.4,4,0,No Complaint,529.41,3,0,5,4,0,,0.0,3-6 Months,Low Value,0,At Risk
CUST01906,Male,26,Single,Tier 2,Mobile,Credit Card,Grocery,2022-06-30,30,0.9,1986.84,27,53644.68,1788.16,0.0,58,7.1,1,0,No Complaint,159.02,5,1,5,1,1,2023-07-12,0.037,24+ Months,Mid Value,0,Slipping
CUST01907,Female,40,Married,Tier 2,Desktop,UPI,Fashion,2024-06-01,7,2.0,2605.84,14,36481.76,5211.68,0.0,62,3.1,1,1,Yes,406.89,2,2,8,6,1,2024-09-30,0.143,6-12 Months,High Value,0,At Risk
CUST01908,Male,52,Single,Tier 2,Mobile,COD,Fashion,2022-12-30,24,2.3,2562.27,55,140924.85,5893.22,141437.28,58,5.4,3,2,Yes,171.88,1,5,4,5,0,,0.091,12-24 Months,High Value,0,Slipping
CUST01909,Male,24,Single,Tier 1,Mobile,Debit Card,Fashion,2024-12-01,1,1.4,2009.24,1,2009.24,2812.94,0.0,93,2.7,4,5,Yes,119.14,3,0,2,1,1,2024-12-18,0.0,0-3 Months,High Value,0,Dormant
CUST01910,Male,32,Married,Tier 2,Desktop,UPI,Fashion,2024-12-01,1,5.4,3838.36,5,19191.8,20727.14,0.0,104,7.6,3,1,Yes,235.5,2,1,4,5,1,2024-12-17,0.2,0-3 Months,High Value,0,Dormant
CUST01911,Male,37,Married,Tier 1,Mobile,Wallet,Grocery,2024-12-01,1,1.4,1234.91,1,1234.91,1728.87,0.0,77,6.7,2,1,Yes,44.59,2,0,3,5,1,2024-12-12,0.0,0-3 Months,Mid Value,0,At Risk
CUST01912,Female,42,Married,Tier 2,Desktop,Debit Card,Fashion,2024-08-31,4,0.8,1247.58,3,3742.74,998.06,23953.44,74,5.8,4,3,Yes,19.61,2,0,7,4,0,,0.0,3-6 Months,Mid Value,0,At Risk
CUST01913,Female,20,Married,Tier 1,Desktop,Credit Card,Fashion,2024-06-01,7,0.5,3225.75,4,12903.0,1612.88,0.0,132,8.1,2,2,Yes,17.07,3,2,10,5,1,2024-09-17,0.5,6-12 Months,Mid Value,0,Dormant
CUST01914,Male,63,Married,Tier 3,Mobile,Credit Card,Electronics,2023-07-01,18,8.8,411.56,158,65026.48,3621.73,86921.52,1,6.1,4,3,Yes,340.45,8,27,10,3,0,,0.171,12-24 Months,High Value,0,Active
CUST01915,Male,41,Single,Tier 1,Desktop,Net Banking,Electronics,2021-12-29,36,4.3,1733.47,155,268687.85,7453.92,178894.08,170,5.3,5,0,No Complaint,438.39,7,16,18,4,0,,0.103,24+ Months,High Value,0,Dormant
CUST01916,Female,51,Single,Tier 1,Mobile,UPI,Grocery,2024-06-01,7,2.4,868.69,17,14767.73,2084.86,0.0,128,2.1,4,1,Yes,303.16,0,4,2,2,1,2024-12-08,0.235,6-12 Months,Mid Value,0,Dormant
CUST01917,Female,63,Married,Tier 1,Mobile,UPI,Beauty,2024-12-01,1,4.4,2282.97,4,9131.88,10045.07,0.0,127,1.0,3,2,Yes,422.63,3,0,6,5,1,2024-12-18,0.0,0-3 Months,High Value,0,Dormant
CUST01918,Female,39,Married,Tier 2,Mobile,UPI,Fashion,2024-08-31,4,4.2,2053.4,17,34907.8,8624.28,206982.72,76,2.2,5,0,No Complaint,753.28,8,1,8,5,0,,0.059,3-6 Months,High Value,0,At Risk
CUST01919,Male,28,Married,Tier 1,Mobile,COD,Fashion,2021-12-29,36,6.7,800.28,241,192867.48,5361.88,128685.12,173,1.5,4,2,Yes,134.4,3,44,6,2,0,,0.183,24+ Months,High Value,0,Dormant
CUST01920,Male,25,Single,Tier 2,Tablet,Debit Card,Fashion,2022-12-30,24,1.2,386.32,29,11203.28,463.58,11125.92,1,3.1,5,0,No Complaint,30.08,5,0,8,6,0,,0.0,12-24 Months,Low Value,0,Active
CUST01921,Female,56,Single,Tier 3,Mobile,Debit Card,Electronics,2022-06-30,30,2.0,2309.24,60,138554.4,4618.48,110843.52,14,6.5,4,1,Yes,168.54,4,8,16,4,0,,0.133,24+ Months,High Value,0,Active
CUST01922,Male,60,Single,Tier 2,Mobile,UPI,Fashion,2024-10-31,2,0.5,644.71,1,644.71,322.36,0.0,144,2.6,3,2,Yes,78.62,2,0,1,6,1,2024-11-21,0.0,0-3 Months,Low Value,0,Dormant
CUST01923,Female,52,Single,Tier 2,Tablet,Debit Card,Beauty,2024-10-01,3,8.4,977.26,25,24431.5,8208.98,197015.52,133,3.7,4,0,No Complaint,76.56,4,1,4,5,0,,0.04,0-3 Months,High Value,0,Dormant
CUST01924,Male,63,Single,Tier 1,Mobile,COD,Fashion,2024-10-31,2,10.5,410.25,21,8615.25,4307.62,0.0,49,4.6,2,2,Yes,234.22,3,4,6,2,1,2024-11-22,0.19,0-3 Months,High Value,0,Slipping
CUST01925,Female,55,Single,Tier 2,Desktop,Credit Card,Home & Kitchen,2022-06-30,30,3.9,697.55,117,81613.35,2720.44,65290.56,107,4.7,3,1,No,17.1,3,14,6,1,0,,0.12,24+ Months,High Value,1,Dormant
CUST01926,Male,25,Married,Tier 1,Mobile,COD,Electronics,2024-08-31,4,1.5,1828.81,6,10972.86,2743.22,65837.28,96,3.4,4,1,Yes,6.89,3,1,1,1,0,,0.167,3-6 Months,High Value,0,Dormant
CUST01927,Female,54,Single,Tier 3,Desktop,Credit Card,Electronics,2023-07-01,18,1.7,1175.7,31,36446.7,1998.69,0.0,95,6.6,4,1,No,213.9,4,3,7,5,1,2024-10-07,0.097,12-24 Months,Mid Value,1,Dormant
CUST01928,Male,44,Single,Tier 1,Mobile,COD,Beauty,2024-01-31,11,1.4,530.65,15,7959.75,742.91,17829.84,107,4.5,4,0,No Complaint,54.38,1,7,10,4,0,,0.467,6-12 Months,Low Value,0,Dormant
CUST01929,Female,45,Married,Tier 2,Mobile,UPI,Beauty,2023-12-31,12,0.9,241.02,11,2651.22,216.92,5206.08,178,4.8,4,2,Yes,87.65,3,1,4,3,0,,0.091,6-12 Months,Low Value,0,Dormant
CUST01930,Male,57,Married,Tier 2,Mobile,Debit Card,Grocery,2024-08-31,4,1.9,1453.51,8,11628.08,2761.67,66280.08,177,9.0,2,0,No Complaint,66.18,0,1,20,5,0,,0.125,3-6 Months,High Value,0,Dormant
CUST01931,Female,51,Married,Tier 3,Mobile,Wallet,Home & Kitchen,2023-07-01,18,0.5,671.37,9,6042.33,335.68,0.0,176,7.6,1,1,Yes,171.74,3,0,9,3,1,2024-04-03,0.0,12-24 Months,Low Value,0,Dormant
CUST01932,Female,49,Married,Tier 1,Desktop,Wallet,Electronics,2024-12-01,1,12.0,1014.76,12,12177.12,12177.12,292250.88,99,4.5,2,0,No Complaint,30.21,5,0,8,3,0,,0.0,0-3 Months,High Value,0,Dormant
CUST01933,Female,32,Married,Tier 2,Mobile,UPI,Beauty,2021-12-29,36,1.4,815.82,50,40791.0,1142.15,27411.6,57,5.5,4,1,Yes,229.51,1,2,2,5,0,,0.04,24+ Months,Mid Value,0,Slipping
CUST01934,Female,61,Married,Tier 1,Mobile,Credit Card,Electronics,2024-12-01,1,6.6,666.63,7,4666.41,4399.76,0.0,101,2.8,1,4,Yes,466.07,1,0,32,7,1,2024-12-10,0.0,0-3 Months,High Value,0,Dormant
CUST01935,Female,34,Married,Tier 2,Mobile,UPI,Home & Kitchen,2024-12-01,1,3.2,1385.67,3,4157.01,4434.14,0.0,112,1.0,3,0,No Complaint,325.54,2,0,5,4,1,2024-12-09,0.0,0-3 Months,High Value,0,Dormant
CUST01936,Female,50,Married,Tier 3,Desktop,Net Banking,Fashion,2024-07-01,6,0.9,488.89,5,2444.45,440.0,0.0,56,5.7,3,0,No Complaint,427.6,0,1,1,3,1,2024-08-29,0.2,3-6 Months,Low Value,0,Slipping
CUST01937,Male,64,Single,Tier 2,Desktop,Debit Card,Electronics,2022-06-30,30,0.6,996.98,18,17945.64,598.19,0.0,114,2.6,4,2,Yes,497.83,3,3,1,4,1,2022-10-31,0.167,24+ Months,Low Value,0,Dormant
CUST01938,Female,63,Single,Tier 2,Mobile,Credit Card,Grocery,2024-08-01,5,13.6,1200.27,68,81618.36,16323.67,0.0,112,5.5,3,0,No Complaint,83.83,2,6,3,4,1,2024-09-19,0.088,3-6 Months,High Value,0,Dormant
CUST01939,Male,33,Married,Tier 3,Mobile,UPI,Fashion,2024-03-01,10,3.7,2306.0,37,85322.0,8532.2,0.0,162,8.4,2,1,Yes,285.91,4,7,1,6,1,2024-08-09,0.189,6-12 Months,High Value,0,Dormant
CUST01940,Male,46,Married,Tier 2,Mobile,Wallet,Fashion,2024-12-01,1,0.7,931.24,1,931.24,651.87,0.0,43,1.1,3,0,No Complaint,122.91,4,0,1,9,1,2024-12-04,0.0,0-3 Months,Low Value,0,Slipping
CUST01941,Male,26,Married,Tier 2,Mobile,Debit Card,Electronics,2024-10-31,2,0.5,389.82,1,389.82,194.91,0.0,125,1.0,4,0,No Complaint,56.59,2,0,9,5,1,2024-12-17,0.0,0-3 Months,Low Value,0,Dormant
CUST01942,Male,50,Single,Tier 2,Mobile,UPI,Grocery,2023-07-01,18,3.0,1439.95,54,77757.3,4319.85,103676.4,81,2.8,4,1,Yes,247.3,3,5,3,4,0,,0.093,12-24 Months,High Value,0,At Risk
CUST01943,Female,46,Married,Tier 2,Mobile,Credit Card,Home & Kitchen,2024-08-31,4,0.9,482.19,4,1928.76,433.97,0.0,24,6.0,2,2,Yes,50.38,2,0,4,4,1,2024-11-07,0.0,3-6 Months,Low Value,0,Active
CUST01944,Female,30,Married,Tier 1,Mobile,UPI,Grocery,2022-12-30,24,0.6,561.68,14,7863.52,337.01,0.0,57,6.8,4,1,No,20.9,2,2,24,2,1,2024-12-05,0.143,12-24 Months,Low Value,1,Slipping
CUST01945,Female,38,Married,Tier 3,Desktop,Debit Card,Home & Kitchen,2022-06-30,30,3.3,632.76,99,62643.24,2088.11,0.0,11,6.0,1,2,Yes,219.51,3,13,8,5,1,2023-01-05,0.131,24+ Months,Mid Value,0,Active
CUST01946,Male,38,Married,Tier 2,Mobile,Net Banking,Grocery,2022-06-30,30,2.8,788.92,84,66269.28,2208.98,53015.52,58,5.0,4,1,Yes,61.03,3,6,3,5,0,,0.071,24+ Months,Mid Value,0,Slipping
CUST01947,Male,22,Married,Tier 1,Desktop,Net Banking,Fashion,2024-10-01,3,1.6,2219.33,5,11096.65,3550.93,85222.32,13,4.5,4,2,Yes,65.73,5,1,3,4,0,,0.2,0-3 Months,High Value,0,Active
CUST01948,Male,27,Single,Tier 3,Mobile,Credit Card,Fashion,2024-04-01,9,7.1,1417.1,64,90694.4,10061.41,0.0,166,4.7,4,5,Yes,383.34,2,16,23,5,1,2024-07-08,0.25,6-12 Months,High Value,0,Dormant
CUST01949,Male,23,Single,Tier 2,Desktop,COD,Grocery,2021-12-29,36,2.8,415.71,101,41986.71,1163.99,27935.76,19,6.6,2,0,No Complaint,26.22,3,12,5,6,0,,0.119,24+ Months,Mid Value,0,Active
CUST01950,Male,30,Married,Tier 1,Mobile,Credit Card,Electronics,2022-12-30,24,5.6,2588.52,134,346861.68,14495.71,0.0,147,3.3,4,0,No Complaint,260.55,0,13,5,5,1,2023-08-08,0.097,12-24 Months,High Value,0,Dormant
CUST01951,Male,18,Single,Tier 2,Mobile,UPI,Fashion,2024-10-31,2,0.5,1887.04,1,1887.04,943.52,0.0,163,4.6,1,0,No Complaint,87.86,2,0,3,5,1,2024-12-17,0.0,0-3 Months,Mid Value,0,Dormant
CUST01952,Male,37,Married,Tier 3,Desktop,Wallet,Electronics,2024-01-31,11,0.9,1201.85,10,12018.5,1081.66,25959.84,84,2.4,5,0,No Complaint,402.3,1,1,3,5,0,,0.1,6-12 Months,Mid Value,0,At Risk
CUST01953,Female,64,Single,Tier 3,Mobile,UPI,Grocery,2021-12-29,36,0.5,177.29,18,3191.22,88.64,2127.36,10,5.1,4,1,Yes,104.48,2,0,11,8,0,,0.0,24+ Months,Low Value,0,Active
CUST01954,Female,63,Single,Tier 3,Mobile,Credit Card,Electronics,2024-04-01,9,0.9,497.28,8,3978.24,447.55,0.0,107,4.5,4,1,Yes,94.68,2,1,13,1,1,2024-12-04,0.125,6-12 Months,Low Value,0,Dormant
CUST01955,Female,25,Single,Tier 3,Mobile,Wallet,Beauty,2022-06-30,30,8.9,903.55,267,241247.85,8041.6,192998.4,43,9.2,4,0,No Complaint,101.14,2,13,2,1,0,,0.049,24+ Months,High Value,0,Slipping
CUST01956,Female,27,Single,Tier 1,Desktop,UPI,Beauty,2024-03-01,10,8.2,2860.63,82,234571.66,23457.17,0.0,32,1.8,1,0,No Complaint,327.29,3,6,22,5,1,2024-07-20,0.073,6-12 Months,High Value,0,Slipping
CUST01957,Female,26,Single,Tier 2,Mobile,COD,Beauty,2024-10-31,2,3.6,2270.66,7,15894.62,8174.38,196185.12,102,6.2,5,0,No Complaint,1.9,3,0,3,7,0,,0.0,0-3 Months,High Value,0,Dormant
CUST01958,Male,58,Single,Tier 3,Desktop,Wallet,Sports,2024-10-01,3,1.8,456.78,5,2283.9,822.2,0.0,64,3.6,5,0,No Complaint,219.66,2,0,10,4,1,2024-12-15,0.0,0-3 Months,Low Value,0,At Risk
CUST01959,Female,20,Married,Tier 2,Mobile,Credit Card,Electronics,2024-12-01,1,3.8,276.94,4,1107.76,1052.37,25256.88,131,6.0,4,0,No Complaint,41.35,3,0,8,7,0,,0.0,0-3 Months,Mid Value,0,Dormant
CUST01960,Female,28,Married,Tier 2,Mobile,UPI,Grocery,2024-08-31,4,2.0,790.22,8,6321.76,1580.44,37930.56,106,5.8,4,0,No Complaint,384.86,2,0,1,2,0,,0.0,3-6 Months,Mid Value,0,Dormant
CUST01961,Male,29,Married,Tier 2,Mobile,Credit Card,Home & Kitchen,2021-12-29,36,0.5,990.56,18,17830.08,495.28,0.0,149,4.0,4,0,No Complaint,84.87,3,3,16,3,1,2024-12-07,0.167,24+ Months,Low Value,0,Dormant
CUST01962,Male,27,Married,Tier 2,Mobile,UPI,Grocery,2023-07-01,18,1.7,376.59,31,11674.29,640.2,15364.8,11,2.6,5,0,No Complaint,74.51,5,4,8,5,0,,0.129,12-24 Months,Low Value,0,Active
CUST01963,Female,42,Single,Tier 3,Mobile,Credit Card,Beauty,2022-12-30,24,2.3,488.02,55,26841.1,1122.45,26938.8,43,2.6,3,2,Yes,224.45,2,15,7,3,0,,0.273,12-24 Months,Mid Value,0,Slipping
CUST01964,Male,42,Married,Tier 2,Desktop,COD,Electronics,2023-07-01,18,0.8,3949.33,14,55290.62,3159.46,75827.04,102,4.7,3,1,Yes,230.72,1,1,6,4,0,,0.071,12-24 Months,High Value,0,Dormant
CUST01965,Female,28,Married,Tier 2,Mobile,Credit Card,Grocery,2024-05-01,8,0.6,691.03,5,3455.15,414.62,0.0,158,3.2,4,0,No Complaint,180.78,1,0,9,3,1,2024-09-30,0.0,6-12 Months,Low Value,0,Dormant
CUST01966,Female,53,Married,Tier 3,Mobile,Credit Card,Fashion,2024-08-31,4,0.8,727.36,3,2182.08,581.89,0.0,146,4.1,4,2,Yes,72.03,0,1,1,3,1,2024-10-06,0.333,3-6 Months,Low Value,0,Dormant
CUST01967,Male,56,Married,Tier 2,Desktop,Debit Card,Sports,2021-12-29,36,2.4,6492.57,86,558361.02,15582.17,0.0,122,2.3,4,5,No,169.65,5,29,11,7,1,2022-07-22,0.337,24+ Months,High Value,1,Dormant
CUST01968,Male,43,Single,Tier 1,Desktop,Debit Card,Beauty,2024-01-31,11,0.5,708.32,6,4249.92,354.16,8499.84,103,5.4,3,0,No Complaint,10.04,2,1,3,7,0,,0.167,6-12 Months,Low Value,0,Dormant
CUST01969,Male,31,Married,Tier 2,Desktop,Net Banking,Home & Kitchen,2024-03-01,10,3.2,442.34,32,14154.88,1415.49,33971.76,114,2.9,5,0,No Complaint,558.92,2,1,4,4,0,,0.031,6-12 Months,Mid Value,0,Dormant
CUST01970,Male,56,Single,Tier 3,Desktop,UPI,Beauty,2021-12-29,36,1.4,546.52,50,27326.0,765.13,18363.12,39,3.8,3,5,No,108.5,2,1,1,4,0,,0.02,24+ Months,Low Value,1,Slipping
CUST01971,Male,57,Single,Tier 3,Mobile,COD,Fashion,2024-05-01,8,1.1,1101.15,9,9910.35,1211.27,29070.48,107,6.9,4,0,No Complaint,65.36,4,2,1,7,0,,0.222,6-12 Months,Mid Value,0,Dormant
CUST01972,Female,18,Single,Tier 3,Desktop,Debit Card,Fashion,2022-06-30,30,4.1,643.92,123,79202.16,2640.07,63361.68,89,4.8,3,0,No Complaint,354.9,5,2,13,7,0,,0.016,24+ Months,High Value,0,At Risk
CUST01973,Male,21,Single,Tier 2,Mobile,UPI,Home & Kitchen,2022-06-30,30,1.8,819.67,54,44262.18,1475.41,0.0,69,5.9,3,1,Yes,70.53,4,12,4,4,1,2024-10-29,0.222,24+ Months,Mid Value,0,At Risk
CUST01974,Male,47,Married,Tier 1,Mobile,UPI,Electronics,2024-08-31,4,1.2,871.25,5,4356.25,1045.5,0.0,159,2.8,4,0,No Complaint,1056.36,4,1,10,3,1,2024-09-24,0.2,3-6 Months,Mid Value,0,Dormant
CUST01975,Male,29,Married,Tier 3,Desktop,Credit Card,Fashion,2024-10-31,2,5.3,8131.55,11,89447.05,43097.22,0.0,149,5.0,5,0,No Complaint,211.16,3,5,4,8,1,2024-11-18,0.455,0-3 Months,High Value,0,Dormant
CUST01976,Female,52,Single,Tier 3,Tablet,Debit Card,Grocery,2021-12-29,36,1.1,1478.6,40,59144.0,1626.46,39035.04,14,5.3,5,0,No Complaint,188.75,6,4,16,4,0,,0.1,24+ Months,Mid Value,0,Active
CUST01977,Male,30,Single,Tier 1,Desktop,UPI,Electronics,2024-04-01,9,4.9,461.4,44,20301.6,2260.86,0.0,177,2.8,2,0,No Complaint,29.65,1,6,5,3,1,2024-07-26,0.136,6-12 Months,Mid Value,0,Dormant
CUST01978,Male,48,Single,Tier 1,Mobile,Net Banking,Grocery,2024-12-01,1,1.8,794.77,2,1589.54,1430.59,34334.16,42,4.6,5,2,Yes,169.43,2,1,3,4,0,,0.5,0-3 Months,Mid Value,0,Slipping
CUST01979,Female,55,Married,Tier 3,Mobile,Debit Card,Electronics,2024-03-01,10,0.6,1575.18,6,9451.08,945.11,22682.64,39,3.7,4,1,Yes,30.34,1,0,12,3,0,,0.0,6-12 Months,Mid Value,0,Slipping
CUST01980,Female,60,Single,Tier 3,Mobile,Net Banking,Beauty,2023-07-01,18,2.4,1916.0,43,82388.0,4598.4,0.0,169,5.0,2,3,Yes,275.52,4,9,7,4,1,2024-07-04,0.209,12-24 Months,High Value,0,Dormant
CUST01981,Male,40,Married,Tier 3,Desktop,UPI,Home & Kitchen,2022-12-30,24,0.8,292.05,19,5548.95,233.64,5607.36,80,2.1,4,0,No Complaint,26.81,3,5,7,6,0,,0.263,12-24 Months,Low Value,0,At Risk
CUST01982,Female,21,Married,Tier 3,Mobile,Credit Card,Fashion,2021-12-29,36,0.5,332.96,18,5993.28,166.48,0.0,145,2.6,3,0,No Complaint,80.0,3,1,10,5,1,2022-12-31,0.056,24+ Months,Low Value,0,Dormant
CUST01983,Male,33,Married,Tier 2,Desktop,UPI,Electronics,2021-12-29,36,0.5,1247.6,18,22456.8,623.8,14971.2,52,2.0,5,0,No Complaint,116.58,2,0,35,1,0,,0.0,24+ Months,Low Value,0,Slipping
CUST01984,Male,24,Married,Tier 2,Mobile,UPI,Electronics,2021-12-29,36,0.7,574.55,25,14363.75,402.18,0.0,157,2.4,2,0,No Complaint,294.43,0,3,4,4,1,2023-09-09,0.12,24+ Months,Low Value,0,Dormant
CUST01985,Male,39,Married,Tier 2,Desktop,Net Banking,Sports,2024-12-01,1,3.3,520.74,3,1562.22,1718.44,41242.56,149,3.4,4,0,No Complaint,180.31,5,0,6,4,0,,0.0,0-3 Months,Mid Value,0,Dormant
CUST01986,Male,46,Married,Tier 1,Desktop,UPI,Electronics,2022-12-30,24,4.6,1023.47,110,112581.7,4707.96,112991.04,93,5.4,3,0,No Complaint,248.08,5,12,3,6,0,,0.109,12-24 Months,High Value,0,Dormant
CUST01987,Female,28,Married,Tier 2,Mobile,Credit Card,Electronics,2024-08-31,4,4.9,1561.7,20,31234.0,7652.33,183655.92,127,4.7,3,0,No Complaint,50.34,6,0,4,5,0,,0.0,3-6 Months,High Value,0,Dormant
CUST01988,Male,50,Married,Tier 2,Mobile,UPI,Grocery,2024-10-01,3,0.8,759.57,2,1519.14,607.66,0.0,173,4.7,1,0,No Complaint,48.75,5,0,1,3,1,2024-10-02,0.0,0-3 Months,Low Value,0,Dormant
CUST01989,Male,46,Married,Tier 2,Desktop,Credit Card,Electronics,2022-06-30,30,2.7,230.41,81,18663.21,622.11,14930.64,81,2.7,4,3,Yes,86.23,4,4,4,7,0,,0.049,24+ Months,Low Value,0,At Risk
CUST01990,Female,56,Married,Tier 2,Mobile,COD,Sports,2024-05-01,8,0.7,620.17,6,3721.02,434.12,10418.88,89,4.5,3,0,No Complaint,3.39,1,0,2,7,0,,0.0,6-12 Months,Low Value,0,At Risk
CUST01991,Female,29,Married,Tier 2,Desktop,Debit Card,Home & Kitchen,2021-12-29,36,2.4,398.5,86,34271.0,956.4,0.0,130,6.8,1,1,Yes,319.7,5,12,8,3,1,2024-12-26,0.14,24+ Months,Mid Value,0,Dormant
CUST01992,Male,24,Married,Tier 1,Mobile,COD,Grocery,2024-12-01,1,5.5,1330.36,6,7982.16,7316.98,0.0,70,5.0,3,3,Yes,83.16,3,1,1,5,1,2024-12-05,0.167,0-3 Months,High Value,0,At Risk
CUST01993,Female,56,Married,Tier 1,Mobile,Credit Card,Grocery,2022-06-30,30,0.5,3771.95,15,56579.25,1885.98,45263.52,173,6.0,4,0,No Complaint,12.59,4,1,1,5,0,,0.067,24+ Months,Mid Value,0,Dormant
CUST01994,Male,59,Single,Tier 1,Desktop,Wallet,Fashion,2024-10-01,3,10.5,1098.33,32,35146.56,11532.46,276779.04,8,3.6,5,3,No,370.33,2,2,6,2,0,,0.062,0-3 Months,High Value,1,Active
CUST01995,Female,43,Single,Tier 1,Mobile,COD,Beauty,2024-10-01,3,4.4,1222.57,13,15893.41,5379.31,0.0,73,3.6,5,2,Yes,618.59,1,3,4,4,1,2024-11-05,0.231,0-3 Months,High Value,0,At Risk
CUST01996,Female,57,Married,Tier 3,Tablet,Credit Card,Beauty,2024-03-01,10,3.6,1586.21,36,57103.56,5710.36,137048.64,128,5.4,4,0,No Complaint,187.22,3,4,4,2,0,,0.111,6-12 Months,High Value,0,Dormant
CUST01997,Female,26,Single,Tier 1,Mobile,Credit Card,Electronics,2024-05-01,8,2.9,2306.84,23,53057.32,6689.84,160556.16,77,2.8,3,3,No,79.37,1,0,6,6,0,,0.0,6-12 Months,High Value,1,At Risk
CUST01998,Male,58,Single,Tier 1,Desktop,Net Banking,Fashion,2024-03-01,10,3.7,597.47,37,22106.39,2210.64,53055.36,47,4.3,5,2,Yes,96.12,7,9,2,6,0,,0.243,6-12 Months,Mid Value,0,Slipping
CUST01999,Male,51,Single,Tier 2,Mobile,Debit Card,Home & Kitchen,2021-12-29,36,13.1,865.19,472,408369.68,11333.99,272015.76,75,4.8,5,0,No Complaint,53.27,2,243,1,4,0,,0.515,24+ Months,High Value,0,At Risk
CUST02000,Male,62,Married,Tier 2,Mobile,COD,Electronics,2023-07-01,18,3.7,1743.98,67,116846.66,6452.73,0.0,158,3.8,2,2,No,223.61,5,16,1,6,1,2023-08-16,0.239,12-24 Months,High Value,1,Dormant
CUST02001,Male,30,Married,Tier 1,Mobile,Credit Card,Grocery,2024-07-01,6,1.1,464.43,7,3251.01,510.87,12260.88,98,3.0,4,1,Yes,79.23,2,1,17,7,0,,0.143,3-6 Months,Low Value,0,Dormant
CUST02002,Male,53,Single,Tier 3,Desktop,UPI,Fashion,2024-10-01,3,2.4,312.21,7,2185.47,749.3,0.0,60,3.3,5,2,Yes,5.94,5,0,12,6,1,2024-10-07,0.0,0-3 Months,Low Value,0,Slipping
CUST02003,Female,42,Single,Tier 3,Mobile,COD,Electronics,2024-04-01,9,1.0,648.37,9,5835.33,648.37,0.0,121,2.0,5,1,Yes,8.51,3,2,4,2,1,2024-08-28,0.222,6-12 Months,Low Value,0,Dormant
CUST02004,Male,41,Married,Tier 1,Desktop,Debit Card,Beauty,2024-04-01,9,8.8,2163.48,79,170914.92,19038.62,456926.88,110,5.0,4,0,No Complaint,171.7,2,6,3,2,0,,0.076,6-12 Months,High Value,0,Dormant
CUST02005,Male,61,Married,Tier 1,Mobile,Credit Card,Electronics,2023-07-01,18,5.8,990.64,104,103026.56,5745.71,0.0,101,6.0,4,1,Yes,61.75,6,7,6,3,1,2023-11-07,0.067,12-24 Months,High Value,0,Dormant
CUST02006,Female,34,Single,Tier 3,Desktop,Debit Card,Grocery,2024-08-01,5,2.1,647.83,10,6478.3,1360.44,32650.56,71,3.6,3,1,Yes,33.23,5,1,1,3,0,,0.1,3-6 Months,Mid Value,0,At Risk
CUST02007,Male,19,Single,Tier 3,Desktop,UPI,Fashion,2022-12-30,24,3.8,1828.07,91,166354.37,6946.67,166720.08,13,9.4,5,2,Yes,144.68,6,47,20,2,0,,0.516,12-24 Months,High Value,0,Active
CUST02008,Female,30,Married,Tier 2,Mobile,COD,Electronics,2024-10-31,2,6.0,1322.71,12,15872.52,7936.26,0.0,112,3.1,3,2,Yes,58.74,2,1,7,5,1,2024-12-10,0.083,0-3 Months,High Value,0,Dormant
CUST02009,Male,48,Married,Tier 1,Mobile,Wallet,Home & Kitchen,2023-12-31,12,0.7,521.2,8,4169.6,364.84,8756.16,76,3.2,3,1,No,13.71,3,1,21,2,0,,0.125,6-12 Months,Low Value,1,At Risk
CUST02010,Male,46,Married,Tier 2,Mobile,Net Banking,Grocery,2023-07-01,18,2.2,786.13,40,31445.2,1729.49,0.0,77,5.9,4,5,Yes,38.73,3,10,23,0,1,2024-11-14,0.25,12-24 Months,Mid Value,0,At Risk
CUST02011,Male,45,Married,Tier 2,Mobile,Credit Card,Home & Kitchen,2024-08-31,4,1.6,438.38,6,2630.28,701.41,16833.84,42,5.6,5,2,Yes,270.84,4,1,6,2,0,,0.167,3-6 Months,Low Value,0,Slipping
CUST02012,Male,44,Married,Tier 1,Mobile,Credit Card,Home & Kitchen,2022-06-30,30,3.7,992.64,111,110183.04,3672.77,88146.48,45,5.7,3,3,Yes,343.91,2,10,6,3,0,,0.09,24+ Months,High Value,0,Slipping
CUST02013,Female,32,Single,Tier 2,Desktop,COD,Sports,2023-07-01,18,1.2,1401.69,22,30837.18,1682.03,0.0,141,6.4,4,0,No Complaint,370.24,5,4,3,6,1,2023-10-14,0.182,12-24 Months,Mid Value,0,Dormant
CUST02014,Male,48,Single,Tier 2,Mobile,Debit Card,Home & Kitchen,2023-07-01,18,3.1,160.67,56,8997.52,498.08,11953.92,86,2.8,3,0,No Complaint,137.76,4,8,14,3,0,,0.143,12-24 Months,Low Value,0,At Risk
CUST02015,Male,57,Married,Tier 1,Desktop,Debit Card,Fashion,2024-03-01,10,1.3,439.61,13,5714.93,571.49,13715.76,20,5.2,5,0,No Complaint,542.69,4,1,23,3,0,,0.077,6-12 Months,Low Value,0,Active
CUST02016,Male,32,Married,Tier 3,Tablet,Net Banking,Home & Kitchen,2021-12-29,36,0.5,2907.41,18,52333.38,1453.7,34888.8,9,2.0,4,0,No Complaint,29.61,2,2,2,3,0,,0.111,24+ Months,Mid Value,0,Active
CUST02017,Male,50,Married,Tier 3,Mobile,Debit Card,Fashion,2022-12-30,24,0.5,709.9,12,8518.8,354.95,8518.8,41,6.4,5,4,No,204.18,1,2,12,4,0,,0.167,12-24 Months,Low Value,1,Slipping
CUST02018,Female,37,Married,Tier 1,Mobile,Credit Card,Fashion,2024-05-01,8,0.5,2867.22,4,11468.88,1433.61,34406.64,88,6.3,1,0,No Complaint,219.29,2,1,2,6,0,,0.25,6-12 Months,Mid Value,0,At Risk
CUST02019,Male,59,Married,Tier 3,Mobile,UPI,Fashion,2024-08-31,4,0.5,367.77,2,735.54,183.88,0.0,111,6.4,4,1,No,9.84,3,0,2,6,1,2024-12-20,0.0,3-6 Months,Low Value,1,Dormant
CUST02020,Female,29,Married,Tier 1,Desktop,UPI,Electronics,2024-10-31,2,1.9,618.78,4,2475.12,1175.68,28216.32,26,4.4,2,0,No Complaint,59.74,7,0,2,5,0,,0.0,0-3 Months,Mid Value,0,Active
CUST02021,Female,54,Single,Tier 3,Mobile,UPI,Grocery,2024-10-01,3,2.8,1045.61,8,8364.88,2927.71,0.0,78,6.3,4,2,Yes,535.84,6,1,9,6,1,2024-10-02,0.125,0-3 Months,High Value,0,At Risk
CUST02022,Female,26,Single,Tier 1,Mobile,Net Banking,Electronics,2021-12-29,36,0.5,718.37,18,12930.66,359.18,8620.32,13,4.8,3,0,No Complaint,256.15,5,4,1,2,0,,0.222,24+ Months,Low Value,0,Active
CUST02023,Female,40,Married,Tier 1,Tablet,Credit Card,Fashion,2024-05-01,8,2.4,2177.25,19,41367.75,5225.4,125409.6,7,7.0,4,0,No Complaint,10.12,2,7,3,5,0,,0.368,6-12 Months,High Value,0,Active
CUST02024,Male,25,Single,Tier 2,Mobile,Credit Card,Electronics,2021-12-29,36,2.3,826.46,83,68596.18,1900.86,0.0,155,3.9,1,0,No Complaint,140.09,2,9,6,6,1,2023-08-03,0.108,24+ Months,Mid Value,0,Dormant
CUST02025,Male,49,Single,Tier 2,Desktop,COD,Electronics,2024-10-01,3,0.5,1478.02,2,2956.04,739.01,17736.24,118,3.9,4,0,No Complaint,188.26,3,0,13,3,0,,0.0,0-3 Months,Low Value,0,Dormant
CUST02026,Male,31,Married,Tier 3,Mobile,Debit Card,Beauty,2024-04-01,9,1.3,418.04,12,5016.48,543.45,0.0,140,5.3,2,0,No Complaint,650.7,2,3,3,2,1,2024-11-27,0.25,6-12 Months,Low Value,0,Dormant
CUST02027,Female,44,Married,Tier 2,Mobile,Debit Card,Fashion,2021-12-29,36,3.5,1080.39,126,136129.14,3781.36,90752.64,33,2.2,4,2,Yes,226.86,1,6,6,6,0,,0.048,24+ Months,High Value,0,Slipping
CUST02028,Female,42,Single,Tier 1,Desktop,UPI,Fashion,2024-10-31,2,0.5,720.79,1,720.79,360.4,8649.6,58,4.1,4,0,No Complaint,183.23,2,0,8,3,0,,0.0,0-3 Months,Low Value,0,Slipping
CUST02029,Male,30,Married,Tier 2,Mobile,COD,Fashion,2023-07-01,18,0.5,445.4,9,4008.6,222.7,5344.8,80,4.4,4,5,Yes,430.51,2,0,2,4,0,,0.0,12-24 Months,Low Value,0,At Risk
CUST02030,Female,38,Single,Tier 2,Desktop,UPI,Electronics,2021-12-29,36,13.7,1244.62,493,613597.66,17051.29,409230.96,118,2.1,3,0,No Complaint,194.68,3,9,21,9,0,,0.018,24+ Months,High Value,0,Dormant
CUST02031,Male,62,Single,Tier 1,Mobile,UPI,Grocery,2021-12-29,36,3.3,2329.78,119,277243.82,7688.27,184518.48,96,4.7,1,0,No Complaint,484.21,4,26,4,4,0,,0.218,24+ Months,High Value,0,Dormant
CUST02032,Female,48,Married,Tier 2,Desktop,UPI,Electronics,2022-06-30,30,1.6,591.89,48,28410.72,947.02,22728.48,99,5.4,4,2,Yes,122.18,0,8,11,5,0,,0.167,24+ Months,Mid Value,0,Dormant
CUST02033,Male,54,Married,Tier 3,Mobile,UPI,Electronics,2022-06-30,30,2.5,1207.06,75,90529.5,3017.65,72423.6,29,6.0,5,0,No Complaint,228.21,4,3,9,4,0,,0.04,24+ Months,High Value,0,Active
CUST02034,Female,60,Single,Tier 3,Mobile,UPI,Electronics,2023-07-01,18,4.7,772.35,85,65649.75,3630.04,87120.96,85,1.8,4,1,No,179.82,3,12,8,8,0,,0.141,12-24 Months,High Value,1,At Risk
CUST02035,Female,22,Single,Tier 3,Mobile,Debit Card,Electronics,2024-08-31,4,4.6,967.79,18,17420.22,4451.83,106843.92,148,6.3,5,0,No Complaint,144.74,2,3,4,4,0,,0.167,3-6 Months,High Value,0,Dormant
CUST02036,Male,30,Single,Tier 1,Mobile,UPI,Sports,2022-12-30,24,1.0,1616.31,24,38791.44,1616.31,38791.44,92,1.0,5,1,Yes,70.51,6,1,16,2,0,,0.042,12-24 Months,Mid Value,0,Dormant
CUST02037,Male,45,Married,Tier 2,Mobile,Debit Card,Fashion,2021-12-29,36,1.7,2463.28,61,150260.08,4187.58,100501.92,36,2.9,3,0,No Complaint,421.4,4,11,12,4,0,,0.18,24+ Months,High Value,0,Slipping
CUST02038,Male,60,Married,Tier 2,Mobile,UPI,Beauty,2024-01-31,11,2.5,2141.61,28,59965.08,5354.02,128496.48,74,8.2,4,2,Yes,56.66,2,8,7,3,0,,0.286,6-12 Months,High Value,0,At Risk
CUST02039,Male,42,Single,Tier 2,Mobile,UPI,Beauty,2024-08-01,5,0.5,531.28,2,1062.56,265.64,0.0,136,4.8,3,1,No,31.25,1,0,3,1,1,2024-12-01,0.0,3-6 Months,Low Value,1,Dormant
CUST02040,Male,52,Single,Tier 2,Mobile,Credit Card,Fashion,2023-12-31,12,7.3,350.37,88,30832.56,2557.7,61384.8,25,2.6,5,1,Yes,224.09,6,11,7,6,0,,0.125,6-12 Months,High Value,0,Active
CUST02041,Female,64,Married,Tier 3,Mobile,Net Banking,Sports,2022-12-30,24,1.4,219.65,34,7468.1,307.51,7380.24,104,2.0,4,4,Yes,142.36,1,3,1,6,0,,0.088,12-24 Months,Low Value,0,Dormant
CUST02042,Female,56,Married,Tier 2,Mobile,Net Banking,Beauty,2024-08-31,4,1.2,1398.44,5,6992.2,1678.13,40275.12,173,2.2,4,2,Yes,54.9,4,0,6,2,0,,0.0,3-6 Months,Mid Value,0,Dormant
CUST02043,Male,24,Married,Tier 3,Mobile,Wallet,Beauty,2022-12-30,24,5.9,621.16,142,88204.72,3664.84,87956.16,69,2.8,1,2,Yes,367.67,0,15,10,1,0,,0.106,12-24 Months,High Value,0,At Risk
CUST02044,Male,55,Single,Tier 3,Tablet,Debit Card,Electronics,2023-07-01,18,0.5,1888.66,9,16997.94,944.33,0.0,8,6.3,4,2,Yes,60.69,3,2,20,3,1,2024-09-24,0.222,12-24 Months,Mid Value,0,Active
CUST02045,Female,49,Married,Tier 3,Mobile,Debit Card,Grocery,2023-07-01,18,0.5,435.17,9,3916.53,217.58,0.0,114,5.5,4,0,No Complaint,11.86,1,2,10,4,1,2024-06-13,0.222,12-24 Months,Low Value,0,Dormant
CUST02046,Female,20,Single,Tier 3,Mobile,Debit Card,Fashion,2024-07-01,6,2.9,1227.02,17,20859.34,3558.36,85400.64,9,6.4,3,1,Yes,2.79,2,6,2,2,0,,0.353,3-6 Months,High Value,0,Active
CUST02047,Male,62,Single,Tier 2,Mobile,Debit Card,Fashion,2024-10-01,3,1.2,260.04,4,1040.16,312.05,0.0,35,2.6,1,0,No Complaint,461.17,1,0,1,1,1,2024-10-24,0.0,0-3 Months,Low Value,0,Slipping
CUST02048,Female,56,Single,Tier 1,Desktop,UPI,Home & Kitchen,2023-07-01,18,3.6,1278.25,65,83086.25,4601.7,0.0,9,1.0,4,0,No Complaint,92.6,2,17,3,5,1,2023-08-22,0.262,12-24 Months,High Value,0,Active
CUST02049,Female,54,Married,Tier 2,Mobile,Debit Card,Home & Kitchen,2023-07-01,18,0.5,1180.76,9,10626.84,590.38,14169.12,31,5.7,3,0,No Complaint,43.23,2,2,4,3,0,,0.222,12-24 Months,Low Value,0,Slipping
CUST02050,Male,39,Married,Tier 1,Desktop,Credit Card,Fashion,2024-07-01,6,1.2,415.85,7,2910.95,499.02,0.0,154,4.4,3,3,No,150.71,4,2,1,4,1,2024-09-03,0.286,3-6 Months,Low Value,1,Dormant
CUST02051,Male,25,Married,Tier 2,Mobile,Credit Card,Beauty,2024-07-01,6,0.7,1027.18,4,4108.72,719.03,0.0,132,3.1,4,2,Yes,120.46,2,0,23,6,1,2024-10-31,0.0,3-6 Months,Low Value,0,Dormant
CUST02052,Male,34,Married,Tier 2,Mobile,Debit Card,Beauty,2024-06-01,7,3.4,3822.04,24,91728.96,12994.94,311878.56,62,6.3,2,0,No Complaint,1576.27,1,2,7,5,0,,0.083,6-12 Months,High Value,0,At Risk
CUST02053,Male,44,Single,Tier 2,Desktop,UPI,Fashion,2024-03-01,10,0.6,1453.33,6,8719.98,872.0,0.0,161,6.8,2,0,No Complaint,394.88,2,0,23,2,1,2024-04-28,0.0,6-12 Months,Low Value,0,Dormant
CUST02054,Female,50,Single,Tier 3,Mobile,Credit Card,Electronics,2021-12-29,36,1.5,7105.41,54,383692.14,10658.12,255794.88,120,7.6,5,0,No Complaint,56.92,0,15,3,5,0,,0.278,24+ Months,High Value,0,Dormant
CUST02055,Female,63,Married,Tier 3,Mobile,UPI,Electronics,2022-12-30,24,4.3,999.49,103,102947.47,4297.81,103147.44,81,2.6,3,1,Yes,215.35,0,20,10,6,0,,0.194,12-24 Months,High Value,0,At Risk
CUST02056,Female,34,Married,Tier 1,Desktop,Wallet,Beauty,2022-06-30,30,6.2,1345.74,186,250307.64,8343.59,200246.16,13,6.7,3,1,No,88.14,4,30,8,3,0,,0.161,24+ Months,High Value,1,Active
CUST02057,Male,59,Married,Tier 2,Mobile,UPI,Home & Kitchen,2024-01-31,11,3.2,643.34,35,22516.9,2058.69,0.0,131,5.2,1,0,No Complaint,81.58,3,8,2,4,1,2024-03-04,0.229,6-12 Months,Mid Value,0,Dormant
CUST02058,Male,29,Single,Tier 2,Desktop,UPI,Fashion,2024-01-31,11,1.4,1066.79,15,16001.85,1493.51,35844.24,68,3.4,2,1,No,82.34,5,2,3,6,0,,0.133,6-12 Months,Mid Value,1,At Risk
CUST02059,Female,63,Single,Tier 2,Mobile,Net Banking,Grocery,2024-08-31,4,2.1,453.37,8,3626.96,952.08,22849.92,55,6.7,3,3,Yes,183.53,3,1,4,5,0,,0.125,3-6 Months,Mid Value,0,Slipping
CUST02060,Female,44,Single,Tier 3,Desktop,Credit Card,Beauty,2022-12-30,24,2.9,1692.37,70,118465.9,4907.87,117788.88,52,2.9,3,0,No Complaint,138.99,2,14,2,3,0,,0.2,12-24 Months,High Value,0,Slipping
CUST02061,Male,25,Married,Tier 2,Desktop,UPI,Beauty,2024-04-01,9,5.2,510.86,47,24010.42,2656.47,63755.28,2,3.4,3,3,No,253.21,2,2,3,6,0,,0.043,6-12 Months,High Value,1,Active
CUST02062,Male,40,Married,Tier 2,Mobile,Credit Card,Fashion,2022-12-30,24,5.5,2882.33,132,380467.56,15852.81,0.0,133,6.1,4,0,No Complaint,29.89,5,11,7,1,1,2024-02-13,0.083,12-24 Months,High Value,0,Dormant
CUST02063,Female,59,Single,Tier 3,Desktop,UPI,Grocery,2024-05-01,8,6.7,349.91,54,18895.14,2344.4,56265.6,27,3.4,4,0,No Complaint,99.74,0,8,2,7,0,,0.148,6-12 Months,Mid Value,0,Active
CUST02064,Male,46,Single,Tier 3,Mobile,UPI,Home & Kitchen,2024-10-31,2,4.2,725.33,8,5802.64,3046.39,73113.36,94,5.2,4,0,No Complaint,354.32,4,1,3,6,0,,0.125,0-3 Months,High Value,0,Dormant
CUST02065,Male,37,Single,Tier 1,Mobile,UPI,Electronics,2024-10-01,3,0.5,754.29,2,1508.58,377.14,9051.36,3,3.6,5,0,No Complaint,0.57,2,0,18,5,0,,0.0,0-3 Months,Low Value,0,Active
CUST02066,Female,33,Married,Tier 2,Mobile,Credit Card,Electronics,2022-06-30,30,3.4,410.51,102,41872.02,1395.73,0.0,113,4.8,5,5,Yes,175.83,6,20,5,5,1,2023-11-15,0.196,24+ Months,Mid Value,0,Dormant
CUST02067,Male,34,Married,Tier 2,Mobile,COD,Beauty,2024-08-01,5,4.2,1058.11,21,22220.31,4444.06,106657.44,67,4.9,4,0,No Complaint,277.3,5,3,10,4,0,,0.143,3-6 Months,High Value,0,At Risk
CUST02068,Male,33,Married,Tier 1,Desktop,Debit Card,Fashion,2024-08-01,5,5.3,618.07,26,16069.82,3275.77,78618.48,113,2.8,2,1,Yes,87.17,3,0,3,4,0,,0.0,3-6 Months,High Value,0,Dormant
CUST02069,Male,36,Married,Tier 1,Mobile,Debit Card,Home & Kitchen,2021-12-29,36,6.5,2399.43,234,561466.62,15596.29,374310.96,17,4.9,3,1,Yes,387.15,2,16,7,3,0,,0.068,24+ Months,High Value,0,Active
CUST02070,Male,25,Single,Tier 2,Tablet,UPI,Electronics,2023-07-01,18,1.8,508.5,32,16272.0,915.3,21967.2,48,3.6,4,0,No Complaint,239.52,4,5,9,4,0,,0.156,12-24 Months,Mid Value,0,Slipping
CUST02071,Female,55,Married,Tier 2,Mobile,Credit Card,Fashion,2024-10-31,2,2.7,1205.56,5,6027.8,3255.01,0.0,20,2.8,1,0,No Complaint,167.67,2,0,3,7,1,2024-11-04,0.0,0-3 Months,High Value,0,Active
CUST02072,Male,55,Married,Tier 1,Mobile,COD,Fashion,2024-10-01,3,0.5,845.4,2,1690.8,422.7,0.0,116,2.5,1,0,No Complaint,39.79,2,0,5,4,1,2024-12-13,0.0,0-3 Months,Low Value,0,Dormant
CUST02073,Male,46,Single,Tier 2,Mobile,UPI,Fashion,2024-08-01,5,2.1,773.3,10,7733.0,1623.93,38974.32,20,2.5,5,0,No Complaint,199.62,4,1,15,4,0,,0.1,3-6 Months,Mid Value,0,Active
CUST02074,Female,58,Married,Tier 3,Mobile,Net Banking,Fashion,2023-07-01,18,1.6,957.22,29,27759.38,1531.55,36757.2,111,3.4,4,4,Yes,322.99,1,4,10,3,0,,0.138,12-24 Months,Mid Value,0,Dormant
CUST02075,Female,53,Married,Tier 1,Desktop,Credit Card,Beauty,2022-12-30,24,8.2,1474.05,197,290387.85,12087.21,0.0,25,5.5,2,1,Yes,235.62,5,12,18,6,1,2024-10-04,0.061,12-24 Months,High Value,0,Active
CUST02076,Female,43,Married,Tier 1,Desktop,COD,Fashion,2024-08-01,5,5.8,239.58,29,6947.82,1389.56,0.0,169,2.0,3,4,Yes,153.96,4,2,2,4,1,2024-08-14,0.069,3-6 Months,Mid Value,0,Dormant
CUST02077,Male,48,Married,Tier 3,Desktop,UPI,Home & Kitchen,2022-06-30,30,4.0,928.29,120,111394.8,3713.16,89115.84,75,4.7,2,1,Yes,225.68,5,23,9,3,0,,0.192,24+ Months,High Value,0,At Risk
CUST02078,Male,61,Married,Tier 1,Desktop,Credit Card,Grocery,2024-10-31,2,0.5,503.68,1,503.68,251.84,0.0,23,5.2,1,0,No Complaint,678.14,2,1,1,1,1,2024-11-09,1.0,0-3 Months,Low Value,0,Active
CUST02079,Female,29,Married,Tier 3,Mobile,COD,Electronics,2024-08-31,4,1.3,531.2,5,2656.0,690.56,0.0,8,6.3,3,0,No Complaint,1.96,3,1,2,2,1,2024-09-19,0.2,3-6 Months,Low Value,0,Active
CUST02080,Female,34,Single,Tier 2,Mobile,COD,Electronics,2021-12-29,36,3.0,1064.77,108,114995.16,3194.31,76663.44,59,3.5,4,2,Yes,196.28,2,21,1,2,0,,0.194,24+ Months,High Value,0,Slipping
CUST02081,Male,32,Single,Tier 1,Desktop,UPI,Beauty,2024-10-01,3,0.5,1939.16,2,3878.32,969.58,0.0,160,4.8,5,0,No Complaint,283.5,6,0,11,5,1,2024-12-12,0.0,0-3 Months,Mid Value,0,Dormant
CUST02082,Male,26,Single,Tier 1,Mobile,Wallet,Electronics,2021-12-29,36,0.7,2659.23,25,66480.75,1861.46,0.0,26,2.4,4,0,No Complaint,183.34,5,8,6,5,1,2023-09-12,0.32,24+ Months,Mid Value,0,Active
CUST02083,Male,56,Married,Tier 1,Mobile,UPI,Fashion,2022-12-30,24,5.5,597.48,132,78867.36,3286.14,0.0,142,2.2,3,0,No Complaint,57.41,3,10,6,3,1,2023-03-27,0.076,12-24 Months,High Value,0,Dormant
CUST02084,Female,59,Single,Tier 1,Mobile,UPI,Home & Kitchen,2024-10-31,2,0.5,150.0,1,150.0,75.0,1800.0,75,5.2,3,0,No Complaint,311.44,3,0,4,4,0,,0.0,0-3 Months,Low Value,0,At Risk
CUST02085,Male,29,Married,Tier 1,Mobile,Debit Card,Electronics,2024-03-01,10,0.5,943.07,5,4715.35,471.54,0.0,144,8.2,4,1,No,440.15,3,1,1,6,1,2024-07-06,0.2,6-12 Months,Low Value,1,Dormant
CUST02086,Male,49,Married,Tier 2,Mobile,COD,Fashion,2024-01-31,11,2.2,251.47,24,6035.28,553.23,0.0,157,5.7,2,2,Yes,207.08,3,1,11,6,1,2024-03-31,0.042,6-12 Months,Low Value,0,Dormant
CUST02087,Male,42,Single,Tier 1,Desktop,Wallet,Grocery,2021-12-29,36,7.3,1222.82,263,321601.66,8926.59,214238.16,179,2.3,5,1,No,128.78,4,27,10,3,0,,0.103,24+ Months,High Value,1,Dormant
CUST02088,Female,56,Married,Tier 2,Mobile,Credit Card,Grocery,2024-04-01,9,4.5,478.47,40,19138.8,2153.12,51674.88,13,2.5,2,2,No,82.12,2,7,10,3,0,,0.175,6-12 Months,Mid Value,1,Active
CUST02089,Female,35,Single,Tier 2,Mobile,UPI,Fashion,2024-04-01,9,9.2,1140.98,83,94701.34,10497.02,0.0,143,5.6,3,1,Yes,72.1,4,16,41,3,1,2024-10-31,0.193,6-12 Months,High Value,0,Dormant
CUST02090,Male,32,Single,Tier 1,Mobile,Debit Card,Beauty,2024-10-31,2,3.5,494.06,7,3458.42,1729.21,0.0,13,5.8,4,1,Yes,231.22,2,0,15,4,1,2024-12-08,0.0,0-3 Months,Mid Value,0,Active
CUST02091,Female,49,Single,Tier 1,Desktop,UPI,Grocery,2023-07-01,18,1.4,397.41,25,9935.25,556.37,0.0,57,4.6,2,0,No Complaint,168.17,2,2,2,3,1,2024-02-17,0.08,12-24 Months,Low Value,0,Slipping
CUST02092,Female,23,Married,Tier 1,Tablet,Credit Card,Grocery,2024-08-31,4,7.3,404.31,29,11724.99,2951.46,0.0,116,4.1,4,3,Yes,30.71,5,0,1,4,1,2024-12-08,0.0,3-6 Months,High Value,0,Dormant
CUST02093,Male,61,Married,Tier 1,Desktop,Credit Card,Electronics,2024-10-31,2,1.4,1185.48,3,3556.44,1659.67,0.0,81,5.4,5,0,No Complaint,27.38,5,0,5,8,1,2024-12-03,0.0,0-3 Months,Mid Value,0,At Risk
CUST02094,Male,60,Single,Tier 2,Mobile,UPI,Sports,2021-12-29,36,1.1,355.92,40,14236.8,391.51,9396.24,102,2.6,4,0,No Complaint,13.28,2,11,14,6,0,,0.275,24+ Months,Low Value,0,Dormant
CUST02095,Male,52,Married,Tier 1,Tablet,Credit Card,Fashion,2024-08-01,5,1.5,1315.74,8,10525.92,1973.61,0.0,173,6.3,5,0,No Complaint,207.08,1,2,1,6,1,2024-11-06,0.25,3-6 Months,Mid Value,0,Dormant
CUST02096,Female,51,Married,Tier 3,Desktop,Credit Card,Grocery,2024-10-01,3,4.2,3115.27,13,40498.51,13084.13,0.0,147,5.1,3,0,No Complaint,67.93,0,1,12,1,1,2024-11-27,0.077,0-3 Months,High Value,0,Dormant
CUST02097,Female,55,Single,Tier 2,Desktop,COD,Electronics,2022-12-30,24,6.2,2892.08,149,430919.92,17930.9,430341.6,66,3.0,3,1,Yes,3.68,2,28,22,7,0,,0.188,12-24 Months,High Value,0,At Risk
CUST02098,Female,22,Single,Tier 2,Desktop,Debit Card,Beauty,2022-06-30,30,1.1,293.67,33,9691.11,323.04,7752.96,108,4.3,3,0,No Complaint,74.16,2,3,1,1,0,,0.091,24+ Months,Low Value,0,Dormant
CUST02099,Female,35,Single,Tier 2,Mobile,UPI,Fashion,2024-12-01,1,1.6,349.66,2,699.32,559.46,13427.04,9,10.7,4,1,Yes,321.21,2,0,9,3,0,,0.0,0-3 Months,Low Value,0,Active
CUST02100,Male,33,Married,Tier 2,Mobile,UPI,Fashion,2024-10-31,2,5.7,1257.47,11,13832.17,7167.58,172021.92,82,4.0,4,0,No Complaint,51.22,1,0,2,5,0,,0.0,0-3 Months,High Value,0,At Risk
CUST02101,Female,25,Married,Tier 1,Mobile,UPI,Beauty,2024-10-31,2,0.5,425.05,1,425.05,212.52,5100.48,109,5.5,4,1,No,180.7,3,0,44,3,0,,0.0,0-3 Months,Low Value,1,Dormant
CUST02102,Male,42,Single,Tier 1,Mobile,UPI,Electronics,2024-12-01,1,3.8,1384.57,4,5538.28,5261.37,0.0,128,6.0,2,0,No Complaint,104.26,4,0,18,3,1,2024-12-30,0.0,0-3 Months,High Value,0,Dormant
CUST02103,Male,49,Single,Tier 2,Desktop,Debit Card,Electronics,2023-07-01,18,1.5,271.18,27,7321.86,406.77,9762.48,162,4.8,4,2,Yes,143.29,3,2,4,4,0,,0.074,12-24 Months,Low Value,0,Dormant
CUST02104,Female,43,Single,Tier 1,Desktop,Wallet,Grocery,2023-07-01,18,1.2,853.99,22,18787.78,1024.79,24594.96,51,3.8,4,1,No,163.04,2,2,1,5,0,,0.091,12-24 Months,Mid Value,1,Slipping
CUST02105,Female,39,Single,Tier 2,Desktop,Debit Card,Beauty,2023-07-01,18,1.5,1738.67,27,46944.09,2608.0,0.0,162,3.2,2,0,No Complaint,109.19,3,4,1,4,1,2024-09-26,0.148,12-24 Months,High Value,0,Dormant
CUST02106,Male,48,Married,Tier 2,Mobile,Debit Card,Fashion,2024-01-31,11,1.4,302.96,15,4544.4,424.14,0.0,119,4.2,4,3,Yes,10.73,8,1,5,2,1,2024-07-01,0.067,6-12 Months,Low Value,0,Dormant
CUST02107,Female,60,Single,Tier 2,Mobile,Credit Card,Fashion,2022-06-30,30,3.5,827.29,105,86865.45,2895.52,69492.48,14,4.2,5,0,No Complaint,150.95,3,30,25,2,0,,0.286,24+ Months,High Value,0,Active
CUST02108,Female,27,Married,Tier 2,Mobile,UPI,Sports,2023-12-31,12,6.6,819.55,79,64744.45,5409.03,129816.72,69,6.8,2,2,Yes,91.21,4,25,15,4,0,,0.316,6-12 Months,High Value,0,At Risk
CUST02109,Male,29,Married,Tier 2,Mobile,Net Banking,Grocery,2021-12-29,36,1.7,1372.65,61,83731.65,2333.5,0.0,86,7.4,4,1,Yes,40.14,2,8,5,7,1,2024-05-25,0.131,24+ Months,Mid Value,0,At Risk
CUST02110,Female,45,Single,Tier 2,Mobile,Wallet,Electronics,2024-03-01,10,4.5,562.17,45,25297.65,2529.76,60714.24,64,7.8,5,0,No Complaint,408.29,2,1,2,5,0,,0.022,6-12 Months,Mid Value,0,At Risk
CUST02111,Male,23,Single,Tier 2,Mobile,Credit Card,Beauty,2022-06-30,30,3.3,330.42,99,32711.58,1090.39,26169.36,21,3.9,4,3,No,239.77,2,3,1,4,0,,0.03,24+ Months,Mid Value,1,Active
CUST02112,Male,37,Single,Tier 2,Mobile,UPI,Grocery,2024-05-01,8,1.0,153.39,8,1227.12,153.39,0.0,99,6.4,5,0,No Complaint,60.15,2,3,4,2,1,2024-07-18,0.375,6-12 Months,Low Value,0,Dormant
CUST02113,Male,22,Married,Tier 2,Tablet,COD,Fashion,2024-04-01,9,2.2,2270.25,20,45405.0,4994.55,119869.2,24,5.0,3,2,Yes,139.37,6,1,14,1,0,,0.05,6-12 Months,High Value,0,Active
CUST02114,Female,40,Married,Tier 3,Mobile,UPI,Fashion,2022-06-30,30,2.7,1610.66,81,130463.46,4348.78,0.0,164,2.6,1,0,No Complaint,593.98,3,9,5,3,1,2024-02-02,0.111,24+ Months,High Value,0,Dormant
CUST02115,Female,26,Married,Tier 2,Desktop,COD,Electronics,2024-10-31,2,0.5,882.65,1,882.65,441.32,0.0,155,1.8,1,1,No,50.7,2,0,5,3,1,2024-12-09,0.0,0-3 Months,Low Value,1,Dormant
CUST02116,Male,46,Married,Tier 2,Mobile,COD,Home & Kitchen,2023-12-31,12,1.3,866.27,16,13860.32,1126.15,0.0,86,3.9,5,5,Yes,530.05,5,0,5,3,1,2024-01-30,0.0,6-12 Months,Mid Value,0,At Risk
CUST02117,Male,33,Single,Tier 3,Mobile,UPI,Fashion,2022-12-30,24,12.3,1209.12,295,356690.4,14872.18,356932.32,13,4.2,2,1,Yes,207.0,5,4,2,4,0,,0.014,12-24 Months,High Value,0,Active
CUST02118,Female,63,Single,Tier 2,Desktop,Wallet,Fashion,2022-12-30,24,2.5,1765.36,60,105921.6,4413.4,105921.6,99,2.9,5,0,No Complaint,140.1,1,1,13,2,0,,0.017,12-24 Months,High Value,0,Dormant
CUST02119,Male,39,Single,Tier 1,Desktop,Wallet,Home & Kitchen,2023-07-01,18,1.0,218.76,18,3937.68,218.76,0.0,107,6.7,3,0,No Complaint,735.63,2,4,11,4,1,2023-10-10,0.222,12-24 Months,Low Value,0,Dormant
CUST02120,Female,25,Married,Tier 3,Mobile,Wallet,Fashion,2024-04-01,9,0.7,258.29,6,1549.74,180.8,0.0,160,7.2,1,1,Yes,73.09,3,0,3,4,1,2024-07-16,0.0,6-12 Months,Low Value,0,Dormant
CUST02121,Female,37,Single,Tier 1,Mobile,Credit Card,Grocery,2024-08-01,5,0.6,233.2,3,699.6,139.92,3358.08,13,4.2,3,0,No Complaint,58.69,4,0,2,7,0,,0.0,3-6 Months,Low Value,0,Active
CUST02122,Male,31,Married,Tier 2,Mobile,UPI,Fashion,2021-12-29,36,1.3,704.74,47,33122.78,916.16,21987.84,124,7.3,4,3,No,74.68,4,8,12,1,0,,0.17,24+ Months,Mid Value,1,Dormant
CUST02123,Female,56,Married,Tier 3,Desktop,Debit Card,Grocery,2024-06-01,7,0.5,1019.79,4,4079.16,509.9,0.0,101,5.3,2,3,Yes,250.15,2,0,30,5,1,2024-11-08,0.0,6-12 Months,Low Value,0,Dormant
CUST02124,Male,54,Single,Tier 3,Desktop,Credit Card,Electronics,2022-06-30,30,0.5,1823.98,15,27359.7,911.99,0.0,32,1.0,5,0,No Complaint,73.98,3,2,1,1,1,2023-02-01,0.133,24+ Months,Mid Value,0,Slipping
CUST02125,Female,51,Married,Tier 1,Mobile,UPI,Fashion,2024-12-01,1,1.1,150.0,1,150.0,165.0,0.0,22,1.0,5,2,Yes,19.52,2,0,1,8,1,2024-12-09,0.0,0-3 Months,Low Value,0,Active
CUST02126,Female,28,Married,Tier 2,Mobile,Credit Card,Grocery,2024-08-31,4,2.3,351.98,9,3167.82,809.55,0.0,125,5.1,2,4,Yes,186.07,5,2,7,5,1,2024-11-23,0.222,3-6 Months,Low Value,0,Dormant
CUST02127,Female,57,Single,Tier 2,Desktop,Debit Card,Beauty,2024-06-01,7,0.5,983.84,4,3935.36,491.92,0.0,61,4.2,4,0,No Complaint,45.41,4,1,5,5,1,2024-06-21,0.25,6-12 Months,Low Value,0,At Risk
CUST02128,Male,50,Single,Tier 1,Mobile,UPI,Beauty,2023-07-01,18,0.5,1073.01,9,9657.09,536.5,12876.0,179,2.8,4,0,No Complaint,0.75,2,1,1,4,0,,0.111,12-24 Months,Low Value,0,Dormant
CUST02129,Female,48,Single,Tier 1,Desktop,Credit Card,Grocery,2024-07-01,6,0.5,780.73,3,2342.19,390.36,9368.64,161,5.3,5,0,No Complaint,39.98,3,0,7,3,0,,0.0,3-6 Months,Low Value,0,Dormant
CUST02130,Male,61,Married,Tier 2,Mobile,UPI,Grocery,2024-12-01,1,0.8,408.46,1,408.46,326.77,7842.48,102,8.4,1,0,No Complaint,307.81,4,0,1,3,0,,0.0,0-3 Months,Low Value,0,Dormant
CUST02131,Male,51,Single,Tier 2,Mobile,COD,Grocery,2024-10-01,3,0.5,550.17,2,1100.34,275.08,0.0,115,4.6,4,4,Yes,507.16,2,0,5,3,1,2024-10-21,0.0,0-3 Months,Low Value,0,Dormant
CUST02132,Male,24,Married,Tier 1,Mobile,Debit Card,Grocery,2024-08-01,5,1.9,815.75,10,8157.5,1549.92,37198.08,29,3.7,3,0,No Complaint,195.22,5,4,1,3,0,,0.4,3-6 Months,Mid Value,0,Active
CUST02133,Female,40,Married,Tier 2,Mobile,UPI,Beauty,2024-10-01,3,1.5,269.96,4,1079.84,404.94,9718.56,161,3.2,4,0,No Complaint,66.92,3,0,4,3,0,,0.0,0-3 Months,Low Value,0,Dormant
CUST02134,Male,63,Married,Tier 2,Mobile,Wallet,Grocery,2024-08-31,4,1.0,494.1,4,1976.4,494.1,11858.4,83,2.4,2,0,No Complaint,103.24,2,1,33,5,0,,0.25,3-6 Months,Low Value,0,At Risk
CUST02135,Female,24,Single,Tier 3,Desktop,UPI,Grocery,2022-12-30,24,4.5,341.52,108,36884.16,1536.84,36884.16,94,6.0,4,0,No Complaint,38.94,5,2,4,4,0,,0.019,12-24 Months,Mid Value,0,Dormant
CUST02136,Female,42,Married,Tier 3,Desktop,Debit Card,Fashion,2024-05-01,8,1.8,1275.9,14,17862.6,2296.62,55118.88,157,3.7,5,1,Yes,382.82,1,2,3,2,0,,0.143,6-12 Months,Mid Value,0,Dormant
CUST02137,Male,20,Single,Tier 2,Desktop,COD,Fashion,2024-05-01,8,0.5,473.4,4,1893.6,236.7,5680.8,2,4.3,4,1,Yes,197.17,5,0,5,4,0,,0.0,6-12 Months,Low Value,0,Active
CUST02138,Female,55,Single,Tier 3,Mobile,COD,Fashion,2021-12-29,36,0.9,359.57,32,11506.24,323.61,7766.64,89,3.8,4,1,Yes,15.87,5,2,6,4,0,,0.062,24+ Months,Low Value,0,At Risk
CUST02139,Male,37,Married,Tier 3,Mobile,UPI,Home & Kitchen,2024-04-01,9,9.1,625.01,82,51250.82,5687.59,136502.16,113,7.4,4,0,No Complaint,82.29,3,17,1,1,0,,0.207,6-12 Months,High Value,0,Dormant
CUST02140,Female,51,Single,Tier 1,Mobile,Net Banking,Beauty,2021-12-29,36,9.4,1520.66,338,513983.08,14294.2,343060.8,29,1.9,3,2,Yes,139.0,3,25,14,2,0,,0.074,24+ Months,High Value,0,Active
CUST02141,Female,61,Married,Tier 1,Desktop,Net Banking,Grocery,2024-07-01,6,0.7,883.52,4,3534.08,618.46,0.0,13,5.7,3,4,Yes,287.31,1,0,3,5,1,2024-08-31,0.0,3-6 Months,Low Value,0,Active
CUST02142,Female,61,Married,Tier 2,Mobile,Debit Card,Fashion,2024-05-01,8,0.5,1942.07,4,7768.28,971.04,23304.96,96,6.1,4,0,No Complaint,455.77,0,0,15,4,0,,0.0,6-12 Months,Mid Value,0,Dormant
CUST02143,Female,47,Married,Tier 2,Mobile,Credit Card,Fashion,2024-05-01,8,1.7,1744.47,14,24422.58,2965.6,0.0,99,3.2,5,0,No Complaint,25.62,5,0,1,5,1,2024-06-14,0.0,6-12 Months,High Value,0,Dormant
CUST02144,Male,34,Married,Tier 2,Mobile,UPI,Home & Kitchen,2023-12-31,12,1.6,531.17,19,10092.23,849.87,20396.88,60,5.6,2,0,No Complaint,323.84,2,0,5,9,0,,0.0,6-12 Months,Low Value,0,Slipping
CUST02145,Male,27,Married,Tier 2,Mobile,Debit Card,Home & Kitchen,2023-07-01,18,1.3,986.58,23,22691.34,1282.55,0.0,158,4.2,3,0,No Complaint,12.25,3,7,35,7,1,2023-09-15,0.304,12-24 Months,Mid Value,0,Dormant
CUST02146,Female,52,Single,Tier 2,Mobile,Credit Card,Fashion,2024-08-01,5,1.9,1936.07,10,19360.7,3678.53,88284.72,54,6.0,3,1,No,49.51,2,2,2,9,0,,0.2,3-6 Months,High Value,1,Slipping
CUST02147,Male,37,Married,Tier 2,Desktop,COD,Beauty,2022-06-30,30,0.7,640.37,21,13447.77,448.26,10758.24,93,2.8,4,2,Yes,3.82,4,1,6,3,0,,0.048,24+ Months,Low Value,0,Dormant
CUST02148,Male,35,Married,Tier 1,Desktop,Credit Card,Electronics,2024-03-01,10,0.5,1062.21,5,5311.05,531.1,12746.4,34,5.0,1,0,No Complaint,11.87,0,1,3,2,0,,0.2,6-12 Months,Low Value,0,Slipping
CUST02149,Male,62,Married,Tier 3,Desktop,Debit Card,Electronics,2024-12-01,1,2.1,477.57,2,955.14,1002.9,24069.6,2,4.6,5,0,No Complaint,5.93,2,0,8,8,0,,0.0,0-3 Months,Mid Value,0,Active
CUST02150,Female,61,Single,Tier 1,Desktop,UPI,Beauty,2023-07-01,18,6.7,766.74,121,92775.54,5137.16,123291.84,77,5.5,4,0,No Complaint,28.41,2,28,1,2,0,,0.231,12-24 Months,High Value,0,At Risk
CUST02151,Male,44,Single,Tier 3,Desktop,UPI,Grocery,2022-06-30,30,0.5,749.46,15,11241.9,374.73,8993.52,95,1.0,5,0,No Complaint,376.51,6,2,13,5,0,,0.133,24+ Months,Low Value,0,Dormant
CUST02152,Male,53,Single,Tier 1,Mobile,UPI,Beauty,2024-08-01,5,3.1,1392.76,16,22284.16,4317.56,103621.44,137,3.2,3,3,No,60.09,5,1,8,4,0,,0.062,3-6 Months,High Value,1,Dormant
CUST02153,Female,40,Single,Tier 3,Mobile,UPI,Fashion,2024-12-01,1,1.4,686.47,1,686.47,961.06,0.0,81,5.6,2,1,Yes,117.61,3,0,16,4,1,2024-12-06,0.0,0-3 Months,Mid Value,0,At Risk
CUST02154,Female,49,Single,Tier 1,Desktop,Debit Card,Electronics,2022-06-30,30,0.9,1044.03,27,28188.81,939.63,22551.12,50,7.7,2,0,No Complaint,120.19,0,2,11,4,0,,0.074,24+ Months,Mid Value,0,Slipping
CUST02155,Male,27,Married,Tier 1,Mobile,COD,Electronics,2021-12-29,36,4.8,1172.39,173,202823.47,5627.47,135059.28,109,6.4,4,0,No Complaint,963.42,2,33,1,7,0,,0.191,24+ Months,High Value,0,Dormant
CUST02156,Male,28,Single,Tier 1,Mobile,Debit Card,Electronics,2024-10-31,2,1.5,516.8,3,1550.4,775.2,0.0,69,5.2,1,2,Yes,81.65,0,0,16,3,1,2024-10-31,0.0,0-3 Months,Low Value,0,At Risk
CUST02157,Male,55,Single,Tier 2,Mobile,Debit Card,Grocery,2021-12-29,36,2.2,677.4,79,53514.6,1490.28,35766.72,42,3.0,4,1,Yes,55.44,1,3,4,1,0,,0.038,24+ Months,Mid Value,0,Slipping
CUST02158,Male,23,Married,Tier 3,Mobile,Debit Card,Electronics,2024-06-01,7,1.5,1241.58,10,12415.8,1862.37,0.0,163,5.0,4,2,Yes,594.63,3,1,5,3,1,2024-09-13,0.1,6-12 Months,Mid Value,0,Dormant
CUST02159,Male,58,Single,Tier 2,Mobile,Credit Card,Electronics,2021-12-29,36,0.5,3251.7,18,58530.6,1625.85,39020.4,97,5.6,4,0,No Complaint,161.6,6,3,1,1,0,,0.167,24+ Months,Mid Value,0,Dormant
CUST02160,Female,64,Married,Tier 3,Mobile,Credit Card,Electronics,2023-07-01,18,2.3,372.39,41,15267.99,856.5,20556.0,36,7.7,5,0,No Complaint,61.52,5,5,2,1,0,,0.122,12-24 Months,Low Value,0,Slipping
CUST02161,Female,51,Married,Tier 2,Mobile,UPI,Beauty,2021-12-29,36,1.4,1296.9,50,64845.0,1815.66,43575.84,121,2.9,4,1,Yes,61.01,1,2,3,1,0,,0.04,24+ Months,Mid Value,0,Dormant
CUST02162,Female,53,Married,Tier 2,Desktop,COD,Grocery,2022-06-30,30,0.5,2100.38,15,31505.7,1050.19,25204.56,144,3.8,4,1,Yes,16.26,2,1,13,3,0,,0.067,24+ Months,Mid Value,0,Dormant
CUST02163,Male,54,Married,Tier 3,Mobile,UPI,Grocery,2024-12-01,1,2.3,959.98,2,1919.96,2207.95,0.0,136,8.1,4,0,No Complaint,146.5,0,0,5,8,1,2024-12-15,0.0,0-3 Months,Mid Value,0,Dormant
CUST02164,Female,34,Married,Tier 1,Desktop,UPI,Fashion,2024-12-01,1,0.5,477.13,1,477.13,238.56,0.0,108,4.1,2,0,No Complaint,231.52,2,0,4,3,1,2024-12-23,0.0,0-3 Months,Low Value,0,Dormant
CUST02165,Male,57,Single,Tier 2,Mobile,Debit Card,Electronics,2024-01-31,11,0.6,865.49,7,6058.43,519.29,12462.96,94,5.4,4,0,No Complaint,115.89,3,0,24,6,0,,0.0,6-12 Months,Low Value,0,Dormant
CUST02166,Female,57,Married,Tier 3,Mobile,Wallet,Fashion,2024-10-31,2,3.8,456.2,8,3649.6,1733.56,0.0,140,2.6,4,2,No,388.43,2,2,2,5,1,2024-12-08,0.25,0-3 Months,Mid Value,1,Dormant
CUST02167,Female,29,Married,Tier 3,Mobile,Debit Card,Fashion,2024-03-01,10,0.5,631.46,5,3157.3,315.73,0.0,127,3.9,4,0,No Complaint,119.08,5,0,5,5,1,2024-10-27,0.0,6-12 Months,Low Value,0,Dormant
CUST02168,Male,38,Single,Tier 3,Mobile,COD,Fashion,2021-12-29,36,2.6,1175.87,94,110531.78,3057.26,0.0,103,5.1,3,1,Yes,76.54,2,7,2,7,1,2023-08-17,0.074,24+ Months,High Value,0,Dormant
CUST02169,Female,57,Single,Tier 3,Desktop,Debit Card,Fashion,2024-07-01,6,7.5,860.61,45,38727.45,6454.58,0.0,118,3.8,2,0,No Complaint,51.97,3,6,2,5,1,2024-07-09,0.133,3-6 Months,High Value,0,Dormant
CUST02170,Male,36,Married,Tier 1,Desktop,Credit Card,Grocery,2024-03-01,10,0.5,1029.89,5,5149.45,514.95,0.0,31,4.8,4,2,Yes,50.18,2,0,17,6,1,2024-06-27,0.0,6-12 Months,Low Value,0,Slipping
CUST02171,Female,20,Married,Tier 3,Desktop,COD,Sports,2024-05-01,8,1.3,396.04,10,3960.4,514.85,0.0,4,5.0,4,0,No Complaint,68.5,3,0,7,4,1,2024-07-13,0.0,6-12 Months,Low Value,0,Active
CUST02172,Male,35,Single,Tier 2,Tablet,COD,Fashion,2023-07-01,18,2.1,585.42,38,22245.96,1229.38,29505.12,167,4.6,5,0,No Complaint,868.53,5,5,1,5,0,,0.132,12-24 Months,Mid Value,0,Dormant
CUST02173,Male,36,Married,Tier 3,Mobile,UPI,Home & Kitchen,2024-08-31,4,1.5,1379.01,6,8274.06,2068.52,0.0,168,3.2,2,0,No Complaint,80.56,5,2,1,10,1,2024-11-29,0.333,3-6 Months,Mid Value,0,Dormant
CUST02174,Female,64,Married,Tier 2,Mobile,Credit Card,Fashion,2024-08-01,5,2.4,277.99,12,3335.88,667.18,0.0,142,6.0,4,0,No Complaint,133.85,5,0,17,6,1,2024-10-12,0.0,3-6 Months,Low Value,0,Dormant
CUST02175,Male,23,Married,Tier 2,Mobile,UPI,Grocery,2022-06-30,30,1.3,354.81,39,13837.59,461.25,11070.0,67,4.8,4,0,No Complaint,57.8,1,3,1,5,0,,0.077,24+ Months,Low Value,0,At Risk
CUST02176,Female,33,Married,Tier 2,Mobile,Credit Card,Grocery,2022-06-30,30,0.5,724.94,15,10874.1,362.47,8699.28,27,3.3,1,0,No Complaint,27.89,4,1,18,4,0,,0.067,24+ Months,Low Value,0,Active
CUST02177,Male,25,Married,Tier 1,Mobile,Net Banking,Home & Kitchen,2022-06-30,30,0.5,625.02,15,9375.3,312.51,7500.24,64,3.1,4,5,Yes,186.84,4,2,2,4,0,,0.133,24+ Months,Low Value,0,At Risk
CUST02178,Female,35,Married,Tier 1,Mobile,Credit Card,Fashion,2022-12-30,24,3.4,1538.56,82,126161.92,5231.1,0.0,130,2.6,1,1,Yes,141.83,1,5,32,6,1,2024-12-18,0.061,12-24 Months,High Value,0,Dormant
CUST02179,Female,60,Married,Tier 3,Mobile,Credit Card,Electronics,2024-04-01,9,0.7,167.95,6,1007.7,117.56,2821.44,61,6.7,4,0,No Complaint,12.64,1,2,8,5,0,,0.333,6-12 Months,Low Value,0,At Risk
CUST02180,Male,56,Married,Tier 3,Mobile,Net Banking,Fashion,2022-12-30,24,4.7,847.47,113,95764.11,3983.11,0.0,143,3.2,4,0,No Complaint,385.88,3,11,32,5,1,2024-04-07,0.097,12-24 Months,High Value,0,Dormant
CUST02181,Male,29,Married,Tier 1,Mobile,Credit Card,Electronics,2024-05-01,8,3.4,2344.13,27,63291.51,7970.04,191280.96,121,2.9,4,3,Yes,127.56,2,6,6,2,0,,0.222,6-12 Months,High Value,0,Dormant
CUST02182,Male,62,Single,Tier 3,Desktop,Debit Card,Home & Kitchen,2024-10-31,2,0.5,1128.8,1,1128.8,564.4,0.0,113,2.7,2,3,Yes,73.52,4,0,12,2,1,2024-11-04,0.0,0-3 Months,Low Value,0,Dormant
CUST02183,Male,27,Single,Tier 2,Mobile,Net Banking,Beauty,2024-05-01,8,0.6,306.87,5,1534.35,184.12,0.0,167,1.0,5,4,Yes,272.02,2,1,3,4,1,2024-10-23,0.2,6-12 Months,Low Value,0,Dormant
CUST02184,Male,24,Single,Tier 2,Desktop,Credit Card,Beauty,2024-10-01,3,0.9,4911.33,3,14733.99,4420.2,0.0,160,8.5,5,3,Yes,21.4,2,0,1,5,1,2024-10-30,0.0,0-3 Months,High Value,0,Dormant
CUST02185,Female,63,Married,Tier 1,Desktop,Debit Card,Grocery,2024-05-01,8,2.3,612.29,18,11021.22,1408.27,33798.48,128,4.7,5,0,No Complaint,115.57,2,0,1,0,0,,0.0,6-12 Months,Mid Value,0,Dormant
CUST02186,Female,18,Married,Tier 3,Mobile,UPI,Home & Kitchen,2024-07-01,6,4.1,163.38,25,4084.5,669.86,16076.64,36,2.9,3,0,No Complaint,143.24,6,6,3,6,0,,0.24,3-6 Months,Low Value,0,Slipping
CUST02187,Female,53,Married,Tier 2,Mobile,UPI,Electronics,2023-07-01,18,0.5,1585.15,9,14266.35,792.58,0.0,169,3.9,4,1,Yes,268.6,2,1,4,8,1,2024-03-27,0.111,12-24 Months,Low Value,0,Dormant
CUST02188,Female,38,Married,Tier 2,Mobile,Credit Card,Fashion,2024-06-01,7,0.7,509.92,5,2549.6,356.94,0.0,41,2.2,2,1,No,83.24,3,0,3,3,1,2024-12-19,0.0,6-12 Months,Low Value,1,Slipping
CUST02189,Female,54,Married,Tier 2,Desktop,Credit Card,Home & Kitchen,2022-12-30,24,1.2,3326.85,29,96478.65,3992.22,0.0,67,4.8,1,0,No Complaint,347.54,1,1,26,1,1,2024-09-30,0.034,12-24 Months,High Value,0,At Risk
CUST02190,Female,41,Single,Tier 1,Desktop,Wallet,Fashion,2024-01-31,11,0.5,1487.95,6,8927.7,743.98,0.0,148,4.2,1,0,No Complaint,215.32,3,0,1,9,1,2024-11-27,0.0,6-12 Months,Low Value,0,Dormant
CUST02191,Male,42,Single,Tier 2,Mobile,Wallet,Fashion,2021-12-29,36,2.0,3990.86,72,287341.92,7981.72,191561.28,38,6.5,4,4,Yes,265.39,3,18,2,7,0,,0.25,24+ Months,High Value,0,Slipping
CUST02192,Female,24,Married,Tier 1,Mobile,Net Banking,Fashion,2024-10-31,2,1.6,429.51,3,1288.53,687.22,0.0,115,3.2,3,4,Yes,625.73,4,1,2,8,1,2024-12-12,0.333,0-3 Months,Low Value,0,Dormant
CUST02193,Female,59,Married,Tier 1,Tablet,UPI,Grocery,2022-12-30,24,1.0,2196.44,24,52714.56,2196.44,52714.56,82,5.2,4,0,No Complaint,335.29,2,6,11,3,0,,0.25,12-24 Months,Mid Value,0,At Risk
CUST02194,Female,34,Married,Tier 2,Mobile,Wallet,Grocery,2023-07-01,18,1.8,508.13,32,16260.16,914.63,0.0,112,4.5,4,0,No Complaint,76.65,2,1,9,2,1,2024-01-19,0.031,12-24 Months,Mid Value,0,Dormant
CUST02195,Male,46,Single,Tier 3,Desktop,Debit Card,Fashion,2021-12-29,36,1.1,1141.95,40,45678.0,1256.15,30147.6,172,3.0,5,3,Yes,186.83,7,5,2,6,0,,0.125,24+ Months,Mid Value,0,Dormant
CUST02196,Male,47,Single,Tier 2,Mobile,Credit Card,Beauty,2024-06-01,7,1.1,1013.01,8,8104.08,1114.31,26743.44,145,5.1,5,0,No Complaint,365.33,2,1,1,6,0,,0.125,6-12 Months,Mid Value,0,Dormant
CUST02197,Male,24,Married,Tier 1,Mobile,COD,Beauty,2024-07-01,6,0.8,2371.02,5,11855.1,1896.82,45523.68,53,4.4,4,2,Yes,134.05,2,1,1,3,0,,0.2,3-6 Months,Mid Value,0,Slipping
CUST02198,Female,50,Married,Tier 2,Desktop,UPI,Home & Kitchen,2024-10-01,3,1.9,1582.75,6,9496.5,3007.22,72173.28,11,6.3,5,0,No Complaint,206.68,2,2,2,2,0,,0.333,0-3 Months,High Value,0,Active
CUST02199,Female,24,Married,Tier 3,Desktop,UPI,Grocery,2024-08-01,5,1.5,648.45,8,5187.6,972.68,0.0,174,5.2,1,2,Yes,34.03,2,2,11,5,1,2024-11-17,0.25,3-6 Months,Mid Value,0,Dormant
CUST02200,Male,41,Single,Tier 2,Desktop,COD,Beauty,2024-01-31,11,0.5,1923.8,6,11542.8,961.9,0.0,105,3.6,1,0,No Complaint,304.62,5,1,18,5,1,2024-03-29,0.167,6-12 Months,Mid Value,0,Dormant
CUST02201,Female,28,Single,Tier 3,Mobile,Debit Card,Beauty,2022-06-30,30,0.5,841.86,15,12627.9,420.93,0.0,31,6.1,4,3,Yes,254.99,4,2,19,4,1,2024-01-08,0.133,24+ Months,Low Value,0,Slipping
CUST02202,Male,26,Married,Tier 2,Mobile,Credit Card,Fashion,2024-08-01,5,0.5,1458.98,2,2917.96,729.49,17507.76,113,5.0,4,0,No Complaint,395.51,0,0,5,2,0,,0.0,3-6 Months,Low Value,0,Dormant
CUST02203,Male,29,Single,Tier 3,Desktop,Credit Card,Electronics,2024-10-01,3,0.5,1104.29,2,2208.58,552.14,0.0,8,3.6,4,1,Yes,222.91,4,0,14,2,1,2024-10-29,0.0,0-3 Months,Low Value,0,Active
CUST02204,Male,52,Single,Tier 1,Mobile,Net Banking,Electronics,2024-08-01,5,1.4,773.41,7,5413.87,1082.77,25986.48,34,6.2,3,1,No,377.06,1,2,10,2,0,,0.286,3-6 Months,Mid Value,1,Slipping
CUST02205,Female,21,Married,Tier 1,Mobile,Debit Card,Fashion,2024-10-31,2,0.6,355.48,1,355.48,213.29,0.0,114,6.1,5,1,Yes,31.86,3,0,1,5,1,2024-12-11,0.0,0-3 Months,Low Value,0,Dormant
CUST02206,Female,53,Married,Tier 2,Desktop,Credit Card,Electronics,2021-12-29,36,1.4,1035.2,50,51760.0,1449.28,34782.72,73,2.9,5,0,No Complaint,302.42,7,0,20,2,0,,0.0,24+ Months,Mid Value,0,At Risk
CUST02207,Male,45,Married,Tier 2,Mobile,UPI,Electronics,2022-06-30,30,1.0,559.75,30,16792.5,559.75,13434.0,59,3.2,2,1,Yes,550.24,2,0,6,5,0,,0.0,24+ Months,Low Value,0,Slipping
CUST02208,Female,30,Married,Tier 3,Mobile,UPI,Fashion,2024-07-01,6,1.9,379.52,11,4174.72,721.09,0.0,118,4.7,3,0,No Complaint,304.23,3,2,5,4,1,2024-08-08,0.182,3-6 Months,Low Value,0,Dormant
CUST02209,Male,40,Single,Tier 3,Desktop,Wallet,Fashion,2024-08-01,5,3.2,1605.71,16,25691.36,5138.27,0.0,156,3.9,5,3,No,171.92,2,4,7,3,1,2024-10-08,0.25,3-6 Months,High Value,1,Dormant
CUST02210,Female,36,Single,Tier 1,Tablet,Credit Card,Electronics,2021-12-29,36,1.6,577.32,58,33484.56,923.71,22169.04,122,3.9,3,0,No Complaint,469.88,0,8,2,3,0,,0.138,24+ Months,Mid Value,0,Dormant
CUST02211,Female,59,Single,Tier 1,Mobile,Credit Card,Beauty,2024-12-01,1,0.5,253.74,1,253.74,126.87,0.0,83,3.1,3,2,Yes,17.87,4,0,1,3,1,2024-12-27,0.0,0-3 Months,Low Value,0,At Risk
CUST02212,Female,54,Married,Tier 2,Mobile,Credit Card,Home & Kitchen,2023-07-01,18,0.5,899.26,9,8093.34,449.63,10791.12,118,4.8,3,1,Yes,3.06,4,1,5,2,0,,0.111,12-24 Months,Low Value,0,Dormant
CUST02213,Male,56,Single,Tier 1,Desktop,Net Banking,Grocery,2021-12-29,36,0.6,807.21,22,17758.62,484.33,0.0,125,4.9,4,0,No Complaint,605.09,2,3,7,6,1,2022-10-16,0.136,24+ Months,Low Value,0,Dormant
CUST02214,Female,41,Married,Tier 2,Desktop,Debit Card,Electronics,2024-01-31,11,1.4,859.87,15,12898.05,1203.82,28891.68,139,1.9,4,0,No Complaint,206.8,0,2,1,7,0,,0.133,6-12 Months,Mid Value,0,Dormant
CUST02215,Female,33,Single,Tier 3,Desktop,Debit Card,Electronics,2024-12-01,1,0.5,859.17,1,859.17,429.58,0.0,55,3.8,1,4,Yes,21.82,3,0,1,5,1,2024-12-03,0.0,0-3 Months,Low Value,0,Slipping
CUST02216,Male,50,Married,Tier 3,Mobile,Credit Card,Fashion,2024-08-31,4,1.0,443.99,4,1775.96,443.99,0.0,21,3.5,5,0,No Complaint,74.8,4,0,23,2,1,2024-09-07,0.0,3-6 Months,Low Value,0,Active
CUST02217,Female,29,Married,Tier 2,Mobile,UPI,Fashion,2021-12-29,36,5.5,678.9,198,134422.2,3733.95,89614.8,123,5.0,5,1,Yes,248.67,1,12,4,3,0,,0.061,24+ Months,High Value,0,Dormant
CUST02218,Male,51,Married,Tier 3,Mobile,Wallet,Beauty,2024-12-01,1,0.5,1858.42,1,1858.42,929.21,22301.04,22,5.5,4,0,No Complaint,249.81,5,0,1,5,0,,0.0,0-3 Months,Mid Value,0,Active
CUST02219,Female,24,Single,Tier 2,Desktop,Wallet,Electronics,2024-05-01,8,7.4,1633.5,59,96376.5,12087.9,290109.6,83,5.8,5,3,No,33.54,3,21,1,3,0,,0.356,6-12 Months,High Value,1,At Risk
CUST02220,Male,28,Married,Tier 1,Desktop,Wallet,Beauty,2022-06-30,30,4.9,701.02,147,103049.94,3435.0,0.0,42,3.8,2,2,Yes,114.33,2,20,4,1,1,2022-12-16,0.136,24+ Months,High Value,0,Slipping
CUST02221,Female,48,Single,Tier 2,Mobile,Wallet,Beauty,2022-06-30,30,4.5,1352.38,135,182571.3,6085.71,0.0,60,5.5,4,4,Yes,296.4,0,10,15,3,1,2024-09-18,0.074,24+ Months,High Value,0,Slipping
CUST02222,Female,46,Married,Tier 2,Mobile,COD,Fashion,2024-03-01,10,5.0,958.27,50,47913.5,4791.35,114992.4,85,1.8,1,3,No,612.92,3,7,3,2,0,,0.14,6-12 Months,High Value,1,At Risk
CUST02223,Male,30,Married,Tier 2,Mobile,Debit Card,Grocery,2024-08-31,4,0.5,712.79,2,1425.58,356.4,8553.6,161,6.9,5,1,No,175.38,3,0,11,0,0,,0.0,3-6 Months,Low Value,1,Dormant
CUST02224,Male,48,Single,Tier 1,Tablet,COD,Electronics,2023-07-01,18,0.5,2148.79,9,19339.11,1074.4,25785.6,122,3.2,5,0,No Complaint,182.97,3,1,3,4,0,,0.111,12-24 Months,Mid Value,0,Dormant
CUST02225,Male,19,Married,Tier 2,Desktop,Debit Card,Electronics,2024-08-01,5,0.5,479.91,2,959.82,239.96,0.0,31,2.1,3,0,No Complaint,114.06,4,0,5,3,1,2024-10-18,0.0,3-6 Months,Low Value,0,Slipping
CUST02226,Male,56,Married,Tier 2,Mobile,UPI,Grocery,2024-08-01,5,0.5,1112.73,2,2225.46,556.36,0.0,158,3.3,4,0,No Complaint,139.41,3,0,2,3,1,2024-12-31,0.0,3-6 Months,Low Value,0,Dormant
CUST02227,Male,32,Married,Tier 3,Mobile,Credit Card,Sports,2022-06-30,30,1.0,280.23,30,8406.9,280.23,6725.52,90,7.1,3,0,No Complaint,18.75,5,6,11,5,0,,0.2,24+ Months,Low Value,0,At Risk
CUST02228,Female,28,Married,Tier 2,Mobile,Wallet,Beauty,2024-10-01,3,4.4,1155.58,13,15022.54,5084.55,0.0,37,5.6,3,0,No Complaint,77.43,2,1,12,4,1,2024-12-12,0.077,0-3 Months,High Value,0,Slipping
CUST02229,Male,51,Single,Tier 3,Mobile,Credit Card,Home & Kitchen,2024-12-01,1,0.7,565.65,1,565.65,395.96,0.0,95,7.7,4,3,Yes,127.41,3,0,5,3,1,2024-12-30,0.0,0-3 Months,Low Value,0,Dormant
CUST02230,Male,56,Single,Tier 3,Desktop,Net Banking,Fashion,2024-07-01,6,0.7,687.32,4,2749.28,481.12,11546.88,35,5.0,4,0,No Complaint,57.88,2,1,10,5,0,,0.25,3-6 Months,Low Value,0,Slipping
CUST02231,Female,21,Single,Tier 1,Desktop,UPI,Fashion,2024-03-01,10,2.8,732.3,28,20504.4,2050.44,49210.56,66,6.9,2,0,No Complaint,80.28,2,1,3,8,0,,0.036,6-12 Months,Mid Value,0,At Risk
CUST02232,Male,28,Married,Tier 2,Mobile,Credit Card,Fashion,2022-12-30,24,0.5,190.0,12,2280.0,95.0,0.0,145,3.9,2,1,Yes,638.51,0,2,5,7,1,2023-10-21,0.167,12-24 Months,Low Value,0,Dormant
CUST02233,Female,46,Single,Tier 3,Mobile,Credit Card,Fashion,2022-06-30,30,1.1,290.07,33,9572.31,319.08,0.0,118,2.1,3,3,Yes,0.94,4,1,17,3,1,2023-09-22,0.03,24+ Months,Low Value,0,Dormant
CUST02234,Female,19,Married,Tier 2,Desktop,UPI,Electronics,2023-07-01,18,0.9,1605.33,16,25685.28,1444.8,34675.2,86,5.2,1,0,No Complaint,64.88,3,5,1,5,0,,0.312,12-24 Months,Mid Value,0,At Risk
CUST02235,Female,33,Married,Tier 3,Mobile,UPI,Grocery,2023-07-01,18,4.7,966.05,85,82114.25,4540.44,108970.56,41,4.6,4,0,No Complaint,157.85,1,11,5,5,0,,0.129,12-24 Months,High Value,0,Slipping
CUST02236,Female,56,Married,Tier 1,Mobile,UPI,Grocery,2023-07-01,18,1.8,2492.03,32,79744.96,4485.65,0.0,51,5.4,2,0,No Complaint,58.87,1,9,1,5,1,2023-11-05,0.281,12-24 Months,High Value,0,Slipping
CUST02237,Female,30,Single,Tier 1,Tablet,COD,Home & Kitchen,2024-08-01,5,2.6,344.63,13,4480.19,896.04,21504.96,176,6.0,3,0,No Complaint,203.12,5,4,5,4,0,,0.308,3-6 Months,Mid Value,0,Dormant
CUST02238,Male,54,Single,Tier 3,Desktop,UPI,Home & Kitchen,2024-05-01,8,0.5,1629.19,4,6516.76,814.6,0.0,62,5.2,4,1,No,64.02,3,0,6,6,1,2024-08-28,0.0,6-12 Months,Low Value,1,At Risk
CUST02239,Male,34,Single,Tier 3,Desktop,UPI,Fashion,2023-07-01,18,6.6,1239.52,119,147502.88,8180.83,196339.92,111,4.3,3,1,Yes,183.0,3,26,11,1,0,,0.218,12-24 Months,High Value,0,Dormant
CUST02240,Male,38,Single,Tier 3,Mobile,UPI,Home & Kitchen,2024-12-01,1,1.0,2028.72,1,2028.72,2028.72,0.0,90,4.4,5,2,Yes,341.32,3,0,3,3,1,2024-12-23,0.0,0-3 Months,Mid Value,0,At Risk
CUST02241,Female,61,Single,Tier 2,Mobile,Debit Card,Electronics,2024-07-01,6,3.1,832.72,19,15821.68,2581.43,0.0,5,5.4,4,3,No,193.47,1,1,12,3,1,2024-09-16,0.053,3-6 Months,High Value,1,Active
CUST02242,Male,36,Single,Tier 3,Mobile,Debit Card,Electronics,2024-05-01,8,7.7,972.87,62,60317.94,7491.1,179786.4,170,1.9,3,3,Yes,9.21,2,10,1,3,0,,0.161,6-12 Months,High Value,0,Dormant
CUST02243,Female,24,Married,Tier 3,Mobile,Debit Card,Beauty,2024-01-31,11,1.8,485.78,20,9715.6,874.4,20985.6,16,3.2,2,1,Yes,285.44,1,2,2,4,0,,0.1,6-12 Months,Mid Value,0,Active
CUST02244,Female,55,Single,Tier 3,Desktop,Credit Card,Fashion,2024-03-01,10,1.8,742.91,18,13372.38,1337.24,32093.76,118,8.3,5,0,No Complaint,43.07,4,4,7,2,0,,0.222,6-12 Months,Mid Value,0,Dormant
CUST02245,Female,25,Single,Tier 2,Mobile,UPI,Home & Kitchen,2022-12-30,24,0.5,636.54,12,7638.48,318.27,0.0,146,3.6,3,0,No Complaint,181.31,1,1,1,1,1,2024-12-15,0.083,12-24 Months,Low Value,0,Dormant
CUST02246,Male,30,Single,Tier 2,Desktop,COD,Grocery,2024-03-01,10,1.2,355.01,12,4260.12,426.01,10224.24,135,5.7,3,1,No,187.3,2,1,8,8,0,,0.083,6-12 Months,Low Value,1,Dormant
CUST02247,Male,54,Single,Tier 3,Mobile,COD,Home & Kitchen,2021-12-29,36,4.8,987.64,173,170861.72,4740.67,0.0,145,3.8,5,3,Yes,293.09,1,1,10,3,1,2024-04-01,0.006,24+ Months,High Value,0,Dormant
CUST02248,Female,19,Single,Tier 2,Mobile,UPI,Sports,2024-05-01,8,0.5,1736.01,4,6944.04,868.0,0.0,133,4.1,1,1,Yes,126.88,2,0,15,3,1,2024-12-28,0.0,6-12 Months,Low Value,0,Dormant
CUST02249,Female,58,Single,Tier 2,Tablet,Credit Card,Grocery,2024-01-31,11,6.2,2050.71,68,139448.28,12714.4,305145.6,80,1.0,4,4,Yes,84.88,2,12,12,1,0,,0.176,6-12 Months,High Value,0,At Risk
CUST02250,Male,28,Married,Tier 2,Mobile,UPI,Fashion,2024-12-01,1,2.8,509.06,3,1527.18,1425.37,34208.88,161,5.6,4,0,No Complaint,131.38,4,0,22,2,0,,0.0,0-3 Months,Mid Value,0,Dormant
CUST02251,Male,41,Single,Tier 2,Mobile,UPI,Fashion,2024-07-01,6,1.4,875.25,8,7002.0,1225.35,0.0,164,3.5,5,0,No Complaint,142.04,3,0,6,4,1,2024-09-08,0.0,3-6 Months,Mid Value,0,Dormant
CUST02252,Female,23,Married,Tier 2,Mobile,COD,Electronics,2022-06-30,30,2.0,817.1,60,49026.0,1634.2,0.0,79,1.0,5,2,Yes,310.21,4,5,11,6,1,2023-11-24,0.083,24+ Months,Mid Value,0,At Risk
CUST02253,Female,43,Single,Tier 1,Mobile,Debit Card,Fashion,2024-07-01,6,0.5,2520.52,3,7561.56,1260.26,0.0,87,2.0,4,3,No,41.31,3,0,13,3,1,2024-11-16,0.0,3-6 Months,Mid Value,1,At Risk
CUST02254,Female,24,Married,Tier 3,Mobile,UPI,Beauty,2024-08-01,5,0.6,3135.07,3,9405.21,1881.04,0.0,87,4.7,5,0,No Complaint,337.72,4,0,8,4,1,2024-12-05,0.0,3-6 Months,Mid Value,0,At Risk
CUST02255,Female,56,Married,Tier 2,Mobile,UPI,Electronics,2023-12-31,12,0.8,360.17,10,3601.7,288.14,6915.36,50,3.3,1,0,No Complaint,81.94,4,1,21,5,0,,0.1,6-12 Months,Low Value,0,Slipping
CUST02256,Female,36,Married,Tier 2,Desktop,Wallet,Sports,2024-10-31,2,1.2,1262.11,2,2524.22,1514.53,0.0,21,3.0,3,0,No Complaint,245.17,3,1,5,5,1,2024-11-28,0.5,0-3 Months,Mid Value,0,Active
CUST02257,Male,23,Married,Tier 1,Desktop,COD,Beauty,2024-01-31,11,6.2,1302.17,68,88547.56,8073.45,0.0,47,3.7,1,0,No Complaint,73.63,3,8,2,6,1,2024-03-12,0.118,6-12 Months,High Value,0,Slipping
CUST02258,Male,60,Single,Tier 1,Mobile,Net Banking,Fashion,2024-07-01,6,1.1,780.28,7,5461.96,858.31,0.0,152,1.0,2,0,No Complaint,222.13,7,1,2,3,1,2024-12-01,0.143,3-6 Months,Low Value,0,Dormant
CUST02259,Male,46,Single,Tier 1,Mobile,Credit Card,Electronics,2024-05-01,8,1.9,370.91,15,5563.65,704.73,16913.52,98,1.6,4,0,No Complaint,288.96,4,3,4,3,0,,0.2,6-12 Months,Low Value,0,Dormant
CUST02260,Male,60,Single,Tier 2,Mobile,Debit Card,Electronics,2022-06-30,30,0.5,1471.15,15,22067.25,735.58,0.0,153,5.7,1,0,No Complaint,146.99,5,1,11,3,1,2022-08-09,0.067,24+ Months,Low Value,0,Dormant
CUST02261,Female,56,Single,Tier 1,Mobile,Credit Card,Electronics,2023-07-01,18,3.3,2103.53,59,124108.27,6941.65,0.0,134,5.4,4,1,Yes,173.95,1,11,7,4,1,2024-09-15,0.186,12-24 Months,High Value,0,Dormant
CUST02262,Female,19,Single,Tier 3,Mobile,UPI,Grocery,2024-04-01,9,2.1,612.23,19,11632.37,1285.68,0.0,63,5.5,3,0,No Complaint,221.43,3,2,22,4,1,2024-09-13,0.105,6-12 Months,Mid Value,0,At Risk
CUST02263,Female,36,Married,Tier 1,Desktop,Credit Card,Fashion,2023-12-31,12,1.4,2074.5,17,35266.5,2904.3,69703.2,34,5.6,2,1,Yes,209.9,2,1,18,6,0,,0.059,6-12 Months,High Value,0,Slipping
CUST02264,Male,21,Single,Tier 1,Mobile,Debit Card,Beauty,2022-12-30,24,7.4,900.39,178,160269.42,6662.89,0.0,102,5.3,4,1,No,233.97,3,24,5,4,1,2024-09-08,0.135,12-24 Months,High Value,1,Dormant
CUST02265,Female,23,Single,Tier 1,Desktop,UPI,Electronics,2022-12-30,24,5.5,2429.29,132,320666.28,13361.1,320666.4,168,7.1,4,0,No Complaint,341.09,4,4,4,6,0,,0.03,12-24 Months,High Value,0,Dormant
CUST02266,Female,54,Single,Tier 1,Desktop,COD,Beauty,2024-10-01,3,2.7,2425.9,8,19407.2,6549.93,157198.32,151,5.6,4,0,No Complaint,44.84,2,0,28,5,0,,0.0,0-3 Months,High Value,0,Dormant
CUST02267,Female,45,Married,Tier 3,Desktop,UPI,Beauty,2024-07-01,6,6.4,883.16,38,33560.08,5652.22,135653.28,137,4.6,4,0,No Complaint,43.51,2,13,5,5,0,,0.342,3-6 Months,High Value,0,Dormant
CUST02268,Female,47,Married,Tier 3,Mobile,Credit Card,Fashion,2024-06-01,7,2.1,1202.49,15,18037.35,2525.23,0.0,137,7.3,3,0,No Complaint,635.32,4,2,38,1,1,2024-08-04,0.133,6-12 Months,Mid Value,0,Dormant
CUST02269,Male,24,Married,Tier 2,Mobile,UPI,Fashion,2024-10-01,3,4.4,549.11,13,7138.43,2416.08,0.0,95,5.5,5,0,No Complaint,343.07,4,0,2,3,1,2024-10-04,0.0,0-3 Months,Mid Value,0,Dormant
CUST02270,Male,26,Single,Tier 1,Desktop,Credit Card,Beauty,2024-12-01,1,1.3,288.16,1,288.16,374.61,8990.64,31,5.5,1,0,No Complaint,161.24,2,0,18,1,0,,0.0,0-3 Months,Low Value,0,Slipping
CUST02271,Male,42,Single,Tier 1,Mobile,UPI,Sports,2024-10-01,3,0.5,1070.1,2,2140.2,535.05,12841.2,52,3.6,4,0,No Complaint,1.48,4,0,3,6,0,,0.0,0-3 Months,Low Value,0,Slipping
CUST02272,Male,50,Married,Tier 2,Desktop,UPI,Electronics,2022-06-30,30,12.9,321.69,387,124494.03,4149.8,99595.2,104,4.6,5,1,Yes,347.28,0,144,8,2,0,,0.372,24+ Months,High Value,0,Dormant
CUST02273,Male,18,Single,Tier 3,Mobile,Credit Card,Fashion,2023-12-31,12,0.5,3886.08,6,23316.48,1943.04,0.0,57,2.4,3,5,No,250.69,3,2,56,5,1,2024-02-15,0.333,6-12 Months,Mid Value,1,Slipping
CUST02274,Female,23,Married,Tier 1,Mobile,Credit Card,Fashion,2024-06-01,7,0.7,1992.09,5,9960.45,1394.46,0.0,140,1.8,3,3,Yes,563.79,0,0,7,3,1,2024-07-29,0.0,6-12 Months,Mid Value,0,Dormant
CUST02275,Female,35,Single,Tier 2,Desktop,Debit Card,Electronics,2023-07-01,18,0.5,807.46,9,7267.14,403.73,9689.52,67,1.4,4,2,Yes,2.38,1,0,14,5,0,,0.0,12-24 Months,Low Value,0,At Risk
CUST02276,Female,27,Single,Tier 2,Desktop,UPI,Electronics,2022-12-30,24,1.0,5808.67,24,139408.08,5808.67,139408.08,21,4.1,4,2,Yes,5.21,2,2,2,5,0,,0.083,12-24 Months,High Value,0,Active
CUST02277,Female,45,Married,Tier 1,Desktop,Debit Card,Electronics,2024-06-01,7,0.9,577.53,6,3465.18,519.78,0.0,141,7.0,3,4,Yes,131.16,7,1,7,2,1,2024-11-20,0.167,6-12 Months,Low Value,0,Dormant
CUST02278,Male,28,Married,Tier 2,Tablet,Credit Card,Grocery,2024-03-01,10,2.3,682.18,23,15690.14,1569.01,37656.24,125,5.3,5,2,Yes,348.89,3,5,5,6,0,,0.217,6-12 Months,Mid Value,0,Dormant
CUST02279,Female,50,Married,Tier 1,Mobile,UPI,Fashion,2024-12-01,1,14.1,676.43,14,9470.02,9537.66,228903.84,46,6.1,3,0,No Complaint,854.34,4,1,4,3,0,,0.071,0-3 Months,High Value,0,Slipping
CUST02280,Male,18,Single,Tier 3,Mobile,COD,Fashion,2023-07-01,18,0.5,858.52,9,7726.68,429.26,0.0,176,2.9,5,1,Yes,69.43,1,1,1,4,1,2023-07-22,0.111,12-24 Months,Low Value,0,Dormant
CUST02281,Male,30,Married,Tier 1,Desktop,Debit Card,Electronics,2024-06-01,7,3.8,722.69,27,19512.63,2746.22,0.0,73,5.0,3,0,No Complaint,6.67,3,4,11,6,1,2024-12-13,0.148,6-12 Months,High Value,0,At Risk
CUST02282,Male,54,Single,Tier 2,Mobile,Credit Card,Home & Kitchen,2024-04-01,9,0.5,1235.95,4,4943.8,617.98,0.0,122,8.2,4,0,No Complaint,39.16,4,0,30,6,1,2024-08-16,0.0,6-12 Months,Low Value,0,Dormant
CUST02283,Male,37,Single,Tier 1,Desktop,Wallet,Electronics,2024-04-01,9,0.5,446.24,4,1784.96,223.12,0.0,163,5.9,3,0,No Complaint,377.22,3,2,8,3,1,2024-04-21,0.5,6-12 Months,Low Value,0,Dormant
CUST02284,Male,18,Single,Tier 3,Mobile,COD,Sports,2023-07-01,18,2.5,981.95,45,44187.75,2454.88,58917.12,28,3.8,3,0,No Complaint,113.08,1,2,1,6,0,,0.044,12-24 Months,Mid Value,0,Active
CUST02285,Male,20,Married,Tier 1,Mobile,Wallet,Grocery,2023-12-31,12,5.2,614.14,62,38076.68,3193.53,76644.72,158,1.5,3,2,Yes,345.49,0,11,9,3,0,,0.177,6-12 Months,High Value,0,Dormant
CUST02286,Male,35,Married,Tier 3,Mobile,Debit Card,Fashion,2024-04-01,9,0.5,938.12,4,3752.48,469.06,0.0,127,2.1,4,2,No,105.63,4,1,52,1,1,2024-06-29,0.25,6-12 Months,Low Value,1,Dormant
CUST02287,Female,58,Single,Tier 3,Mobile,Credit Card,Fashion,2024-12-01,1,1.0,420.72,1,420.72,420.72,10097.28,30,5.7,5,4,Yes,9.88,2,0,11,4,0,,0.0,0-3 Months,Low Value,0,Active
CUST02288,Male,31,Married,Tier 3,Desktop,UPI,Beauty,2023-07-01,18,0.5,490.21,9,4411.89,245.1,5882.4,119,4.9,4,0,No Complaint,173.02,5,2,4,1,0,,0.222,12-24 Months,Low Value,0,Dormant
CUST02289,Male,48,Single,Tier 2,Desktop,Debit Card,Grocery,2022-06-30,30,5.9,3974.37,177,703463.49,23448.78,0.0,157,7.7,3,4,Yes,102.98,7,10,31,5,1,2023-10-24,0.056,24+ Months,High Value,0,Dormant
CUST02290,Male,44,Single,Tier 2,Mobile,Wallet,Grocery,2022-12-30,24,0.8,471.14,19,8951.66,376.91,0.0,144,4.6,3,2,No,121.68,2,5,19,8,1,2024-06-13,0.263,12-24 Months,Low Value,1,Dormant
CUST02291,Female,34,Married,Tier 2,Mobile,Debit Card,Beauty,2021-12-29,36,1.5,1295.21,54,69941.34,1942.82,46627.68,137,1.8,5,0,No Complaint,535.56,5,1,12,9,0,,0.019,24+ Months,Mid Value,0,Dormant
CUST02292,Male,63,Married,Tier 1,Mobile,Net Banking,Beauty,2024-10-01,3,5.6,616.61,17,10482.37,3453.02,82872.48,29,4.1,5,1,Yes,109.94,2,1,21,3,0,,0.059,0-3 Months,High Value,0,Active
CUST02293,Male,46,Married,Tier 2,Mobile,Credit Card,Fashion,2024-08-31,4,2.0,440.48,8,3523.84,880.96,21143.04,35,4.6,4,0,No Complaint,286.6,3,1,12,2,0,,0.125,3-6 Months,Mid Value,0,Slipping
CUST02294,Male,53,Married,Tier 1,Mobile,Credit Card,Beauty,2024-01-31,11,6.8,939.05,75,70428.75,6385.54,153252.96,99,3.8,4,0,No Complaint,10.93,1,5,30,4,0,,0.067,6-12 Months,High Value,0,Dormant
CUST02295,Male,54,Single,Tier 3,Mobile,Net Banking,Grocery,2024-08-31,4,6.5,488.71,26,12706.46,3176.62,0.0,104,4.5,3,1,Yes,117.37,4,4,11,3,1,2024-11-22,0.154,3-6 Months,High Value,0,Dormant
CUST02296,Male,43,Married,Tier 1,Mobile,COD,Electronics,2024-12-01,1,1.5,1290.26,2,2580.52,1935.39,0.0,169,5.2,2,1,Yes,159.04,4,0,1,5,1,2024-12-15,0.0,0-3 Months,Mid Value,0,Dormant
CUST02297,Male,34,Married,Tier 2,Mobile,Wallet,Grocery,2024-05-01,8,2.2,822.77,18,14809.86,1810.09,0.0,84,1.0,3,0,No Complaint,21.63,2,3,1,3,1,2024-12-21,0.167,6-12 Months,Mid Value,0,At Risk
CUST02298,Male,39,Single,Tier 2,Mobile,COD,Grocery,2024-08-01,5,0.7,2287.59,4,9150.36,1601.31,0.0,55,3.3,4,4,No,64.78,2,1,2,5,1,2024-10-11,0.25,3-6 Months,Mid Value,1,Slipping
CUST02299,Male,42,Married,Tier 2,Mobile,Credit Card,Fashion,2024-08-01,5,11.7,359.99,58,20879.42,4211.88,101085.12,35,6.8,4,1,Yes,242.19,1,0,1,6,0,,0.0,3-6 Months,High Value,0,Slipping
CUST02300,Male,19,Married,Tier 2,Mobile,Debit Card,Electronics,2021-12-29,36,0.8,1089.27,29,31588.83,871.42,20914.08,10,7.4,5,0,No Complaint,36.58,3,1,7,7,0,,0.034,24+ Months,Low Value,0,Active
CUST02301,Female,39,Single,Tier 1,Mobile,Net Banking,Electronics,2024-08-31,4,3.8,1163.55,15,17453.25,4421.49,0.0,13,2.2,1,1,Yes,24.75,3,5,9,2,1,2024-09-23,0.333,3-6 Months,High Value,0,Active
CUST02302,Female,22,Married,Tier 2,Mobile,Debit Card,Electronics,2024-10-31,2,0.9,446.93,2,893.86,402.24,0.0,103,2.2,4,1,Yes,64.02,0,0,1,5,1,2024-12-07,0.0,0-3 Months,Low Value,0,Dormant
CUST02303,Male,21,Single,Tier 1,Tablet,UPI,Fashion,2024-10-31,2,0.9,564.07,2,1128.14,507.66,0.0,32,5.9,3,0,No Complaint,352.57,1,0,1,4,1,2024-11-27,0.0,0-3 Months,Low Value,0,Slipping
CUST02304,Male,53,Married,Tier 3,Mobile,Credit Card,Fashion,2022-06-30,30,0.5,331.48,15,4972.2,165.74,0.0,153,8.1,4,2,Yes,259.1,5,5,10,3,1,2024-04-10,0.333,24+ Months,Low Value,0,Dormant
CUST02305,Female,23,Single,Tier 3,Desktop,Credit Card,Fashion,2022-12-30,24,2.1,301.26,50,15063.0,632.65,0.0,107,4.9,3,0,No Complaint,269.94,2,7,1,4,1,2024-05-16,0.14,12-24 Months,Low Value,0,Dormant
CUST02306,Male,38,Married,Tier 3,Mobile,UPI,Electronics,2024-10-31,2,0.7,826.33,1,826.33,578.43,13882.32,155,4.7,4,1,Yes,70.07,2,0,10,2,0,,0.0,0-3 Months,Low Value,0,Dormant
CUST02307,Male,30,Married,Tier 1,Desktop,COD,Home & Kitchen,2024-08-31,4,0.5,1579.38,2,3158.76,789.69,0.0,77,3.2,4,2,Yes,18.75,0,0,1,6,1,2024-09-11,0.0,3-6 Months,Low Value,0,At Risk
CUST02308,Female,54,Single,Tier 1,Mobile,UPI,Fashion,2022-12-30,24,0.6,818.83,14,11463.62,491.3,11791.2,107,6.3,4,1,Yes,5.85,1,1,26,1,0,,0.071,12-24 Months,Low Value,0,Dormant
CUST02309,Male,42,Single,Tier 1,Desktop,Credit Card,Electronics,2024-08-01,5,0.7,843.14,4,3372.56,590.2,14164.8,95,4.0,3,0,No Complaint,158.83,2,1,2,5,0,,0.25,3-6 Months,Low Value,0,Dormant
CUST02310,Male,43,Married,Tier 1,Mobile,COD,Electronics,2021-12-29,36,1.8,361.83,65,23518.95,651.29,0.0,177,7.3,2,2,Yes,218.09,1,13,1,6,1,2024-08-17,0.2,24+ Months,Low Value,0,Dormant
CUST02311,Male,56,Married,Tier 1,Desktop,Credit Card,Beauty,2023-12-31,12,1.2,206.2,14,2886.8,247.44,0.0,143,5.1,3,4,Yes,85.44,4,1,8,10,1,2024-06-26,0.071,6-12 Months,Low Value,0,Dormant
CUST02312,Female,37,Married,Tier 2,Mobile,COD,Fashion,2024-08-31,4,0.5,1140.74,2,2281.48,570.37,0.0,107,5.0,4,1,No,135.47,0,0,10,1,1,2024-10-22,0.0,3-6 Months,Low Value,1,Dormant
CUST02313,Male,50,Single,Tier 1,Mobile,Credit Card,Fashion,2022-06-30,30,1.9,565.39,57,32227.23,1074.24,25781.76,109,3.0,1,3,No,58.88,1,4,21,4,0,,0.07,24+ Months,Mid Value,1,Dormant
CUST02314,Female,31,Single,Tier 2,Desktop,Wallet,Fashion,2024-07-01,6,3.9,254.52,23,5853.96,992.63,23823.12,45,3.1,2,0,No Complaint,81.55,2,1,14,3,0,,0.043,3-6 Months,Mid Value,0,Slipping
CUST02315,Female,53,Married,Tier 3,Mobile,UPI,Sports,2024-08-01,5,2.1,613.5,10,6135.0,1288.35,0.0,132,3.4,5,0,No Complaint,235.56,1,0,3,7,1,2024-10-25,0.0,3-6 Months,Mid Value,0,Dormant
CUST02316,Male,34,Married,Tier 2,Desktop,UPI,Grocery,2024-07-01,6,9.2,1069.06,55,58798.3,9835.35,236048.4,176,4.3,3,0,No Complaint,227.99,1,5,2,4,0,,0.091,3-6 Months,High Value,0,Dormant
CUST02317,Male,38,Single,Tier 2,Mobile,Net Banking,Fashion,2022-12-30,24,0.5,1190.11,12,14281.32,595.05,0.0,24,6.5,4,2,Yes,5.13,4,2,3,5,1,2023-11-23,0.167,12-24 Months,Low Value,0,Active
CUST02318,Male,63,Married,Tier 2,Mobile,COD,Fashion,2024-10-01,3,4.3,1031.97,13,13415.61,4437.47,0.0,115,6.0,1,4,Yes,519.58,4,0,2,3,1,2024-12-25,0.0,0-3 Months,High Value,0,Dormant
CUST02319,Male,33,Single,Tier 2,Desktop,UPI,Fashion,2024-05-01,8,1.8,551.77,14,7724.78,993.19,23836.56,93,3.7,4,3,No,56.4,3,2,10,0,0,,0.143,6-12 Months,Mid Value,1,Dormant
CUST02320,Male,63,Single,Tier 1,Mobile,Wallet,Fashion,2024-12-01,1,1.8,1361.17,2,2722.34,2450.11,0.0,153,1.0,3,0,No Complaint,428.67,4,0,10,4,1,2024-12-04,0.0,0-3 Months,Mid Value,0,Dormant
CUST02321,Female,33,Married,Tier 2,Mobile,Credit Card,Beauty,2022-06-30,30,1.8,885.1,54,47795.4,1593.18,38236.32,1,3.2,4,1,Yes,129.1,6,8,7,4,0,,0.148,24+ Months,Mid Value,0,Active
CUST02322,Female,37,Single,Tier 2,Desktop,Wallet,Electronics,2024-06-01,7,1.0,486.21,7,3403.47,486.21,0.0,25,4.8,4,5,Yes,124.47,6,0,1,4,1,2024-07-12,0.0,6-12 Months,Low Value,0,Active
CUST02323,Female,46,Single,Tier 3,Desktop,Credit Card,Grocery,2024-08-01,5,1.0,410.77,5,2053.85,410.77,9858.48,7,4.9,5,0,No Complaint,107.81,5,0,25,3,0,,0.0,3-6 Months,Low Value,0,Active
CUST02324,Male,45,Married,Tier 3,Desktop,Credit Card,Electronics,2023-12-31,12,2.5,1030.09,30,30902.7,2575.22,61805.28,30,7.8,3,1,Yes,460.18,2,2,3,8,0,,0.067,6-12 Months,High Value,0,Active
CUST02325,Female,25,Married,Tier 2,Mobile,Credit Card,Grocery,2022-12-30,24,0.5,1649.58,12,19794.96,824.79,0.0,127,7.1,4,3,Yes,42.0,3,3,13,3,1,2023-12-02,0.25,12-24 Months,Low Value,0,Dormant
CUST02326,Female,41,Married,Tier 2,Mobile,Credit Card,Fashion,2022-06-30,30,2.2,1360.45,66,89789.7,2992.99,71831.76,26,5.9,3,3,Yes,170.25,1,4,13,7,0,,0.061,24+ Months,High Value,0,Active
CUST02327,Female,20,Married,Tier 1,Mobile,Debit Card,Electronics,2024-06-01,7,3.2,1006.52,22,22143.44,3220.86,77300.64,112,3.3,3,0,No Complaint,68.83,8,4,3,8,0,,0.182,6-12 Months,High Value,0,Dormant
CUST02328,Male,42,Married,Tier 3,Mobile,Credit Card,Grocery,2022-06-30,30,1.1,1398.8,33,46160.4,1538.68,0.0,156,5.0,1,0,No Complaint,444.22,3,7,2,6,1,2023-08-25,0.212,24+ Months,Mid Value,0,Dormant
CUST02329,Female,36,Single,Tier 2,Desktop,UPI,Fashion,2024-03-01,10,0.6,4722.09,6,28332.54,2833.25,67998.0,7,5.4,4,1,No,33.4,6,1,6,4,0,,0.167,6-12 Months,High Value,1,Active
CUST02330,Male,50,Single,Tier 1,Mobile,UPI,Grocery,2024-10-31,2,0.6,1098.26,1,1098.26,658.96,0.0,5,6.9,2,4,Yes,202.97,2,0,4,4,1,2024-12-14,0.0,0-3 Months,Low Value,0,Active
CUST02331,Male,19,Married,Tier 1,Mobile,UPI,Home & Kitchen,2022-06-30,30,0.5,1002.44,15,15036.6,501.22,0.0,178,2.7,4,1,No,98.6,1,1,20,4,1,2023-11-19,0.067,24+ Months,Low Value,1,Dormant
CUST02332,Male,32,Single,Tier 1,Mobile,Net Banking,Fashion,2023-12-31,12,0.5,1314.52,6,7887.12,657.26,0.0,121,6.1,3,0,No Complaint,194.83,3,0,19,5,1,2024-05-26,0.0,6-12 Months,Low Value,0,Dormant
CUST02333,Female,39,Married,Tier 3,Desktop,Debit Card,Home & Kitchen,2023-07-01,18,0.5,1518.11,9,13662.99,759.06,0.0,26,5.6,4,3,Yes,30.87,4,0,12,5,1,2024-08-14,0.0,12-24 Months,Low Value,0,Active
CUST02334,Female,27,Married,Tier 1,Desktop,COD,Fashion,2021-12-29,36,0.5,352.44,18,6343.92,176.22,0.0,55,3.6,3,0,No Complaint,90.06,1,0,1,4,1,2022-03-14,0.0,24+ Months,Low Value,0,Slipping
CUST02335,Male,35,Single,Tier 2,Desktop,Wallet,Electronics,2023-12-31,12,0.8,1016.36,10,10163.6,813.09,19514.16,177,6.8,3,1,Yes,20.42,3,0,15,6,0,,0.0,6-12 Months,Low Value,0,Dormant
CUST02336,Male,39,Married,Tier 2,Mobile,Debit Card,Grocery,2024-12-01,1,0.9,1812.95,1,1812.95,1631.66,39159.84,41,1.1,3,0,No Complaint,623.99,3,0,9,2,0,,0.0,0-3 Months,Mid Value,0,Slipping
CUST02337,Male,63,Married,Tier 2,Desktop,Wallet,Grocery,2022-06-30,30,13.4,3047.11,402,1224938.22,40831.27,979950.48,135,8.4,1,0,No Complaint,43.34,6,105,6,5,0,,0.261,24+ Months,High Value,0,Dormant
CUST02338,Male,44,Single,Tier 3,Mobile,UPI,Fashion,2024-08-01,5,12.0,910.63,60,54637.8,10927.56,0.0,44,6.9,3,0,No Complaint,899.04,1,5,4,2,1,2024-11-25,0.083,3-6 Months,High Value,0,Slipping
CUST02339,Male,30,Single,Tier 3,Mobile,UPI,Beauty,2024-01-31,11,0.5,653.28,6,3919.68,326.64,7839.36,72,4.2,4,0,No Complaint,97.59,1,1,8,5,0,,0.167,6-12 Months,Low Value,0,At Risk
CUST02340,Male,50,Married,Tier 2,Mobile,Credit Card,Sports,2024-08-31,4,0.6,1007.75,2,2015.5,604.65,14511.6,158,3.7,5,3,Yes,13.36,2,1,2,3,0,,0.5,3-6 Months,Low Value,0,Dormant
CUST02341,Female,22,Single,Tier 1,Mobile,Credit Card,Fashion,2024-07-01,6,1.7,572.07,10,5720.7,972.52,23340.48,6,4.4,4,0,No Complaint,3.19,1,3,7,2,0,,0.3,3-6 Months,Mid Value,0,Active
CUST02342,Male,43,Single,Tier 2,Mobile,Net Banking,Home & Kitchen,2022-12-30,24,0.5,2693.24,12,32318.88,1346.62,32318.88,55,3.1,4,0,No Complaint,164.46,1,2,8,7,0,,0.167,12-24 Months,Mid Value,0,Slipping
CUST02343,Male,30,Single,Tier 2,Desktop,Debit Card,Grocery,2024-04-01,9,1.8,1257.16,16,20114.56,2262.89,0.0,88,4.1,5,1,Yes,171.69,5,1,9,5,1,2024-05-16,0.062,6-12 Months,Mid Value,0,At Risk
CUST02344,Male,44,Married,Tier 2,Mobile,UPI,Home & Kitchen,2023-07-01,18,1.3,865.4,23,19904.2,1125.02,27000.48,112,6.0,2,1,No,133.92,5,3,4,3,0,,0.13,12-24 Months,Mid Value,1,Dormant
CUST02345,Female,31,Married,Tier 2,Mobile,COD,Fashion,2022-06-30,30,1.0,1957.66,30,58729.8,1957.66,46983.84,6,3.2,4,1,Yes,12.37,6,4,1,3,0,,0.133,24+ Months,Mid Value,0,Active
CUST02346,Female,41,Married,Tier 1,Desktop,Credit Card,Beauty,2024-06-01,7,4.3,400.46,30,12013.8,1721.98,41327.52,74,6.2,2,0,No Complaint,72.49,3,1,4,6,0,,0.033,6-12 Months,Mid Value,0,At Risk
CUST02347,Female,20,Married,Tier 2,Desktop,UPI,Fashion,2023-12-31,12,4.4,210.53,53,11158.09,926.33,22231.92,62,4.1,4,0,No Complaint,80.07,2,2,19,2,0,,0.038,6-12 Months,Mid Value,0,At Risk
CUST02348,Male,64,Married,Tier 1,Desktop,Debit Card,Home & Kitchen,2022-12-30,24,11.0,1206.16,264,318426.24,13267.76,318426.24,5,6.5,4,0,No Complaint,219.63,0,83,6,0,0,,0.314,12-24 Months,High Value,0,Active
CUST02349,Female,47,Married,Tier 3,Mobile,Net Banking,Grocery,2022-12-30,24,0.6,1904.13,14,26657.82,1142.48,27419.52,64,7.0,5,0,No Complaint,97.7,2,0,1,7,0,,0.0,12-24 Months,Mid Value,0,At Risk
CUST02350,Male,52,Married,Tier 1,Mobile,COD,Electronics,2024-01-31,11,5.5,812.72,60,48763.2,4469.96,0.0,167,2.7,4,4,Yes,153.16,3,10,4,6,1,2024-07-10,0.167,6-12 Months,High Value,0,Dormant
CUST02351,Female,31,Single,Tier 2,Mobile,Debit Card,Fashion,2024-05-01,8,1.9,558.15,15,8372.25,1060.48,25451.52,50,1.0,4,1,Yes,60.72,3,0,8,5,0,,0.0,6-12 Months,Mid Value,0,Slipping
CUST02352,Female,29,Married,Tier 1,Mobile,Credit Card,Beauty,2024-05-01,8,2.2,459.55,18,8271.9,1011.01,24264.24,105,4.8,4,0,No Complaint,233.02,3,2,3,5,0,,0.111,6-12 Months,Mid Value,0,Dormant
CUST02353,Female,45,Single,Tier 2,Mobile,UPI,Grocery,2024-04-01,9,5.7,378.37,51,19296.87,2156.71,51761.04,54,5.0,1,0,No Complaint,8.62,2,7,2,5,0,,0.137,6-12 Months,Mid Value,0,Slipping
CUST02354,Female,61,Married,Tier 2,Mobile,Credit Card,Electronics,2024-06-01,7,7.1,1430.27,50,71513.5,10154.92,243718.08,20,2.3,4,1,Yes,803.84,4,5,7,3,0,,0.1,6-12 Months,High Value,0,Active
CUST02355,Female,46,Single,Tier 1,Mobile,COD,Electronics,2022-12-30,24,3.2,1591.72,77,122562.44,5093.5,122244.0,52,7.5,4,0,No Complaint,184.65,0,8,7,3,0,,0.104,12-24 Months,High Value,0,Slipping
CUST02356,Male,60,Married,Tier 3,Mobile,Credit Card,Home & Kitchen,2024-10-31,2,1.1,1707.29,2,3414.58,1878.02,45072.48,85,3.8,3,2,Yes,29.01,1,0,5,11,0,,0.0,0-3 Months,Mid Value,0,At Risk
CUST02357,Female,34,Married,Tier 2,Mobile,UPI,Electronics,2021-12-29,36,1.7,902.43,61,55048.23,1534.13,0.0,54,5.7,5,0,No Complaint,227.53,3,2,1,2,1,2023-05-29,0.033,24+ Months,Mid Value,0,Slipping
CUST02358,Male,57,Single,Tier 2,Mobile,Wallet,Fashion,2022-12-30,24,2.4,399.71,58,23183.18,959.3,0.0,112,3.2,5,0,No Complaint,277.99,2,5,11,5,1,2023-11-26,0.086,12-24 Months,Mid Value,0,Dormant
CUST02359,Male,38,Single,Tier 2,Mobile,COD,Home & Kitchen,2024-07-01,6,4.4,544.33,26,14152.58,2395.05,0.0,170,1.8,3,4,No,279.72,4,0,11,3,1,2024-07-30,0.0,3-6 Months,Mid Value,1,Dormant
CUST02360,Male,40,Single,Tier 2,Mobile,Debit Card,Electronics,2024-12-01,1,2.7,1365.19,3,4095.57,3686.01,0.0,13,6.6,4,0,No Complaint,56.83,3,1,4,3,1,2024-12-25,0.333,0-3 Months,High Value,0,Active
CUST02361,Male,37,Married,Tier 2,Mobile,UPI,Electronics,2022-12-30,24,1.1,434.37,26,11293.62,477.81,0.0,129,2.8,1,1,Yes,573.37,1,1,1,5,1,2024-02-16,0.038,12-24 Months,Low Value,0,Dormant
CUST02362,Male,28,Single,Tier 2,Mobile,UPI,Fashion,2022-12-30,24,1.4,836.07,34,28426.38,1170.5,28092.0,1,5.9,4,0,No Complaint,3.22,7,1,8,7,0,,0.029,12-24 Months,Mid Value,0,Active
CUST02363,Male,51,Married,Tier 2,Mobile,UPI,Home & Kitchen,2021-12-29,36,0.5,440.43,18,7927.74,220.22,5285.28,1,3.0,4,0,No Complaint,86.0,5,7,31,2,0,,0.389,24+ Months,Low Value,0,Active
CUST02364,Male,27,Single,Tier 2,Mobile,Debit Card,Fashion,2024-08-01,5,6.5,551.27,32,17640.64,3583.26,0.0,24,4.1,5,0,No Complaint,19.81,4,1,5,1,1,2024-12-10,0.031,3-6 Months,High Value,0,Active
CUST02365,Female,27,Single,Tier 1,Desktop,UPI,Grocery,2024-10-31,2,0.5,400.88,1,400.88,200.44,4810.56,86,4.2,3,0,No Complaint,87.46,1,0,9,2,0,,0.0,0-3 Months,Low Value,0,At Risk
CUST02366,Male,60,Married,Tier 1,Tablet,COD,Home & Kitchen,2021-12-29,36,2.2,908.14,79,71743.06,1997.91,47949.84,9,4.5,5,0,No Complaint,10.61,1,1,6,3,0,,0.013,24+ Months,Mid Value,0,Active
CUST02367,Male,23,Married,Tier 1,Mobile,Wallet,Fashion,2024-08-01,5,5.1,322.42,26,8382.92,1644.34,39464.16,130,3.3,5,2,Yes,186.4,1,7,2,3,0,,0.269,3-6 Months,Mid Value,0,Dormant
CUST02368,Female,53,Single,Tier 1,Desktop,Credit Card,Home & Kitchen,2022-12-30,24,1.4,527.29,34,17927.86,738.21,17717.04,6,5.8,4,4,No,11.61,2,3,3,3,0,,0.088,12-24 Months,Low Value,1,Active
CUST02369,Male,41,Married,Tier 2,Mobile,Credit Card,Electronics,2024-12-01,1,4.0,1629.11,4,6516.44,6516.44,156394.56,89,6.2,4,0,No Complaint,172.21,3,0,26,4,0,,0.0,0-3 Months,High Value,0,At Risk
CUST02370,Female,29,Married,Tier 3,Mobile,COD,Grocery,2022-12-30,24,4.1,1870.9,98,183348.2,7670.69,184096.56,122,6.7,4,0,No Complaint,48.0,3,29,7,4,0,,0.296,12-24 Months,High Value,0,Dormant
CUST02371,Female,60,Single,Tier 1,Tablet,Wallet,Electronics,2024-10-31,2,0.5,1435.9,1,1435.9,717.95,17230.8,43,3.7,4,1,Yes,35.53,1,0,2,4,0,,0.0,0-3 Months,Low Value,0,Slipping
CUST02372,Female,40,Single,Tier 3,Mobile,Net Banking,Beauty,2022-12-30,24,1.3,2418.23,31,74965.13,3143.7,0.0,104,2.5,5,1,No,76.71,8,5,1,5,1,2022-12-31,0.161,12-24 Months,High Value,1,Dormant
CUST02373,Female,44,Married,Tier 2,Desktop,UPI,Fashion,2024-01-31,11,2.9,356.48,32,11407.36,1033.79,0.0,47,4.9,2,1,No,184.38,1,11,1,3,1,2024-11-03,0.344,6-12 Months,Mid Value,1,Slipping
CUST02374,Male,62,Single,Tier 3,Mobile,UPI,Fashion,2021-12-29,36,1.4,842.23,50,42111.5,1179.12,28298.88,39,5.2,3,2,Yes,155.38,1,8,6,3,0,,0.16,24+ Months,Mid Value,0,Slipping
CUST02375,Female,54,Single,Tier 2,Mobile,COD,Sports,2024-12-01,1,2.0,946.57,2,1893.14,1893.14,45435.36,147,5.2,4,2,No,205.36,4,0,1,4,0,,0.0,0-3 Months,Mid Value,1,Dormant
CUST02376,Male,23,Married,Tier 2,Mobile,Debit Card,Fashion,2024-07-01,6,2.3,3520.3,14,49284.2,8096.69,0.0,60,7.3,3,0,No Complaint,452.35,2,0,14,4,1,2024-10-27,0.0,3-6 Months,High Value,0,Slipping
CUST02377,Male,18,Single,Tier 1,Mobile,UPI,Home & Kitchen,2024-12-01,1,0.5,760.35,1,760.35,380.18,0.0,146,4.7,4,0,No Complaint,40.91,2,0,3,7,1,2024-12-14,0.0,0-3 Months,Low Value,0,Dormant
CUST02378,Female,23,Single,Tier 1,Mobile,Credit Card,Fashion,2022-06-30,30,1.3,1573.28,39,61357.92,2045.26,0.0,39,8.3,2,3,No,96.0,3,5,4,1,1,2022-08-24,0.128,24+ Months,Mid Value,1,Slipping
CUST02379,Male,39,Married,Tier 1,Mobile,COD,Electronics,2023-07-01,18,0.5,2938.11,9,26442.99,1469.06,35257.44,64,6.1,4,0,No Complaint,55.62,3,3,3,5,0,,0.333,12-24 Months,Mid Value,0,At Risk
CUST02380,Female,58,Single,Tier 2,Mobile,UPI,Home & Kitchen,2024-01-31,11,0.5,983.59,6,5901.54,491.8,0.0,19,6.1,4,5,No,158.89,2,1,6,6,1,2024-05-06,0.167,6-12 Months,Low Value,1,Active
CUST02381,Female,41,Married,Tier 1,Tablet,Net Banking,Fashion,2024-10-01,3,1.8,646.53,5,3232.65,1163.75,0.0,89,4.7,4,1,Yes,59.98,4,1,51,1,1,2024-12-06,0.2,0-3 Months,Mid Value,0,At Risk
CUST02382,Female,42,Single,Tier 3,Desktop,UPI,Home & Kitchen,2024-03-01,10,2.1,686.92,21,14425.32,1442.53,34620.72,69,3.9,4,1,No,146.97,4,6,18,4,0,,0.286,6-12 Months,Mid Value,1,At Risk
CUST02383,Female,32,Married,Tier 1,Mobile,COD,Electronics,2024-05-01,8,0.5,270.97,4,1083.88,135.49,3251.76,2,3.4,5,1,Yes,311.86,5,0,2,3,0,,0.0,6-12 Months,Low Value,0,Active
CUST02384,Male,43,Married,Tier 3,Mobile,Debit Card,Electronics,2024-07-01,6,3.5,651.05,21,13672.05,2278.67,54688.08,84,4.8,5,0,No Complaint,144.11,7,3,18,1,0,,0.143,3-6 Months,Mid Value,0,At Risk
CUST02385,Male,25,Single,Tier 1,Desktop,UPI,Grocery,2022-12-30,24,1.2,331.97,29,9627.13,398.36,9560.64,14,6.1,2,0,No Complaint,327.77,5,5,7,4,0,,0.172,12-24 Months,Low Value,0,Active
CUST02386,Female,41,Married,Tier 1,Mobile,COD,Electronics,2024-12-01,1,6.3,1552.39,6,9314.34,9780.06,0.0,150,4.1,4,3,No,170.11,2,2,11,2,1,2024-12-12,0.333,0-3 Months,High Value,1,Dormant
CUST02387,Male,55,Married,Tier 1,Mobile,COD,Electronics,2023-07-01,18,1.2,300.81,22,6617.82,360.97,8663.28,89,3.8,3,0,No Complaint,367.66,5,1,6,8,0,,0.045,12-24 Months,Low Value,0,At Risk
CUST02388,Female,23,Single,Tier 2,Mobile,Wallet,Beauty,2022-06-30,30,0.5,1181.53,15,17722.95,590.76,0.0,124,2.6,3,0,No Complaint,479.74,6,4,9,1,1,2024-03-28,0.267,24+ Months,Low Value,0,Dormant
CUST02389,Female,52,Married,Tier 1,Desktop,Credit Card,Electronics,2021-12-29,36,3.5,1990.98,126,250863.48,6968.43,0.0,147,5.4,5,1,Yes,127.6,4,6,4,2,1,2024-10-14,0.048,24+ Months,High Value,0,Dormant
CUST02390,Female,59,Single,Tier 3,Mobile,Debit Card,Fashion,2022-12-30,24,2.1,1495.59,50,74779.5,3140.74,75377.76,10,2.6,4,1,No,281.47,3,2,3,4,0,,0.04,12-24 Months,High Value,1,Active
CUST02391,Male,18,Married,Tier 1,Mobile,Debit Card,Beauty,2024-08-01,5,1.2,640.27,6,3841.62,768.32,18439.68,61,5.2,4,0,No Complaint,113.88,6,1,6,1,0,,0.167,3-6 Months,Low Value,0,At Risk
CUST02392,Male,63,Married,Tier 2,Mobile,Debit Card,Beauty,2023-07-01,18,1.1,1532.56,20,30651.2,1685.82,40459.68,5,5.0,4,0,No Complaint,219.86,1,2,5,7,0,,0.1,12-24 Months,Mid Value,0,Active
CUST02393,Male,53,Single,Tier 3,Mobile,Net Banking,Electronics,2024-10-01,3,0.5,903.95,2,1807.9,451.98,10847.52,9,4.2,4,0,No Complaint,6.88,5,0,4,6,0,,0.0,0-3 Months,Low Value,0,Active
CUST02394,Male,29,Single,Tier 1,Mobile,UPI,Grocery,2024-10-31,2,1.0,651.89,2,1303.78,651.89,15645.36,7,6.7,5,3,Yes,613.55,4,0,12,8,0,,0.0,0-3 Months,Low Value,0,Active
CUST02395,Female,55,Married,Tier 3,Mobile,UPI,Beauty,2023-07-01,18,0.5,696.18,9,6265.62,348.09,0.0,86,7.4,2,2,Yes,404.54,3,2,10,4,1,2024-09-25,0.222,12-24 Months,Low Value,0,At Risk
CUST02396,Male,28,Married,Tier 3,Mobile,Debit Card,Grocery,2022-06-30,30,1.7,1224.19,51,62433.69,2081.12,0.0,81,1.0,4,3,Yes,402.77,5,1,3,5,1,2024-08-16,0.02,24+ Months,Mid Value,0,At Risk
CUST02397,Male,29,Single,Tier 1,Mobile,UPI,Electronics,2024-12-01,1,5.7,301.98,6,1811.88,1721.29,0.0,11,1.8,2,2,Yes,59.44,3,0,2,8,1,2024-12-02,0.0,0-3 Months,Mid Value,0,Active
CUST02398,Male,59,Married,Tier 1,Mobile,Net Banking,Sports,2024-10-31,2,4.0,630.9,8,5047.2,2523.6,0.0,47,5.6,3,2,Yes,59.92,3,2,1,4,1,2024-11-13,0.25,0-3 Months,Mid Value,0,Slipping
CUST02399,Female,56,Single,Tier 2,Desktop,Debit Card,Fashion,2023-12-31,12,0.5,1167.15,6,7002.9,583.58,14005.92,44,7.5,2,2,Yes,92.73,3,1,31,3,0,,0.167,6-12 Months,Low Value,0,Slipping
CUST02400,Female,24,Married,Tier 3,Desktop,Credit Card,Grocery,2024-08-31,4,5.3,627.12,21,13169.52,3323.74,0.0,54,2.0,3,0,No Complaint,381.93,1,1,3,3,1,2024-10-04,0.048,3-6 Months,High Value,0,Slipping
CUST02401,Male,28,Married,Tier 2,Mobile,COD,Home & Kitchen,2023-07-01,18,1.5,363.49,27,9814.23,545.24,13085.76,115,5.3,4,0,No Complaint,352.16,5,1,8,5,0,,0.037,12-24 Months,Low Value,0,Dormant
CUST02402,Male,53,Married,Tier 2,Mobile,Credit Card,Beauty,2024-08-31,4,0.5,481.1,2,962.2,240.55,5773.2,125,1.4,4,1,Yes,61.51,3,0,11,7,0,,0.0,3-6 Months,Low Value,0,Dormant
CUST02403,Male,48,Married,Tier 3,Mobile,Debit Card,Home & Kitchen,2024-10-31,2,3.5,1012.81,7,7089.67,3544.84,85076.16,61,1.2,3,3,Yes,140.47,5,0,2,5,0,,0.0,0-3 Months,High Value,0,At Risk
CUST02404,Male,50,Single,Tier 1,Mobile,UPI,Electronics,2023-12-31,12,1.0,1258.92,12,15107.04,1258.92,0.0,142,8.2,3,1,Yes,116.04,2,3,9,1,1,2024-10-07,0.25,6-12 Months,Mid Value,0,Dormant
CUST02405,Female,30,Single,Tier 3,Desktop,Credit Card,Fashion,2022-06-30,30,0.7,1918.32,21,40284.72,1342.82,0.0,75,5.2,2,0,No Complaint,189.32,2,0,1,4,1,2022-11-11,0.0,24+ Months,Mid Value,0,At Risk
CUST02406,Female,35,Married,Tier 2,Mobile,UPI,Home & Kitchen,2022-12-30,24,0.5,1550.83,12,18609.96,775.42,0.0,94,1.7,3,4,No,43.32,3,4,1,2,1,2023-10-20,0.333,12-24 Months,Low Value,1,Dormant
CUST02407,Male,58,Single,Tier 2,Desktop,Debit Card,Electronics,2022-06-30,30,1.7,1538.19,51,78447.69,2614.92,62758.08,27,4.1,3,2,No,16.0,5,0,3,6,0,,0.0,24+ Months,High Value,1,Active
CUST02408,Male,41,Married,Tier 3,Desktop,Credit Card,Beauty,2024-08-01,5,0.5,233.9,2,467.8,116.95,0.0,42,3.1,2,1,No,4.97,2,0,3,1,1,2024-11-21,0.0,3-6 Months,Low Value,1,Slipping
CUST02409,Female,26,Married,Tier 2,Tablet,UPI,Fashion,2021-12-29,36,3.8,1520.96,137,208371.52,5779.65,0.0,131,3.7,5,2,Yes,86.46,2,6,2,1,1,2024-09-16,0.044,24+ Months,High Value,0,Dormant
CUST02410,Male,48,Married,Tier 1,Mobile,Credit Card,Beauty,2024-06-01,7,1.6,625.14,11,6876.54,1000.22,0.0,175,3.9,5,1,No,527.43,5,1,5,6,1,2024-07-02,0.091,6-12 Months,Mid Value,1,Dormant
CUST02411,Female,58,Single,Tier 2,Mobile,UPI,Grocery,2022-06-30,30,1.5,327.31,45,14728.95,490.96,11783.04,127,4.9,2,0,No Complaint,207.83,1,0,8,2,0,,0.0,24+ Months,Low Value,0,Dormant
CUST02412,Male,27,Single,Tier 2,Mobile,Net Banking,Fashion,2024-03-01,10,0.5,1326.82,5,6634.1,663.41,15921.84,10,5.3,3,0,No Complaint,248.91,5,1,21,4,0,,0.2,6-12 Months,Low Value,0,Active
CUST02413,Male,19,Married,Tier 1,Desktop,UPI,Electronics,2024-08-01,5,4.3,1017.64,22,22388.08,4375.85,105020.4,26,3.3,4,4,Yes,522.61,4,4,10,2,0,,0.182,3-6 Months,High Value,0,Active
CUST02414,Male,55,Single,Tier 3,Desktop,Net Banking,Beauty,2024-08-01,5,1.7,1667.93,8,13343.44,2835.48,68051.52,80,3.2,5,0,No Complaint,98.69,4,0,6,6,0,,0.0,3-6 Months,High Value,0,At Risk
CUST02415,Male,32,Married,Tier 1,Mobile,Credit Card,Fashion,2023-12-31,12,1.4,617.64,17,10499.88,864.7,0.0,132,5.2,1,2,Yes,115.77,2,0,6,3,1,2024-01-14,0.0,6-12 Months,Low Value,0,Dormant
CUST02416,Female,20,Married,Tier 2,Mobile,Debit Card,Grocery,2024-10-31,2,3.6,894.27,7,6259.89,3219.37,77264.88,30,3.3,5,0,No Complaint,80.2,2,0,7,0,0,,0.0,0-3 Months,High Value,0,Active
CUST02417,Male,60,Single,Tier 2,Mobile,UPI,Grocery,2021-12-29,36,0.5,254.53,18,4581.54,127.26,0.0,135,3.3,1,3,Yes,36.02,7,1,3,2,1,2023-05-03,0.056,24+ Months,Low Value,0,Dormant
CUST02418,Male,48,Single,Tier 1,Mobile,Wallet,Fashion,2024-08-01,5,1.1,3542.79,6,21256.74,3897.07,93529.68,100,4.7,4,1,Yes,261.74,2,0,11,2,0,,0.0,3-6 Months,High Value,0,Dormant
CUST02419,Male,23,Married,Tier 3,Mobile,UPI,Beauty,2024-07-01,6,2.1,351.84,13,4573.92,738.86,0.0,139,4.6,1,1,No,426.92,2,0,8,8,1,2024-12-29,0.0,3-6 Months,Low Value,1,Dormant
CUST02420,Male,20,Married,Tier 3,Mobile,Debit Card,Electronics,2024-08-31,4,1.5,509.18,6,3055.08,763.77,0.0,100,3.7,5,0,No Complaint,302.64,1,1,5,3,1,2024-09-20,0.167,3-6 Months,Low Value,0,Dormant
CUST02421,Male,28,Married,Tier 2,Mobile,Wallet,Fashion,2024-12-01,1,0.5,436.36,1,436.36,218.18,0.0,108,6.4,3,0,No Complaint,8.8,3,0,2,5,1,2024-12-10,0.0,0-3 Months,Low Value,0,Dormant
CUST02422,Male,32,Married,Tier 1,Desktop,Net Banking,Electronics,2022-12-30,24,0.9,1037.53,22,22825.66,933.78,0.0,45,5.4,4,2,No,63.98,1,1,15,8,1,2024-07-16,0.045,12-24 Months,Mid Value,1,Slipping
CUST02423,Female,62,Married,Tier 1,Mobile,Debit Card,Grocery,2023-07-01,18,0.9,495.88,16,7934.08,446.29,0.0,129,8.1,2,0,No Complaint,161.41,1,2,2,4,1,2023-07-15,0.125,12-24 Months,Low Value,0,Dormant
CUST02424,Male,45,Married,Tier 2,Mobile,Wallet,Home & Kitchen,2022-06-30,30,12.1,1909.79,363,693253.77,23108.46,0.0,152,4.1,3,1,Yes,71.33,3,37,2,4,1,2024-01-16,0.102,24+ Months,High Value,0,Dormant
CUST02425,Male,27,Single,Tier 1,Mobile,COD,Fashion,2024-12-01,1,1.0,1119.19,1,1119.19,1119.19,0.0,156,5.8,4,1,No,29.28,4,0,1,1,1,2024-12-14,0.0,0-3 Months,Mid Value,1,Dormant
CUST02426,Female,55,Married,Tier 2,Desktop,UPI,Electronics,2021-12-29,36,0.6,316.37,22,6960.14,189.82,4555.68,6,7.1,5,2,Yes,139.14,5,5,45,7,0,,0.227,24+ Months,Low Value,0,Active
CUST02427,Male,64,Single,Tier 3,Mobile,Credit Card,Fashion,2024-07-01,6,4.3,1549.85,26,40296.1,6664.36,159944.64,112,2.9,5,0,No Complaint,132.67,3,2,2,5,0,,0.077,3-6 Months,High Value,0,Dormant
CUST02428,Female,24,Married,Tier 2,Desktop,Credit Card,Beauty,2021-12-29,36,1.4,1699.93,50,84996.5,2379.9,0.0,178,3.9,5,1,No,222.75,1,3,15,4,1,2022-07-07,0.06,24+ Months,Mid Value,1,Dormant
CUST02429,Male,32,Married,Tier 3,Mobile,Credit Card,Electronics,2024-10-31,2,1.5,539.17,3,1617.51,808.75,0.0,106,6.7,5,1,Yes,1606.8,5,0,1,2,1,2024-11-14,0.0,0-3 Months,Low Value,0,Dormant
CUST02430,Female,35,Single,Tier 2,Tablet,COD,Beauty,2022-12-30,24,2.0,403.01,48,19344.48,806.02,19344.48,31,5.7,5,0,No Complaint,188.06,2,15,10,3,0,,0.312,12-24 Months,Low Value,0,Slipping
CUST02431,Female,35,Single,Tier 2,Desktop,Debit Card,Electronics,2023-12-31,12,2.3,1186.86,28,33232.08,2729.78,0.0,158,4.5,1,2,Yes,68.6,2,1,1,5,1,2024-02-27,0.036,6-12 Months,High Value,0,Dormant
CUST02432,Female,58,Married,Tier 3,Mobile,UPI,Home & Kitchen,2024-06-01,7,2.2,1423.77,15,21356.55,3132.29,75174.96,48,2.0,2,0,No Complaint,563.81,3,3,8,6,0,,0.2,6-12 Months,High Value,0,Slipping
CUST02433,Female,41,Single,Tier 2,Tablet,Net Banking,Grocery,2024-10-31,2,0.5,444.78,1,444.78,222.39,5337.36,9,2.2,1,0,No Complaint,152.46,4,0,2,2,0,,0.0,0-3 Months,Low Value,0,Active
CUST02434,Male,19,Married,Tier 3,Mobile,UPI,Sports,2023-07-01,18,4.3,1713.84,77,131965.68,7369.51,176868.24,78,3.7,4,0,No Complaint,186.79,2,3,1,2,0,,0.039,12-24 Months,High Value,0,At Risk
CUST02435,Female,57,Single,Tier 1,Mobile,Wallet,Fashion,2024-12-01,1,0.5,600.89,1,600.89,300.44,0.0,18,3.1,5,0,No Complaint,79.65,1,0,3,5,1,2024-12-15,0.0,0-3 Months,Low Value,0,Active
CUST02436,Male,37,Married,Tier 1,Mobile,Wallet,Grocery,2024-01-31,11,0.9,2055.42,10,20554.2,1849.88,0.0,21,3.1,4,3,Yes,108.21,3,1,1,4,1,2024-03-31,0.1,6-12 Months,Mid Value,0,Active
CUST02437,Male,51,Single,Tier 3,Mobile,Wallet,Beauty,2023-07-01,18,0.5,297.12,9,2674.08,148.56,0.0,83,1.2,4,0,No Complaint,97.63,2,1,2,5,1,2023-12-05,0.111,12-24 Months,Low Value,0,At Risk
CUST02438,Male,60,Married,Tier 2,Desktop,COD,Grocery,2022-12-30,24,3.6,537.37,86,46213.82,1934.53,0.0,110,2.1,5,0,No Complaint,495.4,4,13,9,2,1,2024-05-23,0.151,12-24 Months,Mid Value,0,Dormant
CUST02439,Female,43,Single,Tier 3,Desktop,UPI,Fashion,2021-12-29,36,2.2,775.97,79,61301.63,1707.13,40971.12,163,2.9,5,0,No Complaint,298.54,9,11,14,4,0,,0.139,24+ Months,Mid Value,0,Dormant
CUST02440,Male,24,Single,Tier 3,Mobile,Debit Card,Sports,2024-08-01,5,3.5,448.62,18,8075.16,1570.17,0.0,127,4.7,4,1,No,17.12,3,6,5,1,1,2024-10-14,0.333,3-6 Months,Mid Value,1,Dormant
CUST02441,Female,55,Single,Tier 1,Mobile,UPI,Electronics,2024-07-01,6,2.6,878.17,16,14050.72,2283.24,0.0,151,3.9,5,2,Yes,67.8,2,1,4,5,1,2024-11-08,0.062,3-6 Months,Mid Value,0,Dormant
CUST02442,Female,47,Married,Tier 2,Mobile,UPI,Fashion,2024-06-01,7,0.5,704.32,4,2817.28,352.16,0.0,74,4.6,2,0,No Complaint,10.31,4,0,5,8,1,2024-11-28,0.0,6-12 Months,Low Value,0,At Risk
CUST02443,Female,59,Single,Tier 2,Desktop,Debit Card,Electronics,2022-12-30,24,0.9,775.28,22,17056.16,697.75,16746.0,58,4.5,4,0,No Complaint,130.9,4,5,5,1,0,,0.227,12-24 Months,Low Value,0,Slipping
CUST02444,Female,22,Married,Tier 2,Mobile,UPI,Grocery,2021-12-29,36,1.8,676.69,65,43984.85,1218.04,0.0,107,1.4,3,3,Yes,58.99,0,9,2,3,1,2023-07-11,0.138,24+ Months,Mid Value,0,Dormant
CUST02445,Male,28,Single,Tier 3,Desktop,Wallet,Beauty,2021-12-29,36,0.9,363.8,32,11641.6,327.42,0.0,125,6.4,3,0,No Complaint,13.72,1,3,36,2,1,2024-04-27,0.094,24+ Months,Low Value,0,Dormant
CUST02446,Male,18,Married,Tier 1,Mobile,Net Banking,Electronics,2021-12-29,36,0.6,883.52,22,19437.44,530.11,0.0,102,5.8,3,0,No Complaint,266.12,1,2,9,1,1,2024-09-12,0.091,24+ Months,Low Value,0,Dormant
CUST02447,Male,51,Married,Tier 2,Mobile,Credit Card,Electronics,2022-06-30,30,5.1,822.3,153,125811.9,4193.73,100649.52,48,4.6,5,0,No Complaint,17.2,3,3,12,3,0,,0.02,24+ Months,High Value,0,Slipping
CUST02448,Male,18,Married,Tier 2,Desktop,Credit Card,Grocery,2021-12-29,36,3.4,443.07,122,54054.54,1506.44,36154.56,67,3.5,4,0,No Complaint,57.03,2,7,5,7,0,,0.057,24+ Months,Mid Value,0,At Risk
CUST02449,Male,36,Single,Tier 1,Mobile,Credit Card,Electronics,2024-06-01,7,1.1,2152.4,8,17219.2,2367.64,56823.36,81,6.9,4,2,Yes,265.83,1,0,11,4,0,,0.0,6-12 Months,Mid Value,0,At Risk
CUST02450,Male,19,Married,Tier 3,Mobile,Net Banking,Home & Kitchen,2021-12-29,36,3.6,1119.28,130,145506.4,4029.41,96705.84,3,2.7,3,1,Yes,128.98,3,16,9,3,0,,0.123,24+ Months,High Value,0,Active
CUST02451,Male,38,Married,Tier 2,Mobile,Debit Card,Home & Kitchen,2022-12-30,24,2.5,1485.88,60,89152.8,3714.7,0.0,158,6.3,5,0,No Complaint,305.8,2,8,14,2,1,2024-04-26,0.133,12-24 Months,High Value,0,Dormant
CUST02452,Female,37,Single,Tier 3,Mobile,UPI,Electronics,2024-10-01,3,0.5,509.75,2,1019.5,254.88,6117.12,92,2.9,4,1,Yes,96.35,9,0,1,4,0,,0.0,0-3 Months,Low Value,0,Dormant
CUST02453,Female,40,Single,Tier 1,Tablet,Credit Card,Fashion,2024-12-01,1,1.2,178.34,1,178.34,214.01,0.0,135,6.9,1,0,No Complaint,303.6,7,0,1,8,1,2024-12-08,0.0,0-3 Months,Low Value,0,Dormant
CUST02454,Male,38,Single,Tier 1,Mobile,Credit Card,Home & Kitchen,2024-08-31,4,0.9,3043.57,4,12174.28,2739.21,65741.04,31,5.3,3,1,Yes,139.06,1,1,7,3,0,,0.25,3-6 Months,High Value,0,Slipping
CUST02455,Female,41,Single,Tier 2,Mobile,Wallet,Fashion,2022-12-30,24,0.6,1010.36,14,14145.04,606.22,0.0,100,6.1,5,1,Yes,16.57,4,1,4,5,1,2024-04-10,0.071,12-24 Months,Low Value,0,Dormant
CUST02456,Male,21,Single,Tier 1,Mobile,UPI,Fashion,2023-07-01,18,0.7,1158.11,13,15055.43,810.68,19456.32,166,4.9,5,4,Yes,114.79,1,3,13,5,0,,0.231,12-24 Months,Low Value,0,Dormant
CUST02457,Male,29,Single,Tier 3,Mobile,UPI,Fashion,2024-08-31,4,7.1,1123.74,28,31464.72,7978.55,191485.2,39,5.3,4,1,No,145.15,1,4,1,6,0,,0.143,3-6 Months,High Value,1,Slipping
CUST02458,Female,39,Married,Tier 1,Desktop,Net Banking,Fashion,2022-12-30,24,1.7,1187.18,41,48674.38,2018.21,48437.04,62,4.6,4,1,Yes,170.46,2,3,2,5,0,,0.073,12-24 Months,Mid Value,0,At Risk
CUST02459,Male,37,Single,Tier 3,Desktop,Net Banking,Beauty,2024-10-01,3,4.7,426.41,14,5969.74,2004.13,48099.12,70,2.7,5,1,Yes,473.3,3,0,4,1,0,,0.0,0-3 Months,Mid Value,0,At Risk
CUST02460,Male,35,Single,Tier 2,Desktop,Net Banking,Grocery,2022-06-30,30,0.6,436.97,18,7865.46,262.18,6292.32,69,6.5,4,0,No Complaint,36.5,2,6,18,3,0,,0.333,24+ Months,Low Value,0,At Risk
CUST02461,Female,18,Single,Tier 2,Mobile,Credit Card,Sports,2022-06-30,30,0.5,437.82,15,6567.3,218.91,5253.84,108,4.0,5,1,No,167.67,0,0,1,2,0,,0.0,24+ Months,Low Value,1,Dormant
CUST02462,Female,47,Married,Tier 1,Mobile,Debit Card,Fashion,2021-12-29,36,5.5,1320.69,198,261496.62,7263.8,174331.2,71,4.7,4,0,No Complaint,251.0,2,32,12,5,0,,0.162,24+ Months,High Value,0,At Risk
CUST02463,Female,50,Single,Tier 2,Mobile,Debit Card,Electronics,2024-10-01,3,1.7,384.02,5,1920.1,652.83,0.0,121,1.6,5,1,Yes,397.24,1,0,36,2,1,2024-12-10,0.0,0-3 Months,Low Value,0,Dormant
CUST02464,Female,41,Married,Tier 2,Desktop,UPI,Sports,2021-12-29,36,5.6,307.92,202,62199.84,1724.35,41384.4,87,4.2,4,0,No Complaint,134.12,4,53,11,0,0,,0.262,24+ Months,Mid Value,0,At Risk
CUST02465,Female,31,Married,Tier 1,Mobile,Debit Card,Home & Kitchen,2024-06-01,7,0.5,572.63,4,2290.52,286.32,6871.68,29,5.2,4,0,No Complaint,43.33,3,1,6,4,0,,0.25,6-12 Months,Low Value,0,Active
CUST02466,Male,53,Married,Tier 3,Mobile,UPI,Beauty,2024-05-01,8,6.2,742.05,50,37102.5,4600.71,110417.04,170,7.6,2,1,Yes,306.36,2,4,7,4,0,,0.08,6-12 Months,High Value,0,Dormant
CUST02467,Male,22,Single,Tier 1,Desktop,Credit Card,Fashion,2024-03-01,10,1.3,867.16,13,11273.08,1127.31,27055.44,43,4.4,4,1,No,423.79,4,3,1,3,0,,0.231,6-12 Months,Mid Value,1,Slipping
CUST02468,Male,28,Married,Tier 2,Mobile,Wallet,Beauty,2023-07-01,18,0.5,638.81,9,5749.29,319.4,7665.6,101,3.9,4,1,No,20.24,2,1,5,3,0,,0.111,12-24 Months,Low Value,1,Dormant
CUST02469,Male,41,Single,Tier 2,Mobile,UPI,Electronics,2021-12-29,36,2.9,1260.21,104,131061.84,3654.61,87710.64,11,3.3,3,1,Yes,46.98,4,1,6,7,0,,0.01,24+ Months,High Value,0,Active
CUST02470,Female,48,Married,Tier 1,Mobile,Wallet,Grocery,2023-07-01,18,4.0,2032.19,72,146317.68,8128.76,195090.24,165,3.4,4,0,No Complaint,369.28,4,5,6,2,0,,0.069,12-24 Months,High Value,0,Dormant
CUST02471,Male,30,Married,Tier 3,Mobile,UPI,Grocery,2021-12-29,36,0.5,929.28,18,16727.04,464.64,0.0,167,7.7,3,3,Yes,119.24,1,2,1,0,1,2022-10-21,0.111,24+ Months,Low Value,0,Dormant
CUST02472,Female,33,Married,Tier 2,Mobile,UPI,Grocery,2024-08-01,5,10.9,2025.14,54,109357.56,22074.03,529776.72,66,2.6,5,0,No Complaint,33.34,5,5,1,5,0,,0.093,3-6 Months,High Value,0,At Risk
CUST02473,Female,41,Married,Tier 1,Mobile,Debit Card,Beauty,2024-05-01,8,3.0,1319.41,24,31665.84,3958.23,94997.52,22,3.8,4,0,No Complaint,186.56,3,3,2,3,0,,0.125,6-12 Months,High Value,0,Active
CUST02474,Female,30,Married,Tier 2,Mobile,COD,Grocery,2024-01-31,11,1.0,460.12,11,5061.32,460.12,0.0,138,7.1,2,0,No Complaint,110.34,3,1,6,1,1,2024-08-14,0.091,6-12 Months,Low Value,0,Dormant
CUST02475,Male,41,Single,Tier 2,Mobile,Credit Card,Fashion,2024-07-01,6,0.5,496.35,3,1489.05,248.18,5956.32,47,6.6,1,1,Yes,619.34,2,0,1,4,0,,0.0,3-6 Months,Low Value,0,Slipping
CUST02476,Female,43,Single,Tier 2,Desktop,Net Banking,Electronics,2021-12-29,36,1.2,479.11,43,20601.73,574.93,13798.32,126,8.7,4,0,No Complaint,45.35,4,2,3,4,0,,0.047,24+ Months,Low Value,0,Dormant
CUST02477,Male,19,Married,Tier 2,Mobile,UPI,Grocery,2022-12-30,24,0.6,785.53,14,10997.42,471.32,11311.68,164,6.4,4,0,No Complaint,80.94,4,1,3,5,0,,0.071,12-24 Months,Low Value,0,Dormant
CUST02478,Female,33,Married,Tier 1,Desktop,Net Banking,Electronics,2024-03-01,10,1.7,738.63,17,12556.71,1255.67,0.0,106,4.9,1,1,No,32.71,1,2,9,1,1,2024-06-06,0.118,6-12 Months,Mid Value,1,Dormant
CUST02479,Male,55,Married,Tier 1,Mobile,UPI,Electronics,2022-12-30,24,3.8,1361.45,91,123891.95,5173.51,124164.24,155,5.6,3,1,Yes,9.18,1,0,3,5,0,,0.0,12-24 Months,High Value,0,Dormant
CUST02480,Female,63,Married,Tier 3,Mobile,Net Banking,Fashion,2024-03-01,10,2.7,804.47,27,21720.69,2172.07,52129.68,41,2.7,5,1,Yes,57.61,4,6,10,3,0,,0.222,6-12 Months,Mid Value,0,Slipping
CUST02481,Male,18,Single,Tier 1,Tablet,Credit Card,Electronics,2024-12-01,1,1.4,1067.81,1,1067.81,1494.93,0.0,163,4.3,5,1,No,308.49,3,0,1,5,1,2024-12-30,0.0,0-3 Months,Mid Value,1,Dormant
CUST02482,Female,28,Married,Tier 3,Mobile,COD,Sports,2023-12-31,12,0.5,396.43,6,2378.58,198.22,0.0,41,2.8,1,5,Yes,55.97,3,2,3,9,1,2024-11-01,0.333,6-12 Months,Low Value,0,Slipping
CUST02483,Female,52,Married,Tier 1,Mobile,Debit Card,Electronics,2023-07-01,18,7.9,1063.3,142,150988.6,8400.07,201601.68,41,7.1,2,3,Yes,214.53,3,7,4,4,0,,0.049,12-24 Months,High Value,0,Slipping
CUST02484,Male,60,Single,Tier 3,Desktop,UPI,Grocery,2021-12-29,36,0.8,642.35,29,18628.15,513.88,12333.12,158,1.9,1,0,No Complaint,134.39,3,4,2,4,0,,0.138,24+ Months,Low Value,0,Dormant
CUST02485,Male,46,Married,Tier 2,Mobile,Net Banking,Beauty,2024-12-01,1,0.8,610.39,1,610.39,488.31,0.0,100,4.1,5,2,No,132.01,2,0,2,6,1,2024-12-17,0.0,0-3 Months,Low Value,1,Dormant
CUST02486,Female,54,Married,Tier 2,Mobile,UPI,Fashion,2024-01-31,11,2.6,571.04,29,16560.16,1484.7,0.0,144,2.6,1,1,Yes,273.81,2,2,29,6,1,2024-04-09,0.069,6-12 Months,Mid Value,0,Dormant
CUST02487,Male,34,Married,Tier 1,Mobile,UPI,Home & Kitchen,2024-10-31,2,3.7,2586.06,7,18102.42,9568.42,0.0,144,6.3,2,0,No Complaint,173.11,3,2,9,9,1,2024-12-25,0.286,0-3 Months,High Value,0,Dormant
CUST02488,Female,56,Married,Tier 1,Desktop,COD,Electronics,2024-10-01,3,10.4,393.16,31,12187.96,4088.86,98132.64,116,4.8,3,0,No Complaint,31.35,3,1,1,3,0,,0.032,0-3 Months,High Value,0,Dormant
CUST02489,Female,59,Single,Tier 1,Desktop,UPI,Home & Kitchen,2023-07-01,18,8.7,1441.92,157,226381.44,12544.7,0.0,34,4.4,5,2,Yes,44.9,3,6,2,10,1,2023-09-10,0.038,12-24 Months,High Value,0,Slipping
CUST02490,Male,45,Single,Tier 1,Mobile,UPI,Fashion,2024-08-31,4,6.1,869.02,24,20856.48,5301.02,127224.48,124,2.4,4,1,Yes,141.26,1,4,9,3,0,,0.167,3-6 Months,High Value,0,Dormant
CUST02491,Male,46,Married,Tier 1,Mobile,Credit Card,Fashion,2022-12-30,24,1.4,346.53,34,11782.02,485.14,0.0,12,7.1,4,1,No,335.95,5,4,4,1,1,2023-10-08,0.118,12-24 Months,Low Value,1,Active
CUST02492,Male,60,Married,Tier 2,Mobile,COD,Electronics,2024-01-31,11,0.5,729.04,6,4374.24,364.52,8748.48,36,2.8,4,0,No Complaint,29.75,0,0,6,2,0,,0.0,6-12 Months,Low Value,0,Slipping
CUST02493,Female,20,Single,Tier 2,Mobile,UPI,Electronics,2024-08-31,4,2.2,174.93,9,1574.37,384.85,0.0,116,3.8,4,4,No,20.35,5,2,13,2,1,2024-12-07,0.222,3-6 Months,Low Value,1,Dormant
CUST02494,Male,27,Married,Tier 3,Mobile,Debit Card,Home & Kitchen,2024-03-01,10,0.5,2992.05,5,14960.25,1496.02,35904.48,163,4.5,4,1,Yes,131.19,4,1,1,5,0,,0.2,6-12 Months,Mid Value,0,Dormant
CUST02495,Male,59,Married,Tier 2,Mobile,COD,Fashion,2024-12-01,1,0.5,693.92,1,693.92,346.96,0.0,139,5.5,1,3,Yes,37.63,2,0,8,5,1,2024-12-26,0.0,0-3 Months,Low Value,0,Dormant
CUST02496,Male,31,Married,Tier 2,Mobile,Net Banking,Grocery,2022-06-30,30,0.5,1960.29,15,29404.35,980.14,23523.36,60,4.0,4,0,No Complaint,928.09,4,5,5,4,0,,0.333,24+ Months,Mid Value,0,Slipping
CUST02497,Female,29,Married,Tier 2,Mobile,Wallet,Fashion,2024-12-01,1,0.5,2303.12,1,2303.12,1151.56,0.0,148,7.1,4,1,No,0.79,4,0,2,6,1,2024-12-28,0.0,0-3 Months,Mid Value,1,Dormant
CUST02498,Female,64,Single,Tier 2,Tablet,COD,Home & Kitchen,2024-12-01,1,1.6,603.26,2,1206.52,965.22,0.0,174,4.6,4,1,Yes,107.24,2,0,3,0,1,2024-12-14,0.0,0-3 Months,Mid Value,0,Dormant
CUST02499,Female,59,Married,Tier 2,Mobile,Debit Card,Beauty,2023-07-01,18,1.2,916.47,22,20162.34,1099.76,0.0,60,7.5,1,0,No Complaint,31.93,2,3,1,4,1,2024-06-13,0.136,12-24 Months,Mid Value,0,Slipping
CUST02500,Male,47,Single,Tier 3,Mobile,Credit Card,Electronics,2021-12-29,36,1.2,1022.27,43,43957.61,1226.72,29441.28,34,2.8,3,0,No Complaint,205.71,3,0,32,8,0,,0.0,24+ Months,Mid Value,0,Slipping
CUST02501,Female,49,Married,Tier 1,Mobile,UPI,Fashion,2022-06-30,30,4.4,3395.42,132,448195.44,14939.85,358556.4,36,5.5,5,0,No Complaint,179.03,2,9,1,5,0,,0.068,24+ Months,High Value,0,Slipping
CUST02502,Female,49,Single,Tier 1,Tablet,COD,Grocery,2024-08-01,5,2.8,785.33,14,10994.62,2198.92,0.0,72,3.2,4,5,No,296.17,0,2,11,8,1,2024-12-08,0.143,3-6 Months,Mid Value,1,At Risk
CUST02503,Female,59,Married,Tier 2,Desktop,Wallet,Fashion,2024-08-31,4,6.9,864.69,28,24211.32,5966.36,0.0,10,4.2,4,1,Yes,149.17,2,7,5,4,1,2024-10-04,0.25,3-6 Months,High Value,0,Active
CUST02504,Female,49,Married,Tier 1,Desktop,COD,Fashion,2023-07-01,18,1.5,337.2,27,9104.4,505.8,12139.2,88,2.1,4,0,No Complaint,37.79,2,1,5,3,0,,0.037,12-24 Months,Low Value,0,At Risk
CUST02505,Male,43,Married,Tier 3,Mobile,UPI,Grocery,2022-06-30,30,0.8,480.19,24,11524.56,384.15,0.0,132,7.0,2,1,Yes,9.86,3,1,7,4,1,2024-10-17,0.042,24+ Months,Low Value,0,Dormant
CUST02506,Male,18,Married,Tier 3,Desktop,Credit Card,Sports,2024-06-01,7,0.5,632.84,4,2531.36,316.42,0.0,95,7.0,1,1,Yes,230.52,2,1,19,5,1,2024-06-01,0.25,6-12 Months,Low Value,0,Dormant
CUST02507,Female,59,Single,Tier 1,Mobile,Debit Card,Home & Kitchen,2024-04-01,9,2.8,2232.64,25,55816.0,6251.39,150033.36,174,6.7,3,0,No Complaint,104.34,3,7,7,7,0,,0.28,6-12 Months,High Value,0,Dormant
CUST02508,Male,19,Married,Tier 1,Mobile,Debit Card,Grocery,2024-10-31,2,4.6,3378.64,9,30407.76,15541.74,373001.76,83,6.2,3,5,Yes,45.23,4,1,13,5,0,,0.111,0-3 Months,High Value,0,At Risk
CUST02509,Female,34,Single,Tier 2,Mobile,COD,Grocery,2024-10-01,3,0.5,1275.09,2,2550.18,637.54,0.0,3,9.4,5,2,Yes,52.22,3,0,15,2,1,2024-11-06,0.0,0-3 Months,Low Value,0,Active
CUST02510,Female,47,Single,Tier 2,Desktop,Debit Card,Sports,2023-12-31,12,5.3,1147.86,64,73463.04,6083.66,0.0,85,4.9,2,0,No Complaint,29.05,3,3,8,8,1,2024-05-31,0.047,6-12 Months,High Value,0,At Risk
CUST02511,Male,56,Married,Tier 1,Desktop,UPI,Grocery,2024-10-31,2,1.9,1450.12,4,5800.48,2755.23,0.0,167,7.5,3,1,Yes,60.03,4,0,8,3,1,2024-12-23,0.0,0-3 Months,High Value,0,Dormant
CUST02512,Female,24,Married,Tier 2,Desktop,Wallet,Electronics,2024-08-31,4,0.5,555.98,2,1111.96,277.99,0.0,18,4.5,1,1,Yes,282.66,2,0,16,4,1,2024-11-14,0.0,3-6 Months,Low Value,0,Active
CUST02513,Male,44,Married,Tier 2,Desktop,Debit Card,Home & Kitchen,2024-08-31,4,2.6,2375.48,10,23754.8,6176.25,148230.0,40,5.6,3,0,No Complaint,174.48,3,1,1,2,0,,0.1,3-6 Months,High Value,0,Slipping
CUST02514,Male,26,Married,Tier 1,Mobile,UPI,Fashion,2024-04-01,9,1.8,329.73,16,5275.68,593.51,0.0,129,6.0,3,3,Yes,787.31,3,1,8,9,1,2024-12-07,0.062,6-12 Months,Low Value,0,Dormant
CUST02515,Female,39,Married,Tier 1,Mobile,Credit Card,Fashion,2024-12-01,1,0.5,653.04,1,653.04,326.52,0.0,53,1.2,3,2,Yes,133.73,7,0,6,5,1,2024-12-28,0.0,0-3 Months,Low Value,0,Slipping
CUST02516,Female,51,Married,Tier 3,Mobile,Net Banking,Grocery,2024-03-01,10,1.3,1418.45,13,18439.85,1843.98,0.0,137,4.3,3,2,No,132.67,0,1,2,3,1,2024-05-16,0.077,6-12 Months,Mid Value,1,Dormant
CUST02517,Male,63,Married,Tier 1,Desktop,Net Banking,Fashion,2021-12-29,36,3.8,641.09,137,87829.33,2436.14,58467.36,76,4.1,3,0,No Complaint,38.24,2,10,12,2,0,,0.073,24+ Months,Mid Value,0,At Risk
CUST02518,Male,18,Married,Tier 3,Mobile,Credit Card,Electronics,2024-12-01,1,2.0,5053.97,2,10107.94,10107.94,242590.56,143,4.5,3,0,No Complaint,158.94,3,0,3,3,0,,0.0,0-3 Months,High Value,0,Dormant
CUST02519,Female,26,Married,Tier 2,Desktop,UPI,Electronics,2023-07-01,18,0.8,1432.72,14,20058.08,1146.18,0.0,99,3.2,4,0,No Complaint,168.74,5,2,12,2,1,2024-09-30,0.143,12-24 Months,Mid Value,0,Dormant
CUST02520,Female,37,Married,Tier 2,Mobile,UPI,Grocery,2022-06-30,30,6.6,1787.32,198,353889.36,11796.31,283111.44,15,4.8,3,0,No Complaint,41.64,2,7,19,6,0,,0.035,24+ Months,High Value,0,Active
CUST02521,Female,36,Married,Tier 3,Mobile,UPI,Sports,2024-07-01,6,0.7,527.82,4,2111.28,369.47,0.0,70,5.1,1,4,Yes,16.57,4,1,7,6,1,2024-11-15,0.25,3-6 Months,Low Value,0,At Risk
CUST02522,Male,53,Single,Tier 3,Mobile,Debit Card,Fashion,2024-10-01,3,0.7,1764.26,2,3528.52,1234.98,0.0,60,2.7,3,2,Yes,82.82,9,0,13,9,1,2024-12-01,0.0,0-3 Months,Mid Value,0,Slipping
CUST02523,Male,57,Married,Tier 2,Mobile,Debit Card,Electronics,2024-12-01,1,1.1,1582.93,1,1582.93,1741.22,0.0,146,4.6,5,0,No Complaint,34.0,2,0,2,5,1,2024-12-12,0.0,0-3 Months,Mid Value,0,Dormant
CUST02524,Male,62,Married,Tier 1,Desktop,Debit Card,Fashion,2023-07-01,18,5.6,2684.32,101,271116.32,15032.19,360772.56,112,4.1,2,1,Yes,125.92,3,1,1,1,0,,0.01,12-24 Months,High Value,0,Dormant
CUST02525,Female,21,Single,Tier 3,Mobile,COD,Grocery,2023-12-31,12,1.8,193.54,22,4257.88,348.37,0.0,140,6.7,5,0,No Complaint,134.42,2,6,7,2,1,2024-06-18,0.273,6-12 Months,Low Value,0,Dormant
CUST02526,Male,26,Single,Tier 2,Mobile,UPI,Beauty,2024-08-31,4,2.9,519.88,12,6238.56,1507.65,0.0,67,5.5,3,0,No Complaint,168.64,2,1,4,7,1,2024-11-09,0.083,3-6 Months,Mid Value,0,At Risk
CUST02527,Male,58,Married,Tier 1,Mobile,UPI,Electronics,2022-06-30,30,9.4,1136.21,282,320411.22,10680.37,0.0,124,3.1,1,0,No Complaint,166.21,3,36,4,3,1,2024-08-19,0.128,24+ Months,High Value,0,Dormant
CUST02528,Female,39,Single,Tier 3,Mobile,Credit Card,Fashion,2022-12-30,24,3.8,1160.25,91,105582.75,4408.95,105814.8,12,6.3,3,0,No Complaint,202.24,2,32,1,5,0,,0.352,12-24 Months,High Value,0,Active
CUST02529,Male,35,Married,Tier 1,Mobile,UPI,Grocery,2024-08-01,5,0.5,869.98,2,1739.96,434.99,0.0,7,4.4,1,0,No Complaint,47.15,3,0,22,2,1,2024-12-18,0.0,3-6 Months,Low Value,0,Active
CUST02530,Female,29,Single,Tier 1,Mobile,UPI,Grocery,2022-12-30,24,3.9,308.11,94,28962.34,1201.63,28839.12,52,4.6,4,0,No Complaint,236.24,2,2,1,6,0,,0.021,12-24 Months,Mid Value,0,Slipping
CUST02531,Female,59,Single,Tier 1,Desktop,Debit Card,Fashion,2024-08-01,5,3.4,1030.25,17,17514.25,3502.85,0.0,139,2.8,3,1,Yes,133.93,4,1,3,8,1,2024-11-05,0.059,3-6 Months,High Value,0,Dormant
CUST02532,Female,60,Married,Tier 2,Mobile,COD,Electronics,2023-07-01,18,0.7,1114.27,13,14485.51,779.99,18719.76,96,4.9,5,0,No Complaint,103.5,2,1,5,3,0,,0.077,12-24 Months,Low Value,0,Dormant
CUST02533,Male,56,Single,Tier 2,Mobile,COD,Electronics,2024-10-31,2,1.0,895.96,2,1791.92,895.96,0.0,74,6.2,4,1,No,187.89,2,1,11,3,1,2024-11-29,0.5,0-3 Months,Mid Value,1,At Risk
CUST02534,Male,26,Married,Tier 1,Mobile,COD,Sports,2022-12-30,24,3.1,874.99,74,64749.26,2712.47,65099.28,161,4.1,4,3,No,125.22,2,4,8,4,0,,0.054,12-24 Months,High Value,1,Dormant
CUST02535,Female,23,Married,Tier 1,Mobile,Debit Card,Home & Kitchen,2024-08-31,4,0.7,1736.34,3,5209.02,1215.44,0.0,90,7.3,4,0,No Complaint,134.25,7,1,1,5,1,2024-12-28,0.333,3-6 Months,Mid Value,0,At Risk
CUST02536,Female,36,Married,Tier 1,Mobile,COD,Beauty,2023-12-31,12,0.6,806.07,7,5642.49,483.64,11607.36,110,6.1,4,2,No,4.23,3,2,1,9,0,,0.286,6-12 Months,Low Value,1,Dormant
CUST02537,Female,64,Married,Tier 2,Mobile,UPI,Home & Kitchen,2024-10-01,3,3.0,374.25,9,3368.25,1122.75,0.0,177,3.0,3,0,No Complaint,291.54,4,1,7,10,1,2024-11-11,0.111,0-3 Months,Mid Value,0,Dormant
CUST02538,Male,24,Single,Tier 1,Mobile,Wallet,Beauty,2022-12-30,24,5.3,2398.06,127,304553.62,12709.72,0.0,94,5.0,2,1,Yes,99.35,1,23,1,3,1,2023-07-11,0.181,12-24 Months,High Value,0,Dormant
CUST02539,Female,33,Single,Tier 3,Desktop,UPI,Home & Kitchen,2024-12-01,1,0.5,2305.27,1,2305.27,1152.64,27663.36,141,2.0,3,0,No Complaint,131.39,2,0,7,10,0,,0.0,0-3 Months,Mid Value,0,Dormant
CUST02540,Female,22,Single,Tier 1,Mobile,UPI,Fashion,2024-10-01,3,1.5,873.26,4,3493.04,1309.89,0.0,75,2.8,2,1,Yes,88.95,6,1,2,4,1,2024-12-29,0.25,0-3 Months,Mid Value,0,At Risk
CUST02541,Female,33,Single,Tier 3,Desktop,UPI,Electronics,2024-10-01,3,2.3,1656.64,7,11596.48,3810.27,91446.48,7,1.4,3,2,Yes,144.34,3,0,2,1,0,,0.0,0-3 Months,High Value,0,Active
CUST02542,Female,18,Married,Tier 1,Tablet,Wallet,Beauty,2024-12-01,1,2.8,308.95,3,926.85,865.06,0.0,150,1.6,4,0,No Complaint,10.0,2,0,2,3,1,2024-12-08,0.0,0-3 Months,Low Value,0,Dormant
CUST02543,Female,54,Single,Tier 3,Mobile,Wallet,Grocery,2022-12-30,24,13.9,811.49,334,271037.66,11279.71,0.0,170,4.0,4,0,No Complaint,87.18,1,107,12,3,1,2024-08-06,0.32,12-24 Months,High Value,0,Dormant
CUST02544,Female,56,Married,Tier 1,Mobile,COD,Fashion,2021-12-29,36,2.9,270.44,104,28125.76,784.28,0.0,78,4.2,2,1,Yes,198.84,5,2,5,10,1,2024-02-21,0.019,24+ Months,Low Value,0,At Risk
CUST02545,Male,36,Single,Tier 1,Mobile,Debit Card,Electronics,2022-12-30,24,2.4,1972.87,58,114426.46,4734.89,0.0,91,4.9,1,0,No Complaint,501.81,1,16,2,3,1,2023-08-26,0.276,12-24 Months,High Value,0,Dormant
CUST02546,Male,54,Married,Tier 3,Mobile,Debit Card,Electronics,2022-06-30,30,11.4,315.08,342,107757.36,3591.91,86205.84,76,2.9,2,0,No Complaint,340.5,0,104,1,2,0,,0.304,24+ Months,High Value,0,At Risk
CUST02547,Male,34,Single,Tier 3,Desktop,Wallet,Fashion,2024-12-01,1,0.5,673.21,1,673.21,336.6,0.0,179,6.0,1,0,No Complaint,592.55,1,0,5,7,1,2024-12-28,0.0,0-3 Months,Low Value,0,Dormant
CUST02548,Male,43,Single,Tier 2,Desktop,Debit Card,Electronics,2024-10-31,2,0.5,1044.2,1,1044.2,522.1,0.0,162,4.1,3,0,No Complaint,273.79,4,0,6,1,1,2024-12-19,0.0,0-3 Months,Low Value,0,Dormant
CUST02549,Male,39,Married,Tier 2,Mobile,Wallet,Grocery,2023-12-31,12,2.1,1598.38,25,39959.5,3356.6,80558.4,8,5.1,3,0,No Complaint,180.24,4,1,7,2,0,,0.04,6-12 Months,High Value,0,Active
CUST02550,Male,25,Married,Tier 2,Mobile,UPI,Home & Kitchen,2021-12-29,36,1.1,1298.64,40,51945.6,1428.5,34284.0,140,1.0,3,1,Yes,99.07,2,4,1,6,0,,0.1,24+ Months,Mid Value,0,Dormant
CUST02551,Male,50,Married,Tier 3,Mobile,Credit Card,Beauty,2023-07-01,18,0.5,1998.39,9,17985.51,999.2,23980.8,108,4.5,3,0,No Complaint,23.65,2,1,4,4,0,,0.111,12-24 Months,Mid Value,0,Dormant
CUST02552,Male,19,Married,Tier 1,Mobile,Net Banking,Home & Kitchen,2024-06-01,7,0.9,1576.11,6,9456.66,1418.5,0.0,5,5.9,3,1,Yes,51.98,3,1,3,6,1,2024-09-14,0.167,6-12 Months,Mid Value,0,Active
CUST02553,Female,47,Married,Tier 2,Desktop,UPI,Home & Kitchen,2024-10-01,3,2.8,2243.87,8,17950.96,6282.84,150788.16,80,1.0,2,2,Yes,56.94,3,1,3,6,0,,0.125,0-3 Months,High Value,0,At Risk
CUST02554,Female,64,Married,Tier 2,Mobile,Wallet,Electronics,2024-10-01,3,5.3,262.82,16,4205.12,1392.95,0.0,27,4.6,3,4,Yes,100.51,2,0,18,2,1,2024-10-06,0.0,0-3 Months,Mid Value,0,Active
CUST02555,Male,37,Single,Tier 2,Mobile,Credit Card,Electronics,2024-06-01,7,0.5,639.55,4,2558.2,319.77,7674.48,157,3.1,3,0,No Complaint,169.42,3,0,4,4,0,,0.0,6-12 Months,Low Value,0,Dormant
CUST02556,Female,35,Single,Tier 3,Desktop,Net Banking,Fashion,2022-12-30,24,1.9,1231.47,46,56647.62,2339.79,0.0,3,7.3,2,1,Yes,173.53,2,5,8,1,1,2023-11-20,0.109,12-24 Months,Mid Value,0,Active
CUST02557,Male,60,Married,Tier 1,Mobile,Credit Card,Home & Kitchen,2024-12-01,1,0.9,2701.63,1,2701.63,2431.47,58355.28,157,2.2,5,1,Yes,109.43,2,0,17,4,0,,0.0,0-3 Months,Mid Value,0,Dormant
CUST02558,Male,27,Single,Tier 1,Mobile,COD,Fashion,2022-06-30,30,2.8,630.48,84,52960.32,1765.34,42368.16,169,8.4,4,3,Yes,57.8,6,8,1,6,0,,0.095,24+ Months,Mid Value,0,Dormant
CUST02559,Male,41,Single,Tier 2,Mobile,Credit Card,Beauty,2021-12-29,36,2.0,3553.17,72,255828.24,7106.34,0.0,14,6.8,3,3,Yes,10.47,6,33,11,5,1,2024-08-23,0.458,24+ Months,High Value,0,Active
CUST02560,Male,21,Single,Tier 2,Mobile,Debit Card,Electronics,2021-12-29,36,6.5,1149.57,234,268999.38,7472.2,179332.8,129,4.7,2,2,Yes,809.12,1,34,8,3,0,,0.145,24+ Months,High Value,0,Dormant
CUST02561,Female,54,Single,Tier 1,Desktop,Credit Card,Sports,2021-12-29,36,0.5,545.59,18,9820.62,272.8,0.0,99,1.9,2,1,No,505.1,2,2,19,5,1,2024-02-17,0.111,24+ Months,Low Value,1,Dormant
CUST02562,Female,21,Married,Tier 2,Desktop,Wallet,Electronics,2024-12-01,1,1.6,400.15,2,800.3,640.24,0.0,171,3.7,2,0,No Complaint,36.36,8,0,5,3,1,2024-12-13,0.0,0-3 Months,Low Value,0,Dormant
CUST02563,Male,30,Single,Tier 3,Mobile,Debit Card,Beauty,2021-12-29,36,0.5,1502.65,18,27047.7,751.32,0.0,143,5.7,2,0,No Complaint,167.38,2,2,25,7,1,2022-11-05,0.111,24+ Months,Low Value,0,Dormant
CUST02564,Male,42,Single,Tier 1,Tablet,UPI,Electronics,2024-06-01,7,1.9,573.59,13,7456.67,1089.82,0.0,125,4.7,3,1,No,63.09,2,3,5,3,1,2024-10-05,0.231,6-12 Months,Mid Value,1,Dormant
CUST02565,Male,30,Single,Tier 2,Mobile,Net Banking,Electronics,2022-06-30,30,4.8,742.08,144,106859.52,3561.98,0.0,166,2.5,3,0,No Complaint,38.92,2,34,1,5,1,2022-08-06,0.236,24+ Months,High Value,0,Dormant
CUST02566,Male,35,Married,Tier 2,Desktop,UPI,Grocery,2024-10-01,3,6.1,1005.7,18,18102.6,6134.77,147234.48,29,6.5,5,0,No Complaint,207.6,3,2,12,8,0,,0.111,0-3 Months,High Value,0,Active
CUST02567,Male,41,Married,Tier 2,Desktop,Credit Card,Sports,2024-04-01,9,1.3,1032.42,12,12389.04,1342.15,0.0,68,4.3,5,3,Yes,277.68,1,0,1,6,1,2024-06-04,0.0,6-12 Months,Mid Value,0,At Risk
CUST02568,Male,19,Single,Tier 3,Mobile,UPI,Grocery,2024-12-01,1,4.2,3424.62,4,13698.48,14383.4,0.0,151,5.0,4,4,Yes,93.94,7,0,27,6,1,2024-12-17,0.0,0-3 Months,High Value,0,Dormant
CUST02569,Female,50,Married,Tier 2,Desktop,Net Banking,Home & Kitchen,2024-12-01,1,0.8,1182.86,1,1182.86,946.29,0.0,19,6.3,5,0,No Complaint,10.96,5,0,1,4,1,2024-12-31,0.0,0-3 Months,Mid Value,0,Active
CUST02570,Female,36,Single,Tier 2,Mobile,UPI,Beauty,2021-12-29,36,0.5,587.96,18,10583.28,293.98,0.0,168,6.1,3,3,Yes,92.4,3,0,10,3,1,2023-11-08,0.0,24+ Months,Low Value,0,Dormant
CUST02571,Male,26,Married,Tier 2,Mobile,UPI,Beauty,2022-06-30,30,4.8,532.46,144,76674.24,2555.81,61339.44,134,6.4,4,4,Yes,136.75,3,17,1,2,0,,0.118,24+ Months,High Value,0,Dormant
CUST02572,Female,45,Married,Tier 2,Desktop,Net Banking,Electronics,2024-01-31,11,0.5,2884.4,6,17306.4,1442.2,0.0,79,5.8,1,1,Yes,402.65,4,0,6,3,1,2024-03-22,0.0,6-12 Months,Mid Value,0,At Risk
CUST02573,Male,52,Married,Tier 2,Desktop,COD,Electronics,2024-01-31,11,0.5,625.88,6,3755.28,312.94,7510.56,61,3.3,5,0,No Complaint,192.5,4,0,1,2,0,,0.0,6-12 Months,Low Value,0,At Risk
CUST02574,Male,56,Single,Tier 3,Desktop,UPI,Fashion,2022-12-30,24,1.1,1351.99,26,35151.74,1487.19,35692.56,27,4.4,4,3,Yes,223.13,2,4,7,4,0,,0.154,12-24 Months,Mid Value,0,Active
CUST02575,Male,27,Single,Tier 2,Mobile,COD,Sports,2024-06-01,7,1.2,1027.15,8,8217.2,1232.58,29581.92,17,6.9,3,0,No Complaint,40.76,4,3,7,11,0,,0.375,6-12 Months,Mid Value,0,Active
CUST02576,Female,18,Single,Tier 1,Mobile,Net Banking,Sports,2022-12-30,24,0.5,1205.22,12,14462.64,602.61,14462.64,76,2.1,4,2,Yes,229.31,2,3,1,7,0,,0.25,12-24 Months,Low Value,0,At Risk
CUST02577,Female,59,Single,Tier 1,Mobile,UPI,Beauty,2024-03-01,10,4.2,2389.41,42,100355.22,10035.52,240852.48,151,2.5,1,0,No Complaint,125.42,2,1,1,6,0,,0.024,6-12 Months,High Value,0,Dormant
CUST02578,Female,38,Single,Tier 1,Tablet,COD,Electronics,2023-07-01,18,1.3,1094.36,23,25170.28,1422.67,0.0,96,5.5,3,1,No,309.08,4,5,10,3,1,2024-09-23,0.217,12-24 Months,Mid Value,1,Dormant
CUST02579,Male,26,Single,Tier 1,Mobile,Debit Card,Fashion,2021-12-29,36,1.7,1591.19,61,97062.59,2705.02,64920.48,81,4.3,5,0,No Complaint,43.89,2,6,9,4,0,,0.098,24+ Months,High Value,0,At Risk
CUST02580,Female,64,Single,Tier 3,Desktop,Debit Card,Sports,2024-03-01,10,0.8,1112.12,8,8896.96,889.7,0.0,58,1.5,3,1,Yes,130.2,3,1,3,4,1,2024-04-21,0.125,6-12 Months,Mid Value,0,Slipping
CUST02581,Male,32,Married,Tier 2,Mobile,Credit Card,Fashion,2024-05-01,8,1.8,653.61,14,9150.54,1176.5,28236.0,29,5.8,4,2,No,42.31,3,1,2,1,0,,0.071,6-12 Months,Mid Value,1,Active
CUST02582,Female,52,Single,Tier 2,Mobile,Debit Card,Home & Kitchen,2021-12-29,36,3.6,1268.82,130,164946.6,4567.75,0.0,178,5.3,3,0,No Complaint,60.62,2,13,9,8,1,2024-12-10,0.1,24+ Months,High Value,0,Dormant
CUST02583,Male,22,Married,Tier 2,Mobile,UPI,Electronics,2021-12-29,36,5.9,569.28,212,120687.36,3358.75,0.0,5,9.2,3,1,Yes,321.3,0,5,6,6,1,2024-07-21,0.024,24+ Months,High Value,0,Active
CUST02584,Male,58,Married,Tier 3,Tablet,COD,Electronics,2021-12-29,36,8.8,397.61,317,126042.37,3498.97,83975.28,56,4.8,4,3,No,209.54,4,123,2,4,0,,0.388,24+ Months,High Value,1,Slipping
CUST02585,Female,39,Married,Tier 2,Mobile,UPI,Home & Kitchen,2023-12-31,12,1.4,1348.95,17,22932.15,1888.53,0.0,138,8.3,5,3,Yes,234.67,2,4,31,8,1,2024-01-07,0.235,6-12 Months,Mid Value,0,Dormant
CUST02586,Female,58,Married,Tier 3,Tablet,Credit Card,Fashion,2024-06-01,7,11.5,1242.41,80,99392.8,14287.72,342905.28,94,6.3,2,3,No,12.78,3,8,4,5,0,,0.1,6-12 Months,High Value,1,Dormant
CUST02587,Male,40,Married,Tier 2,Mobile,UPI,Electronics,2024-08-01,5,0.9,1156.25,4,4625.0,1040.62,0.0,57,1.1,3,1,Yes,234.85,1,0,9,3,1,2024-09-06,0.0,3-6 Months,Mid Value,0,Slipping
CUST02588,Female,24,Married,Tier 3,Mobile,COD,Sports,2024-12-01,1,0.5,883.51,1,883.51,441.76,0.0,178,4.6,4,2,Yes,121.7,4,0,17,3,1,2024-12-14,0.0,0-3 Months,Low Value,0,Dormant
CUST02589,Male,40,Single,Tier 2,Desktop,UPI,Beauty,2022-12-30,24,3.6,853.58,86,73407.88,3072.89,73749.36,111,4.4,4,0,No Complaint,110.63,3,2,25,8,0,,0.023,12-24 Months,High Value,0,Dormant
CUST02590,Female,61,Married,Tier 1,Desktop,Credit Card,Beauty,2024-08-31,4,0.5,420.56,2,841.12,210.28,0.0,53,4.3,4,0,No Complaint,95.78,4,0,18,5,1,2024-12-20,0.0,3-6 Months,Low Value,0,Slipping
CUST02591,Female,42,Married,Tier 2,Desktop,Credit Card,Beauty,2023-07-01,18,0.5,243.8,9,2194.2,121.9,2925.6,152,2.9,5,0,No Complaint,343.65,4,1,7,3,0,,0.111,12-24 Months,Low Value,0,Dormant
CUST02592,Female,44,Single,Tier 2,Mobile,COD,Fashion,2021-12-29,36,6.4,1671.49,230,384442.7,10697.54,256740.96,27,5.9,4,0,No Complaint,35.17,1,15,2,5,0,,0.065,24+ Months,High Value,0,Active
CUST02593,Female,58,Single,Tier 1,Mobile,Credit Card,Fashion,2021-12-29,36,3.9,1655.82,140,231814.8,6457.7,154984.8,83,3.9,3,0,No Complaint,302.87,2,12,21,5,0,,0.086,24+ Months,High Value,0,At Risk
CUST02594,Male,23,Married,Tier 2,Mobile,COD,Electronics,2024-12-01,1,0.5,753.23,1,753.23,376.62,0.0,151,6.6,1,1,Yes,474.41,2,0,30,5,1,2024-12-21,0.0,0-3 Months,Low Value,0,Dormant
CUST02595,Male,51,Married,Tier 1,Mobile,UPI,Electronics,2024-07-01,6,3.8,2515.6,23,57858.8,9559.28,0.0,177,6.4,2,0,No Complaint,33.16,2,4,1,2,1,2024-08-09,0.174,3-6 Months,High Value,0,Dormant
CUST02596,Female,26,Married,Tier 1,Tablet,UPI,Electronics,2022-06-30,30,4.6,1274.06,138,175820.28,5860.68,140656.32,69,4.1,4,0,No Complaint,1406.54,3,26,19,7,0,,0.188,24+ Months,High Value,0,At Risk
CUST02597,Male,50,Single,Tier 3,Mobile,Debit Card,Beauty,2024-01-31,11,5.9,1137.45,65,73934.25,6710.96,161063.04,25,3.4,5,0,No Complaint,838.81,2,9,17,2,0,,0.138,6-12 Months,High Value,0,Active
CUST02598,Male,23,Married,Tier 2,Mobile,Wallet,Fashion,2022-06-30,30,2.0,3685.84,60,221150.4,7371.68,0.0,102,3.5,4,0,No Complaint,174.79,5,1,5,3,1,2022-09-14,0.017,24+ Months,High Value,0,Dormant
CUST02599,Male,54,Single,Tier 3,Mobile,UPI,Grocery,2022-06-30,30,3.0,372.98,90,33568.2,1118.94,0.0,169,4.5,4,3,No,56.29,3,7,13,8,1,2023-10-23,0.078,24+ Months,Mid Value,1,Dormant
CUST02600,Male,48,Married,Tier 2,Mobile,UPI,Fashion,2024-04-01,9,3.6,868.66,32,27797.12,3127.18,0.0,120,5.1,4,1,Yes,101.06,4,12,24,2,1,2024-08-14,0.375,6-12 Months,High Value,0,Dormant
CUST02601,Female,51,Single,Tier 2,Mobile,UPI,Fashion,2024-06-01,7,2.9,494.51,20,9890.2,1434.08,0.0,108,3.7,2,1,Yes,33.62,3,0,3,6,1,2024-08-26,0.0,6-12 Months,Mid Value,0,Dormant
CUST02602,Male,58,Married,Tier 2,Mobile,Debit Card,Electronics,2024-04-01,9,2.6,694.09,23,15964.07,1804.63,0.0,56,3.8,2,0,No Complaint,23.05,4,0,5,3,1,2024-10-21,0.0,6-12 Months,Mid Value,0,Slipping
CUST02603,Female,46,Single,Tier 2,Mobile,Credit Card,Home & Kitchen,2023-07-01,18,2.0,856.55,36,30835.8,1713.1,0.0,109,5.0,3,1,Yes,219.15,4,8,1,3,1,2023-09-21,0.222,12-24 Months,Mid Value,0,Dormant
CUST02604,Male,31,Single,Tier 3,Mobile,COD,Fashion,2024-06-01,7,1.6,870.33,11,9573.63,1392.53,33420.72,159,6.4,5,1,Yes,156.08,2,2,3,4,0,,0.182,6-12 Months,Mid Value,0,Dormant
CUST02605,Male,53,Single,Tier 1,Tablet,UPI,Grocery,2022-12-30,24,13.9,423.53,334,141459.02,5887.07,141289.68,68,4.9,5,0,No Complaint,149.24,2,39,17,2,0,,0.117,12-24 Months,High Value,0,At Risk
CUST02606,Male,53,Single,Tier 3,Mobile,UPI,Grocery,2021-12-29,36,1.0,941.63,36,33898.68,941.63,22599.12,44,4.4,4,5,No,51.25,3,2,2,3,0,,0.056,24+ Months,Mid Value,1,Slipping
CUST02607,Male,32,Married,Tier 3,Mobile,UPI,Fashion,2024-08-01,5,0.5,504.0,2,1008.0,252.0,0.0,87,4.9,3,3,No,48.2,3,0,23,5,1,2024-10-24,0.0,3-6 Months,Low Value,1,At Risk
CUST02608,Male,25,Single,Tier 2,Tablet,Debit Card,Grocery,2021-12-29,36,3.6,2074.87,130,269733.1,7469.53,179268.72,68,1.3,4,5,Yes,824.21,3,19,7,0,0,,0.146,24+ Months,High Value,0,At Risk
CUST02609,Female,43,Single,Tier 3,Desktop,Debit Card,Home & Kitchen,2023-07-01,18,0.6,1533.3,11,16866.3,919.98,22079.52,85,4.1,3,0,No Complaint,178.37,2,2,10,2,0,,0.182,12-24 Months,Mid Value,0,At Risk
CUST02610,Male,53,Single,Tier 2,Tablet,UPI,Grocery,2022-06-30,30,1.9,1142.22,57,65106.54,2170.22,52085.28,18,2.2,4,2,Yes,308.12,1,2,4,3,0,,0.035,24+ Months,Mid Value,0,Active
CUST02611,Female,38,Married,Tier 3,Tablet,Wallet,Fashion,2024-10-31,2,0.5,643.47,1,643.47,321.74,0.0,61,3.5,3,0,No Complaint,85.61,1,0,2,2,1,2024-12-24,0.0,0-3 Months,Low Value,0,At Risk
CUST02612,Male,45,Single,Tier 2,Mobile,Credit Card,Grocery,2024-08-01,5,2.4,1000.58,12,12006.96,2401.39,0.0,148,2.9,2,2,Yes,334.05,2,2,5,5,1,2024-12-15,0.167,3-6 Months,Mid Value,0,Dormant
CUST02613,Male,21,Single,Tier 1,Desktop,COD,Grocery,2024-07-01,6,7.2,1472.58,43,63320.94,10602.58,254461.92,72,2.8,3,4,Yes,230.67,2,8,3,2,0,,0.186,3-6 Months,High Value,0,At Risk
CUST02614,Female,33,Married,Tier 3,Mobile,Debit Card,Fashion,2024-07-01,6,3.2,707.5,19,13442.5,2264.0,54336.0,174,2.7,4,0,No Complaint,77.58,2,2,6,8,0,,0.105,3-6 Months,Mid Value,0,Dormant
CUST02615,Male,39,Married,Tier 2,Mobile,UPI,Fashion,2024-10-01,3,0.6,295.01,2,590.02,177.01,0.0,127,8.7,4,0,No Complaint,227.66,1,0,1,1,1,2024-11-18,0.0,0-3 Months,Low Value,0,Dormant
CUST02616,Male,29,Married,Tier 2,Desktop,COD,Fashion,2022-06-30,30,8.9,1485.31,267,396577.77,13219.26,317262.24,66,4.4,2,0,No Complaint,467.75,5,32,20,1,0,,0.12,24+ Months,High Value,0,At Risk
CUST02617,Male,33,Married,Tier 2,Mobile,COD,Fashion,2024-05-01,8,0.9,1300.86,7,9106.02,1170.77,28098.48,46,6.7,5,2,Yes,43.28,2,0,3,4,0,,0.0,6-12 Months,Mid Value,0,Slipping
CUST02618,Male,57,Single,Tier 1,Desktop,Credit Card,Fashion,2021-12-29,36,1.4,1124.21,50,56210.5,1573.89,37773.36,123,5.9,5,1,Yes,142.79,2,10,8,7,0,,0.2,24+ Months,Mid Value,0,Dormant
CUST02619,Female,55,Married,Tier 2,Desktop,Debit Card,Electronics,2023-07-01,18,1.7,527.87,31,16363.97,897.38,21537.12,55,5.7,4,1,No,612.13,5,1,8,5,0,,0.032,12-24 Months,Mid Value,1,Slipping
CUST02620,Male,59,Married,Tier 3,Mobile,UPI,Electronics,2024-10-01,3,11.7,1757.97,35,61528.95,20568.25,493638.0,166,5.5,4,2,Yes,310.07,2,5,2,4,0,,0.143,0-3 Months,High Value,0,Dormant
CUST02621,Female,54,Married,Tier 1,Desktop,Debit Card,Home & Kitchen,2023-12-31,12,0.5,2006.63,6,12039.78,1003.32,0.0,21,8.3,3,2,No,174.3,4,0,46,3,1,2024-06-10,0.0,6-12 Months,Mid Value,1,Active
CUST02622,Female,46,Single,Tier 1,Mobile,UPI,Grocery,2021-12-29,36,3.0,1093.45,108,118092.6,3280.35,0.0,6,5.3,5,4,No,13.02,1,19,5,6,1,2024-09-23,0.176,24+ Months,High Value,1,Active
CUST02623,Male,35,Married,Tier 1,Mobile,COD,Home & Kitchen,2023-12-31,12,1.1,680.37,13,8844.81,748.41,17961.84,40,1.3,3,0,No Complaint,93.86,3,1,11,5,0,,0.077,6-12 Months,Low Value,0,Slipping
CUST02624,Female,27,Single,Tier 2,Desktop,UPI,Grocery,2024-12-01,1,0.5,690.43,1,690.43,345.22,0.0,109,4.2,2,0,No Complaint,189.36,4,0,1,3,1,2024-12-28,0.0,0-3 Months,Low Value,0,Dormant
CUST02625,Male,59,Married,Tier 2,Mobile,UPI,Fashion,2021-12-29,36,6.8,680.77,245,166788.65,4629.24,111101.76,150,2.6,4,3,Yes,94.87,2,39,2,1,0,,0.159,24+ Months,High Value,0,Dormant
CUST02626,Female,56,Single,Tier 3,Desktop,UPI,Electronics,2024-08-31,4,2.2,659.37,9,5934.33,1450.61,0.0,31,2.0,3,0,No Complaint,1050.75,0,2,1,4,1,2024-11-08,0.222,3-6 Months,Mid Value,0,Slipping
CUST02627,Male,35,Single,Tier 3,Mobile,UPI,Home & Kitchen,2022-12-30,24,3.5,700.8,84,58867.2,2452.8,0.0,105,5.3,5,1,No,251.99,8,1,3,6,1,2023-02-04,0.012,12-24 Months,Mid Value,1,Dormant
CUST02628,Female,18,Married,Tier 2,Mobile,Credit Card,Fashion,2024-01-31,11,0.7,1125.78,8,9006.24,788.05,18913.2,26,1.0,4,4,Yes,37.28,3,0,11,3,0,,0.0,6-12 Months,Low Value,0,Active
CUST02629,Male,56,Single,Tier 1,Desktop,UPI,Fashion,2024-07-01,6,3.6,1681.64,22,36996.08,6053.9,0.0,101,4.7,2,2,Yes,121.34,4,2,1,4,1,2024-12-06,0.091,3-6 Months,High Value,0,Dormant
CUST02630,Male,38,Married,Tier 3,Mobile,COD,Electronics,2024-08-01,5,4.4,2479.42,22,54547.24,10909.45,261826.8,4,1.5,5,1,No,87.2,1,7,4,2,0,,0.318,3-6 Months,High Value,1,Active
CUST02631,Female,18,Married,Tier 3,Mobile,UPI,Electronics,2021-12-29,36,1.4,473.82,50,23691.0,663.35,15920.4,100,4.2,4,0,No Complaint,162.18,6,11,2,2,0,,0.22,24+ Months,Low Value,0,Dormant
CUST02632,Female,32,Married,Tier 2,Mobile,COD,Electronics,2021-12-29,36,2.1,531.28,76,40377.28,1115.69,0.0,94,5.9,4,3,Yes,106.49,7,1,2,2,1,2022-05-18,0.013,24+ Months,Mid Value,0,Dormant
CUST02633,Male,21,Single,Tier 2,Desktop,Debit Card,Fashion,2024-01-31,11,8.9,1621.23,98,158880.54,14428.95,346294.8,8,3.3,3,0,No Complaint,48.9,4,51,1,5,0,,0.52,6-12 Months,High Value,0,Active
CUST02634,Male,37,Married,Tier 3,Mobile,Wallet,Fashion,2024-08-01,5,4.7,473.87,24,11372.88,2227.19,53452.56,124,2.4,5,0,No Complaint,231.97,4,0,6,7,0,,0.0,3-6 Months,Mid Value,0,Dormant
CUST02635,Female,27,Married,Tier 2,Desktop,Wallet,Beauty,2024-10-31,2,1.5,399.04,3,1197.12,598.56,0.0,103,3.9,3,4,Yes,20.3,2,1,1,4,1,2024-11-15,0.333,0-3 Months,Low Value,0,Dormant
CUST02636,Female,40,Single,Tier 2,Mobile,Net Banking,Electronics,2024-10-01,3,2.7,464.11,8,3712.88,1253.1,0.0,112,5.6,1,1,Yes,136.72,6,2,3,3,1,2024-12-20,0.25,0-3 Months,Mid Value,0,Dormant
CUST02637,Female,58,Married,Tier 2,Mobile,COD,Grocery,2024-01-31,11,3.8,793.68,42,33334.56,3015.98,72383.52,95,5.0,4,1,No,66.83,7,2,4,0,0,,0.048,6-12 Months,High Value,1,Dormant
CUST02638,Female,51,Single,Tier 1,Desktop,Credit Card,Grocery,2024-07-01,6,0.5,2821.37,3,8464.11,1410.68,33856.32,130,4.4,5,1,No,611.48,4,0,2,5,0,,0.0,3-6 Months,Mid Value,1,Dormant
CUST02639,Female,63,Single,Tier 2,Mobile,COD,Grocery,2024-12-01,1,2.2,820.99,2,1641.98,1806.18,43348.32,94,3.0,3,0,No Complaint,65.12,4,0,5,5,0,,0.0,0-3 Months,Mid Value,0,Dormant
CUST02640,Female,50,Married,Tier 2,Mobile,Wallet,Fashion,2024-04-01,9,10.4,1087.87,94,102259.78,11313.85,271532.4,166,3.8,3,1,Yes,75.05,3,27,1,4,0,,0.287,6-12 Months,High Value,0,Dormant
CUST02641,Male,51,Married,Tier 1,Desktop,UPI,Grocery,2022-12-30,24,7.4,388.11,178,69083.58,2872.01,68928.24,169,5.7,4,2,Yes,221.02,4,17,10,3,0,,0.096,12-24 Months,High Value,0,Dormant
CUST02642,Male,56,Single,Tier 1,Desktop,Debit Card,Fashion,2021-12-29,36,4.5,1904.53,162,308533.86,8570.38,0.0,131,4.3,4,0,No Complaint,24.75,5,11,3,5,1,2023-08-09,0.068,24+ Months,High Value,0,Dormant
CUST02643,Female,27,Single,Tier 1,Mobile,UPI,Electronics,2023-07-01,18,0.5,1652.53,9,14872.77,826.26,0.0,164,4.9,3,1,Yes,70.65,5,0,6,3,1,2024-02-18,0.0,12-24 Months,Low Value,0,Dormant
CUST02644,Female,37,Married,Tier 2,Mobile,Debit Card,Grocery,2022-12-30,24,12.8,646.67,307,198527.69,8277.38,0.0,166,3.9,5,0,No Complaint,214.28,4,44,1,8,1,2023-04-01,0.143,12-24 Months,High Value,0,Dormant
CUST02645,Male,18,Single,Tier 3,Desktop,Credit Card,Fashion,2024-06-01,7,2.4,555.0,17,9435.0,1332.0,31968.0,47,2.5,2,1,Yes,5.62,3,2,1,4,0,,0.118,6-12 Months,Mid Value,0,Slipping
CUST02646,Male,30,Single,Tier 3,Desktop,Debit Card,Fashion,2024-03-01,10,0.6,1755.62,6,10533.72,1053.37,0.0,178,8.1,3,2,Yes,67.05,6,0,3,5,1,2024-10-09,0.0,6-12 Months,Mid Value,0,Dormant
CUST02647,Female,18,Married,Tier 1,Desktop,Debit Card,Fashion,2022-12-30,24,2.8,766.56,67,51359.52,2146.37,0.0,48,5.9,3,1,No,1.49,2,9,9,0,1,2023-04-09,0.134,12-24 Months,Mid Value,1,Slipping
CUST02648,Male,22,Single,Tier 2,Mobile,Wallet,Fashion,2022-12-30,24,4.9,564.16,118,66570.88,2764.38,66345.12,4,5.0,3,3,Yes,29.3,2,14,5,3,0,,0.119,12-24 Months,High Value,0,Active
CUST02649,Male,33,Married,Tier 3,Tablet,Debit Card,Electronics,2024-04-01,9,0.5,694.65,4,2778.6,347.32,8335.68,173,4.2,3,0,No Complaint,166.83,3,1,10,7,0,,0.25,6-12 Months,Low Value,0,Dormant
CUST02650,Male,32,Single,Tier 1,Mobile,COD,Sports,2023-12-31,12,6.2,1061.08,74,78519.92,6578.7,0.0,41,7.1,3,1,Yes,109.82,0,29,8,2,1,2024-11-19,0.392,6-12 Months,High Value,0,Slipping
CUST02651,Male,45,Married,Tier 2,Mobile,UPI,Electronics,2021-12-29,36,6.3,1498.62,227,340186.74,9441.31,226591.44,105,3.1,1,0,No Complaint,30.53,4,129,10,5,0,,0.568,24+ Months,High Value,0,Dormant
CUST02652,Male,48,Single,Tier 3,Mobile,Credit Card,Electronics,2023-07-01,18,0.5,1125.75,9,10131.75,562.88,0.0,174,5.7,4,1,Yes,14.62,0,2,15,5,1,2023-10-11,0.222,12-24 Months,Low Value,0,Dormant
CUST02653,Male,40,Married,Tier 1,Mobile,Credit Card,Grocery,2023-07-01,18,5.8,1085.78,104,112921.12,6297.52,151140.48,9,4.6,4,0,No Complaint,10.44,5,5,3,7,0,,0.048,12-24 Months,High Value,0,Active
CUST02654,Male,62,Single,Tier 3,Mobile,UPI,Grocery,2022-06-30,30,7.3,758.76,219,166168.44,5538.95,132934.8,49,4.0,4,1,Yes,16.06,5,19,1,0,0,,0.087,24+ Months,High Value,0,Slipping
CUST02655,Female,60,Married,Tier 3,Mobile,Credit Card,Sports,2024-10-31,2,0.5,994.18,1,994.18,497.09,0.0,109,4.0,3,0,No Complaint,18.18,6,0,1,6,1,2024-11-28,0.0,0-3 Months,Low Value,0,Dormant
CUST02656,Male,34,Married,Tier 1,Mobile,Debit Card,Home & Kitchen,2024-01-31,11,0.9,682.67,10,6826.7,614.4,0.0,137,6.9,3,5,No,16.25,3,0,2,5,1,2024-04-25,0.0,6-12 Months,Low Value,1,Dormant
CUST02657,Female,51,Married,Tier 1,Desktop,Debit Card,Beauty,2021-12-29,36,1.2,743.33,43,31963.19,892.0,21408.0,145,1.1,5,2,Yes,10.2,4,8,1,4,0,,0.186,24+ Months,Mid Value,0,Dormant
CUST02658,Female,30,Single,Tier 1,Mobile,Debit Card,Sports,2024-06-01,7,1.1,2428.78,8,19430.24,2671.66,64119.84,159,7.5,4,0,No Complaint,214.94,1,1,3,7,0,,0.125,6-12 Months,High Value,0,Dormant
CUST02659,Male,31,Married,Tier 1,Mobile,Credit Card,Fashion,2024-07-01,6,3.6,924.74,22,20344.28,3329.06,79897.44,31,6.3,4,1,Yes,510.25,1,8,7,4,0,,0.364,3-6 Months,High Value,0,Slipping
CUST02660,Female,28,Single,Tier 2,Mobile,UPI,Grocery,2023-07-01,18,1.1,694.16,20,13883.2,763.58,18325.92,67,4.6,3,1,Yes,348.8,5,1,12,2,0,,0.05,12-24 Months,Low Value,0,At Risk
CUST02661,Male,45,Married,Tier 2,Mobile,Debit Card,Home & Kitchen,2024-08-31,4,7.8,560.14,31,17364.34,4369.09,0.0,128,4.1,2,4,No,55.63,2,2,1,4,1,2024-11-27,0.065,3-6 Months,High Value,1,Dormant
CUST02662,Female,59,Single,Tier 1,Mobile,UPI,Grocery,2023-12-31,12,13.2,192.38,158,30396.04,2539.42,0.0,129,4.5,2,2,Yes,41.13,3,61,7,4,1,2024-06-01,0.386,6-12 Months,High Value,0,Dormant
CUST02663,Male,49,Single,Tier 3,Mobile,UPI,Sports,2024-10-01,3,1.0,3868.55,3,11605.65,3868.55,92845.2,56,5.4,4,0,No Complaint,8.84,4,0,18,2,0,,0.0,0-3 Months,High Value,0,Slipping
CUST02664,Female,52,Single,Tier 2,Tablet,UPI,Fashion,2023-12-31,12,1.8,4175.49,22,91860.78,7515.88,0.0,55,6.7,4,5,Yes,30.54,4,4,11,9,1,2024-01-14,0.182,6-12 Months,High Value,0,Slipping
CUST02665,Female,48,Married,Tier 1,Desktop,UPI,Electronics,2023-07-01,18,2.0,1393.25,36,50157.0,2786.5,0.0,58,5.4,4,0,No Complaint,150.98,0,12,1,4,1,2023-08-17,0.333,12-24 Months,High Value,0,Slipping
CUST02666,Male,34,Married,Tier 1,Desktop,UPI,Sports,2024-05-01,8,2.2,434.99,18,7829.82,956.98,22967.52,160,5.0,4,1,Yes,1130.23,3,2,8,5,0,,0.111,6-12 Months,Mid Value,0,Dormant
CUST02667,Male,64,Single,Tier 2,Mobile,UPI,Electronics,2024-05-01,8,1.2,6088.94,10,60889.4,7306.73,175361.52,163,4.5,5,1,Yes,352.66,0,1,5,2,0,,0.1,6-12 Months,High Value,0,Dormant
CUST02668,Female,26,Married,Tier 2,Mobile,UPI,Beauty,2024-08-01,5,0.5,336.05,2,672.1,168.02,0.0,3,1.2,1,0,No Complaint,130.22,3,0,2,6,1,2024-10-23,0.0,3-6 Months,Low Value,0,Active
CUST02669,Female,27,Married,Tier 1,Mobile,Debit Card,Fashion,2024-07-01,6,0.5,1182.37,3,3547.11,591.18,14188.32,59,1.5,5,4,Yes,99.13,4,1,6,3,0,,0.333,3-6 Months,Low Value,0,Slipping
CUST02670,Male,25,Married,Tier 1,Desktop,UPI,Beauty,2024-03-01,10,0.5,270.65,5,1353.25,135.32,3247.68,71,6.5,4,0,No Complaint,28.79,5,0,1,4,0,,0.0,6-12 Months,Low Value,0,At Risk
CUST02671,Female,38,Married,Tier 3,Mobile,Credit Card,Home & Kitchen,2024-08-01,5,5.8,196.26,29,5691.54,1138.31,0.0,176,5.4,2,0,No Complaint,97.61,1,5,3,4,1,2024-08-15,0.172,3-6 Months,Mid Value,0,Dormant
CUST02672,Male,30,Married,Tier 3,Mobile,Net Banking,Electronics,2022-06-30,30,0.8,1056.23,24,25349.52,844.98,0.0,170,6.0,4,0,No Complaint,162.63,3,5,4,4,1,2023-04-26,0.208,24+ Months,Low Value,0,Dormant
CUST02673,Female,22,Married,Tier 1,Mobile,COD,Fashion,2022-12-30,24,0.5,1154.38,12,13852.56,577.19,0.0,113,6.0,4,3,Yes,162.91,2,3,3,5,1,2024-01-01,0.25,12-24 Months,Low Value,0,Dormant
CUST02674,Male,23,Single,Tier 2,Mobile,UPI,Fashion,2024-08-01,5,2.4,975.84,12,11710.08,2342.02,56208.48,9,5.6,3,0,No Complaint,146.78,3,0,1,1,0,,0.0,3-6 Months,Mid Value,0,Active
CUST02675,Female,47,Married,Tier 2,Tablet,Net Banking,Home & Kitchen,2024-10-31,2,0.5,2553.39,1,2553.39,1276.7,30640.8,35,6.1,3,0,No Complaint,312.73,5,0,4,3,0,,0.0,0-3 Months,Mid Value,0,Slipping
CUST02676,Male,48,Single,Tier 2,Desktop,Credit Card,Beauty,2024-12-01,1,0.5,868.18,1,868.18,434.09,10418.16,78,3.0,4,0,No Complaint,128.43,3,0,15,3,0,,0.0,0-3 Months,Low Value,0,At Risk
CUST02677,Male,34,Married,Tier 2,Desktop,UPI,Fashion,2023-07-01,18,2.4,1585.41,43,68172.63,3804.98,0.0,172,5.5,3,0,No Complaint,115.25,2,7,15,5,1,2024-07-18,0.163,12-24 Months,High Value,0,Dormant
CUST02678,Male,28,Married,Tier 3,Mobile,Wallet,Fashion,2024-08-31,4,2.2,519.11,9,4671.99,1142.04,0.0,17,5.3,2,1,Yes,65.69,3,1,4,0,1,2024-10-25,0.111,3-6 Months,Mid Value,0,Active
CUST02679,Male,37,Single,Tier 2,Desktop,Net Banking,Beauty,2024-12-01,1,0.5,2222.76,1,2222.76,1111.38,0.0,142,6.9,5,0,No Complaint,35.77,1,0,1,5,1,2024-12-05,0.0,0-3 Months,Mid Value,0,Dormant
CUST02680,Male,26,Single,Tier 2,Mobile,Credit Card,Beauty,2024-06-01,7,1.5,2359.63,10,23596.3,3539.44,84946.56,35,1.0,4,0,No Complaint,0.25,3,1,7,3,0,,0.1,6-12 Months,High Value,0,Slipping
CUST02681,Male,19,Single,Tier 2,Tablet,Debit Card,Fashion,2021-12-29,36,1.4,751.3,50,37565.0,1051.82,25243.68,91,8.8,3,0,No Complaint,69.98,4,2,7,3,0,,0.04,24+ Months,Mid Value,0,Dormant
CUST02682,Female,54,Single,Tier 3,Mobile,Debit Card,Electronics,2022-12-30,24,2.0,1167.53,48,56041.44,2335.06,56041.44,138,6.0,3,1,No,180.47,1,14,16,3,0,,0.292,12-24 Months,Mid Value,1,Dormant
CUST02683,Male,18,Married,Tier 3,Mobile,UPI,Beauty,2022-06-30,30,3.3,550.51,99,54500.49,1816.68,43600.32,124,5.0,5,0,No Complaint,147.33,3,1,15,4,0,,0.01,24+ Months,Mid Value,0,Dormant
CUST02684,Male,21,Married,Tier 1,Desktop,UPI,Grocery,2024-10-01,3,0.8,769.44,2,1538.88,615.55,0.0,139,2.8,3,1,Yes,136.1,2,1,12,3,1,2024-11-01,0.5,0-3 Months,Low Value,0,Dormant
CUST02685,Male,53,Single,Tier 1,Mobile,Credit Card,Sports,2024-10-31,2,1.4,1504.35,3,4513.05,2106.09,0.0,146,4.0,3,0,No Complaint,266.41,3,0,16,6,1,2024-12-03,0.0,0-3 Months,Mid Value,0,Dormant
CUST02686,Male,42,Married,Tier 2,Desktop,Net Banking,Electronics,2024-12-01,1,3.9,1260.66,4,5042.64,4916.57,0.0,55,5.1,4,3,Yes,47.71,1,0,2,5,1,2024-12-14,0.0,0-3 Months,High Value,0,Slipping
CUST02687,Male,20,Single,Tier 1,Tablet,UPI,Grocery,2021-12-29,36,6.4,267.63,230,61554.9,1712.83,41107.92,66,7.5,3,0,No Complaint,204.28,2,7,7,7,0,,0.03,24+ Months,Mid Value,0,At Risk
CUST02688,Male,26,Married,Tier 2,Mobile,COD,Grocery,2024-07-01,6,5.5,405.01,33,13365.33,2227.55,0.0,147,7.2,4,2,Yes,168.19,1,4,22,6,1,2024-11-22,0.121,3-6 Months,Mid Value,0,Dormant
CUST02689,Male,39,Single,Tier 3,Mobile,UPI,Sports,2024-04-01,9,1.6,594.91,14,8328.74,951.86,22844.64,7,5.6,3,2,Yes,74.52,3,2,6,6,0,,0.143,6-12 Months,Mid Value,0,Active
CUST02690,Male,40,Married,Tier 2,Mobile,Credit Card,Electronics,2024-05-01,8,1.8,1047.18,14,14660.52,1884.92,0.0,93,5.8,4,5,Yes,44.39,2,2,18,3,1,2024-10-22,0.143,6-12 Months,Mid Value,0,Dormant
CUST02691,Male,29,Single,Tier 3,Desktop,Debit Card,Fashion,2022-12-30,24,1.9,472.35,46,21728.1,897.46,0.0,165,4.9,4,2,Yes,148.88,2,1,19,5,1,2023-07-02,0.022,12-24 Months,Mid Value,0,Dormant
CUST02692,Female,27,Single,Tier 1,Mobile,Debit Card,Electronics,2024-07-01,6,5.1,333.71,31,10345.01,1701.92,40846.08,159,2.7,5,0,No Complaint,522.56,4,2,1,3,0,,0.065,3-6 Months,Mid Value,0,Dormant
CUST02693,Male,51,Married,Tier 3,Mobile,UPI,Home & Kitchen,2024-01-31,11,4.6,150.0,51,7650.0,690.0,0.0,144,3.1,5,0,No Complaint,14.3,1,8,20,5,1,2024-04-27,0.157,6-12 Months,Low Value,0,Dormant
CUST02694,Male,60,Married,Tier 3,Mobile,Credit Card,Electronics,2021-12-29,36,0.9,3867.33,32,123754.56,3480.6,83534.4,4,6.2,2,0,No Complaint,550.31,4,6,1,1,0,,0.188,24+ Months,High Value,0,Active
CUST02695,Female,27,Married,Tier 2,Mobile,Debit Card,Electronics,2024-04-01,9,0.5,1034.2,4,4136.8,517.1,0.0,159,5.8,3,3,Yes,112.51,4,0,4,1,1,2024-06-29,0.0,6-12 Months,Low Value,0,Dormant
CUST02696,Male,47,Married,Tier 2,Desktop,UPI,Grocery,2023-12-31,12,1.2,327.07,14,4578.98,392.48,0.0,164,3.4,3,0,No Complaint,222.84,1,1,11,4,1,2024-02-09,0.071,6-12 Months,Low Value,0,Dormant
CUST02697,Female,39,Married,Tier 1,Mobile,UPI,Fashion,2024-01-31,11,0.9,1850.33,10,18503.3,1665.3,39967.2,119,3.1,4,2,Yes,292.61,1,1,1,3,0,,0.1,6-12 Months,Mid Value,0,Dormant
CUST02698,Male,23,Married,Tier 3,Mobile,Debit Card,Fashion,2022-06-30,30,7.5,2554.21,225,574697.25,19156.58,459757.92,54,5.7,4,1,No,29.57,1,43,4,2,0,,0.191,24+ Months,High Value,1,Slipping
CUST02699,Female,19,Married,Tier 2,Desktop,Debit Card,Electronics,2024-08-01,5,0.8,1042.47,4,4169.88,833.98,0.0,88,4.0,5,3,No,8.28,6,0,2,1,1,2024-11-06,0.0,3-6 Months,Low Value,1,At Risk
CUST02700,Female,47,Married,Tier 1,Mobile,UPI,Grocery,2024-10-01,3,0.5,1388.7,2,2777.4,694.35,0.0,137,3.1,1,2,Yes,24.76,3,0,10,5,1,2024-12-19,0.0,0-3 Months,Low Value,0,Dormant
CUST02701,Male,19,Married,Tier 2,Mobile,Debit Card,Beauty,2022-12-30,24,5.7,2244.28,137,307466.36,12792.4,307017.6,146,5.1,3,0,No Complaint,75.05,3,47,16,3,0,,0.343,12-24 Months,High Value,0,Dormant
CUST02702,Female,49,Single,Tier 2,Mobile,Net Banking,Home & Kitchen,2024-05-01,8,0.5,1371.84,4,5487.36,685.92,16462.08,62,5.7,3,2,Yes,564.52,3,1,12,6,0,,0.25,6-12 Months,Low Value,0,At Risk
CUST02703,Male,59,Married,Tier 1,Mobile,UPI,Home & Kitchen,2021-12-29,36,0.8,1398.0,29,40542.0,1118.4,26841.6,59,2.5,4,0,No Complaint,7.87,1,6,6,3,0,,0.207,24+ Months,Mid Value,0,Slipping
CUST02704,Male,33,Married,Tier 1,Mobile,Debit Card,Electronics,2023-07-01,18,1.4,306.74,25,7668.5,429.44,0.0,132,3.9,4,2,No,454.18,2,0,15,3,1,2024-03-03,0.0,12-24 Months,Low Value,1,Dormant
CUST02705,Female,29,Married,Tier 2,Tablet,UPI,Beauty,2023-12-31,12,2.3,150.0,28,4200.0,345.0,8280.0,123,5.8,1,4,No,148.31,3,2,15,5,0,,0.071,6-12 Months,Low Value,1,Dormant
CUST02706,Female,18,Single,Tier 2,Desktop,UPI,Fashion,2024-10-31,2,1.0,1640.94,2,3281.88,1640.94,0.0,92,7.3,4,4,Yes,19.43,1,0,5,2,1,2024-12-01,0.0,0-3 Months,Mid Value,0,Dormant
CUST02707,Male,25,Married,Tier 3,Desktop,UPI,Fashion,2022-12-30,24,1.7,767.39,41,31462.99,1304.56,31309.44,76,5.0,3,0,No Complaint,29.84,3,13,15,6,0,,0.317,12-24 Months,Mid Value,0,At Risk
CUST02708,Male,30,Single,Tier 3,Tablet,Credit Card,Fashion,2022-12-30,24,0.6,653.03,14,9142.42,391.82,9403.68,118,3.6,3,0,No Complaint,210.43,2,1,18,1,0,,0.071,12-24 Months,Low Value,0,Dormant
CUST02709,Male,32,Married,Tier 2,Mobile,COD,Electronics,2023-07-01,18,2.1,1774.44,38,67428.72,3726.32,89431.68,6,3.0,2,2,No,168.78,3,5,1,4,0,,0.132,12-24 Months,High Value,1,Active
CUST02710,Male,61,Married,Tier 3,Mobile,UPI,Fashion,2024-08-01,5,1.3,460.18,6,2761.08,598.23,0.0,14,4.5,5,1,Yes,32.99,5,1,17,6,1,2024-12-28,0.167,3-6 Months,Low Value,0,Active
CUST02711,Female,25,Single,Tier 2,Mobile,Debit Card,Electronics,2021-12-29,36,4.7,875.19,169,147907.11,4113.39,98721.36,103,4.4,5,0,No Complaint,422.44,4,3,1,3,0,,0.018,24+ Months,High Value,0,Dormant
CUST02712,Male,27,Married,Tier 2,Desktop,Credit Card,Grocery,2024-07-01,6,1.3,934.43,8,7475.44,1214.76,0.0,38,1.0,1,1,No,25.67,3,1,3,3,1,2024-08-06,0.125,3-6 Months,Mid Value,1,Slipping
CUST02713,Male,63,Married,Tier 1,Desktop,UPI,Electronics,2024-10-01,3,1.5,1455.15,4,5820.6,2182.73,52385.52,139,1.4,3,0,No Complaint,128.98,4,1,6,4,0,,0.25,0-3 Months,Mid Value,0,Dormant
CUST02714,Male,22,Married,Tier 2,Mobile,Credit Card,Grocery,2021-12-29,36,2.2,1140.13,79,90070.27,2508.29,60198.96,139,1.0,4,1,Yes,135.25,1,28,2,5,0,,0.354,24+ Months,Mid Value,0,Dormant
CUST02715,Male,36,Single,Tier 2,Mobile,COD,Electronics,2022-12-30,24,0.5,1140.5,12,13686.0,570.25,13686.0,128,4.5,4,2,Yes,367.94,6,1,17,2,0,,0.083,12-24 Months,Low Value,0,Dormant
CUST02716,Male,64,Married,Tier 1,Mobile,COD,Fashion,2024-05-01,8,0.5,676.38,4,2705.52,338.19,8116.56,162,6.4,3,1,Yes,4.03,5,1,12,6,0,,0.25,6-12 Months,Low Value,0,Dormant
CUST02717,Female,55,Married,Tier 2,Mobile,COD,Fashion,2021-12-29,36,3.9,688.88,140,96443.2,2686.63,64479.12,26,6.1,4,0,No Complaint,26.41,1,10,5,1,0,,0.071,24+ Months,High Value,0,Active
CUST02718,Female,28,Married,Tier 3,Desktop,Credit Card,Fashion,2024-10-31,2,0.8,1139.31,2,2278.62,911.45,0.0,47,2.2,4,5,Yes,33.69,2,0,15,6,1,2024-11-14,0.0,0-3 Months,Mid Value,0,Slipping
CUST02719,Female,60,Single,Tier 2,Mobile,COD,Fashion,2024-10-31,2,2.9,632.47,6,3794.82,1834.16,44019.84,46,2.8,5,0,No Complaint,11.69,3,1,14,7,0,,0.167,0-3 Months,Mid Value,0,Slipping
CUST02720,Male,37,Single,Tier 2,Desktop,UPI,Grocery,2022-12-30,24,0.5,502.72,12,6032.64,251.36,6032.64,141,2.2,4,0,No Complaint,179.69,4,3,3,9,0,,0.25,12-24 Months,Low Value,0,Dormant
CUST02721,Female,37,Married,Tier 3,Mobile,COD,Beauty,2024-10-01,3,4.3,2209.19,13,28719.47,9499.52,227988.48,94,4.7,2,0,No Complaint,46.95,2,1,1,6,0,,0.077,0-3 Months,High Value,0,Dormant
CUST02722,Female,38,Single,Tier 3,Desktop,Wallet,Electronics,2021-12-29,36,11.1,559.89,400,223956.0,6214.78,149154.72,46,6.2,4,0,No Complaint,154.73,2,67,7,5,0,,0.168,24+ Months,High Value,0,Slipping
CUST02723,Female,35,Married,Tier 1,Tablet,UPI,Electronics,2022-06-30,30,1.2,651.3,36,23446.8,781.56,0.0,25,6.5,1,0,No Complaint,274.69,0,3,12,4,1,2023-10-15,0.083,24+ Months,Low Value,0,Active
CUST02724,Male,27,Single,Tier 1,Desktop,Credit Card,Beauty,2024-07-01,6,1.8,2118.79,11,23306.69,3813.82,0.0,160,3.3,4,2,Yes,94.53,2,1,21,4,1,2024-12-11,0.091,3-6 Months,High Value,0,Dormant
CUST02725,Male,51,Married,Tier 2,Mobile,Debit Card,Fashion,2021-12-29,36,1.5,553.97,54,29914.38,830.96,19943.04,124,4.7,4,1,Yes,263.64,2,10,1,8,0,,0.185,24+ Months,Low Value,0,Dormant
CUST02726,Male,43,Married,Tier 2,Mobile,COD,Fashion,2024-12-01,1,5.6,1124.17,6,6745.02,6295.35,151088.4,95,3.2,4,1,Yes,270.81,2,1,4,6,0,,0.167,0-3 Months,High Value,0,Dormant
CUST02727,Male,47,Married,Tier 1,Mobile,UPI,Grocery,2023-12-31,12,0.5,1195.57,6,7173.42,597.78,0.0,173,4.5,1,3,No,55.03,3,1,9,4,1,2024-05-09,0.167,6-12 Months,Low Value,1,Dormant
CUST02728,Male,26,Single,Tier 1,Mobile,Wallet,Grocery,2021-12-29,36,2.6,842.91,94,79233.54,2191.57,0.0,153,3.4,5,5,Yes,2.86,2,37,5,1,1,2024-07-27,0.394,24+ Months,Mid Value,0,Dormant
CUST02729,Male,63,Married,Tier 3,Mobile,Debit Card,Grocery,2022-06-30,30,2.6,684.12,78,53361.36,1778.71,42689.04,32,3.5,4,0,No Complaint,19.62,5,23,2,2,0,,0.295,24+ Months,Mid Value,0,Slipping
CUST02730,Male,48,Married,Tier 2,Tablet,UPI,Beauty,2024-06-01,7,1.2,408.1,8,3264.8,489.72,11753.28,91,2.1,1,0,No Complaint,312.22,4,1,7,3,0,,0.125,6-12 Months,Low Value,0,Dormant
CUST02731,Female,59,Married,Tier 3,Mobile,UPI,Fashion,2024-10-01,3,0.6,1393.4,2,2786.8,836.04,0.0,88,1.0,2,2,No,93.55,3,0,17,2,1,2024-11-02,0.0,0-3 Months,Low Value,1,At Risk
CUST02732,Male,21,Single,Tier 3,Mobile,COD,Electronics,2024-08-31,4,0.7,1942.76,3,5828.28,1359.93,0.0,152,3.8,1,1,Yes,328.85,3,0,23,4,1,2024-11-24,0.0,3-6 Months,Mid Value,0,Dormant
CUST02733,Male,23,Married,Tier 3,Mobile,UPI,Fashion,2024-01-31,11,4.0,1803.27,44,79343.88,7213.08,173113.92,27,5.1,4,0,No Complaint,142.74,3,8,39,7,0,,0.182,6-12 Months,High Value,0,Active
CUST02734,Female,31,Married,Tier 1,Desktop,UPI,Beauty,2023-07-01,18,0.5,1164.01,9,10476.09,582.0,0.0,81,4.9,2,1,Yes,39.58,5,1,4,5,1,2023-07-10,0.111,12-24 Months,Low Value,0,At Risk
CUST02735,Female,21,Single,Tier 3,Tablet,Debit Card,Home & Kitchen,2024-12-01,1,2.1,225.18,2,450.36,472.88,0.0,114,1.8,1,1,No,224.21,3,0,2,5,1,2024-12-29,0.0,0-3 Months,Low Value,1,Dormant
CUST02736,Female,43,Married,Tier 1,Mobile,Debit Card,Electronics,2024-05-01,8,0.9,1538.57,7,10769.99,1384.71,0.0,170,1.0,2,5,No,147.04,3,0,13,3,1,2024-11-22,0.0,6-12 Months,Mid Value,1,Dormant
CUST02737,Female,64,Single,Tier 2,Mobile,Debit Card,Fashion,2022-06-30,30,0.8,832.24,24,19973.76,665.79,0.0,161,4.4,4,1,Yes,78.04,1,1,9,7,1,2023-10-19,0.042,24+ Months,Low Value,0,Dormant
CUST02738,Female,56,Married,Tier 2,Desktop,Credit Card,Fashion,2024-04-01,9,1.8,593.22,16,9491.52,1067.8,0.0,96,2.4,4,1,No,16.52,2,1,11,5,1,2024-08-26,0.062,6-12 Months,Mid Value,1,Dormant
CUST02739,Female,34,Married,Tier 1,Desktop,COD,Fashion,2024-10-01,3,5.7,1422.66,17,24185.22,8109.16,194619.84,109,3.7,3,2,No,19.43,2,2,4,5,0,,0.118,0-3 Months,High Value,1,Dormant
CUST02740,Male,36,Single,Tier 3,Mobile,Wallet,Electronics,2021-12-29,36,2.4,1051.76,86,90451.36,2524.22,60581.28,153,2.4,5,0,No Complaint,37.6,4,6,2,3,0,,0.07,24+ Months,Mid Value,0,Dormant
CUST02741,Male,23,Single,Tier 3,Desktop,UPI,Grocery,2024-08-01,5,3.9,1819.4,20,36388.0,7095.66,0.0,134,1.7,5,2,No,201.17,4,1,12,1,1,2024-12-18,0.05,3-6 Months,High Value,1,Dormant
CUST02742,Male,46,Married,Tier 1,Tablet,COD,Sports,2022-06-30,30,2.3,1139.81,69,78646.89,2621.56,62917.44,158,6.6,3,1,Yes,234.33,0,13,5,3,0,,0.188,24+ Months,High Value,0,Dormant
CUST02743,Male,28,Single,Tier 2,Mobile,Net Banking,Electronics,2024-08-31,4,3.0,744.84,12,8938.08,2234.52,0.0,161,5.3,4,0,No Complaint,179.41,3,1,9,6,1,2024-09-20,0.083,3-6 Months,Mid Value,0,Dormant
CUST02744,Male,33,Married,Tier 2,Mobile,Debit Card,Fashion,2024-04-01,9,1.4,703.29,13,9142.77,984.61,23630.64,150,4.5,4,1,Yes,74.05,2,2,16,4,0,,0.154,6-12 Months,Mid Value,0,Dormant
CUST02745,Female,47,Single,Tier 2,Mobile,Debit Card,Fashion,2024-03-01,10,6.5,1377.34,65,89527.1,8952.71,214865.04,2,6.1,4,0,No Complaint,104.52,1,4,3,7,0,,0.062,6-12 Months,High Value,0,Active
CUST02746,Female,42,Married,Tier 3,Mobile,UPI,Fashion,2024-01-31,11,1.7,351.93,19,6686.67,598.28,0.0,56,4.5,3,1,Yes,222.54,3,3,12,3,1,2024-03-08,0.158,6-12 Months,Low Value,0,Slipping
CUST02747,Female,57,Single,Tier 1,Mobile,Debit Card,Fashion,2024-01-31,11,2.0,632.01,22,13904.22,1264.02,30336.48,73,3.8,4,0,No Complaint,194.11,3,3,5,5,0,,0.136,6-12 Months,Mid Value,0,At Risk
CUST02748,Male,28,Single,Tier 3,Mobile,Debit Card,Beauty,2024-08-31,4,1.9,193.27,8,1546.16,367.21,0.0,122,7.5,3,0,No Complaint,266.92,6,1,8,0,1,2024-10-26,0.125,3-6 Months,Low Value,0,Dormant
CUST02749,Female,24,Single,Tier 1,Mobile,COD,Fashion,2024-01-31,11,1.0,1205.85,11,13264.35,1205.85,28940.4,55,7.6,4,0,No Complaint,49.67,2,0,14,9,0,,0.0,6-12 Months,Mid Value,0,Slipping
CUST02750,Female,43,Married,Tier 2,Mobile,Wallet,Sports,2024-03-01,10,0.7,1410.29,7,9872.03,987.2,23692.8,58,2.7,4,0,No Complaint,0.81,6,0,3,7,0,,0.0,6-12 Months,Mid Value,0,Slipping
CUST02751,Male,39,Married,Tier 2,Mobile,UPI,Grocery,2024-08-31,4,0.5,523.99,2,1047.98,262.0,6288.0,72,5.0,5,1,Yes,55.77,2,0,15,4,0,,0.0,3-6 Months,Low Value,0,At Risk
CUST02752,Female,42,Single,Tier 1,Mobile,UPI,Grocery,2021-12-29,36,3.2,417.6,115,48024.0,1336.32,0.0,172,4.8,1,0,No Complaint,76.96,1,13,2,5,1,2023-12-06,0.113,24+ Months,Mid Value,0,Dormant
CUST02753,Male,36,Married,Tier 1,Mobile,UPI,Electronics,2022-06-30,30,0.9,1749.77,27,47243.79,1574.79,37794.96,79,6.1,5,0,No Complaint,581.72,2,4,4,6,0,,0.148,24+ Months,Mid Value,0,At Risk
CUST02754,Male,48,Married,Tier 3,Mobile,COD,Beauty,2021-12-29,36,1.2,544.61,43,23418.23,653.53,0.0,26,2.6,5,2,No,44.2,2,14,3,3,1,2023-09-02,0.326,24+ Months,Low Value,1,Active
CUST02755,Female,43,Single,Tier 3,Mobile,UPI,Electronics,2022-12-30,24,6.3,1408.55,151,212691.05,8873.86,0.0,2,6.8,5,3,No,315.18,3,7,1,2,1,2024-10-14,0.046,12-24 Months,High Value,1,Active
CUST02756,Male,59,Married,Tier 1,Mobile,Debit Card,Electronics,2024-10-01,3,2.1,889.0,6,5334.0,1866.9,0.0,43,2.8,2,1,Yes,175.36,4,0,1,4,1,2024-11-24,0.0,0-3 Months,Mid Value,0,Slipping
CUST02757,Male,58,Married,Tier 2,Desktop,Credit Card,Fashion,2023-12-31,12,0.5,619.99,6,3719.94,310.0,0.0,169,4.3,3,1,Yes,33.01,5,1,2,2,1,2024-12-18,0.167,6-12 Months,Low Value,0,Dormant
CUST02758,Female,53,Single,Tier 1,Mobile,Credit Card,Home & Kitchen,2022-06-30,30,4.0,1347.56,120,161707.2,5390.24,129365.76,171,2.5,5,1,No,93.0,8,17,8,5,0,,0.142,24+ Months,High Value,1,Dormant
CUST02759,Female,40,Single,Tier 1,Tablet,UPI,Electronics,2024-12-01,1,0.7,918.04,1,918.04,642.63,0.0,95,3.5,5,0,No Complaint,128.46,3,0,6,2,1,2024-12-09,0.0,0-3 Months,Low Value,0,Dormant
CUST02760,Male,64,Married,Tier 2,Mobile,Net Banking,Electronics,2024-03-01,10,2.0,2555.77,20,51115.4,5111.54,0.0,116,2.6,3,5,Yes,75.93,3,3,3,6,1,2024-10-20,0.15,6-12 Months,High Value,0,Dormant
CUST02761,Male,30,Married,Tier 1,Mobile,Debit Card,Electronics,2024-05-01,8,1.8,536.68,14,7513.52,966.02,23184.48,143,2.8,3,2,Yes,46.15,5,3,5,4,0,,0.214,6-12 Months,Mid Value,0,Dormant
CUST02762,Male,42,Single,Tier 3,Mobile,Wallet,Fashion,2024-08-31,4,0.7,355.19,3,1065.57,248.63,0.0,11,5.9,2,0,No Complaint,52.47,4,0,9,4,1,2024-12-17,0.0,3-6 Months,Low Value,0,Active
CUST02763,Female,19,Married,Tier 2,Desktop,Debit Card,Fashion,2024-06-01,7,0.5,887.74,4,3550.96,443.87,0.0,68,4.4,3,0,No Complaint,158.4,2,1,18,5,1,2024-08-17,0.25,6-12 Months,Low Value,0,At Risk
CUST02764,Male,19,Married,Tier 3,Desktop,UPI,Fashion,2021-12-29,36,0.6,1253.16,22,27569.52,751.9,0.0,115,8.1,2,1,Yes,209.72,3,2,2,4,1,2023-02-09,0.091,24+ Months,Low Value,0,Dormant
CUST02765,Male,33,Single,Tier 2,Tablet,UPI,Beauty,2022-12-30,24,0.5,787.33,12,9447.96,393.66,9447.84,161,4.1,2,0,No Complaint,113.93,2,2,17,4,0,,0.167,12-24 Months,Low Value,0,Dormant
CUST02766,Female,26,Single,Tier 3,Tablet,Wallet,Electronics,2024-07-01,6,0.8,3161.74,5,15808.7,2529.39,60705.36,131,3.1,4,0,No Complaint,511.7,1,1,4,4,0,,0.2,3-6 Months,Mid Value,0,Dormant
CUST02767,Male,45,Single,Tier 2,Mobile,COD,Beauty,2023-07-01,18,14.8,2098.53,266,558208.98,31058.24,0.0,63,3.6,3,2,Yes,234.73,4,12,3,4,1,2024-07-28,0.045,12-24 Months,High Value,0,At Risk
CUST02768,Male,30,Married,Tier 2,Mobile,UPI,Beauty,2024-08-01,5,1.3,621.49,6,3728.94,807.94,19390.56,163,4.2,5,0,No Complaint,400.21,3,0,7,3,0,,0.0,3-6 Months,Low Value,0,Dormant
CUST02769,Male,52,Married,Tier 3,Mobile,COD,Fashion,2023-07-01,18,5.0,939.17,90,84525.3,4695.85,0.0,119,5.1,4,1,Yes,116.21,3,15,4,2,1,2024-11-06,0.167,12-24 Months,High Value,0,Dormant
CUST02770,Female,58,Married,Tier 2,Mobile,Credit Card,Grocery,2021-12-29,36,2.0,253.75,72,18270.0,507.5,0.0,149,3.8,3,4,Yes,2.7,3,19,3,2,1,2022-08-04,0.264,24+ Months,Low Value,0,Dormant
CUST02771,Male,30,Married,Tier 1,Mobile,UPI,Beauty,2023-12-31,12,2.7,1874.54,32,59985.28,5061.26,121470.24,70,2.2,5,0,No Complaint,161.4,1,5,18,4,0,,0.156,6-12 Months,High Value,0,At Risk
CUST02772,Male,48,Single,Tier 2,Desktop,UPI,Grocery,2022-12-30,24,0.5,557.61,12,6691.32,278.8,6691.2,1,6.2,4,0,No Complaint,306.93,3,2,4,4,0,,0.167,12-24 Months,Low Value,0,Active
CUST02773,Female,38,Married,Tier 3,Desktop,COD,Grocery,2024-04-01,9,0.8,1032.02,7,7224.14,825.62,0.0,30,6.7,2,4,Yes,138.42,1,1,1,7,1,2024-07-31,0.143,6-12 Months,Low Value,0,Active
CUST02774,Male,49,Single,Tier 3,Mobile,UPI,Beauty,2024-01-31,11,1.8,749.81,20,14996.2,1349.66,0.0,166,3.7,4,0,No Complaint,151.04,6,3,5,4,1,2024-08-13,0.15,6-12 Months,Mid Value,0,Dormant
CUST02775,Female,51,Single,Tier 2,Mobile,UPI,Fashion,2022-12-30,24,5.3,316.54,127,40200.58,1677.66,40263.84,6,7.2,3,0,No Complaint,663.79,2,11,3,4,0,,0.087,12-24 Months,Mid Value,0,Active
CUST02776,Male,25,Married,Tier 2,Mobile,UPI,Beauty,2022-06-30,30,0.5,1609.2,15,24138.0,804.6,0.0,107,3.6,4,3,Yes,82.07,2,2,6,2,1,2024-02-05,0.133,24+ Months,Low Value,0,Dormant
CUST02777,Male,58,Single,Tier 3,Desktop,UPI,Fashion,2023-07-01,18,1.8,427.93,32,13693.76,770.27,18486.48,74,6.4,4,0,No Complaint,291.39,4,4,8,2,0,,0.125,12-24 Months,Low Value,0,At Risk
CUST02778,Male,19,Married,Tier 1,Mobile,Credit Card,Grocery,2021-12-29,36,0.5,624.22,18,11235.96,312.11,7490.64,77,2.8,3,0,No Complaint,126.6,5,2,1,4,0,,0.111,24+ Months,Low Value,0,At Risk
CUST02779,Male,55,Married,Tier 2,Desktop,UPI,Fashion,2022-06-30,30,1.5,1631.12,45,73400.4,2446.68,58720.32,72,8.8,4,0,No Complaint,112.15,1,6,12,6,0,,0.133,24+ Months,Mid Value,0,At Risk
CUST02780,Male,49,Married,Tier 1,Desktop,UPI,Home & Kitchen,2022-12-30,24,2.5,454.91,60,27294.6,1137.28,27294.72,13,1.3,4,3,Yes,28.32,6,2,5,4,0,,0.033,12-24 Months,Mid Value,0,Active
CUST02781,Male,57,Single,Tier 2,Mobile,Wallet,Electronics,2022-06-30,30,3.4,2549.39,102,260037.78,8667.93,208030.32,22,2.5,3,2,Yes,248.38,3,17,6,4,0,,0.167,24+ Months,High Value,0,Active
CUST02782,Female,45,Single,Tier 2,Mobile,UPI,Grocery,2024-08-01,5,0.5,449.94,2,899.88,224.97,0.0,12,8.5,2,1,Yes,311.99,2,0,1,2,1,2024-10-31,0.0,3-6 Months,Low Value,0,Active
CUST02783,Female,54,Single,Tier 1,Mobile,Credit Card,Beauty,2024-04-01,9,0.5,395.94,4,1583.76,197.97,4751.28,10,1.4,5,0,No Complaint,101.46,5,1,5,3,0,,0.25,6-12 Months,Low Value,0,Active
CUST02784,Female,58,Married,Tier 1,Tablet,Credit Card,Home & Kitchen,2023-12-31,12,1.6,927.57,19,17623.83,1484.11,35618.64,16,4.1,4,0,No Complaint,259.55,4,1,5,5,0,,0.053,6-12 Months,Mid Value,0,Active
CUST02785,Female,18,Married,Tier 2,Mobile,Debit Card,Beauty,2024-03-01,10,15.0,2818.27,150,422740.5,42274.05,0.0,125,3.5,4,3,Yes,156.63,4,10,1,2,1,2024-12-20,0.067,6-12 Months,High Value,0,Dormant
CUST02786,Male,58,Married,Tier 1,Tablet,COD,Fashion,2022-06-30,30,1.1,894.13,33,29506.29,983.54,0.0,21,4.6,4,2,Yes,53.61,3,11,2,2,1,2023-04-28,0.333,24+ Months,Mid Value,0,Active
CUST02787,Female,27,Married,Tier 1,Mobile,UPI,Home & Kitchen,2024-12-01,1,1.4,1784.62,1,1784.62,2498.47,0.0,47,5.0,3,0,No Complaint,463.19,2,0,4,10,1,2024-12-23,0.0,0-3 Months,Mid Value,0,Slipping
CUST02788,Male,21,Married,Tier 3,Desktop,Net Banking,Grocery,2024-08-31,4,1.4,351.22,6,2107.32,491.71,0.0,118,4.1,4,4,Yes,214.79,4,0,2,3,1,2024-10-07,0.0,3-6 Months,Low Value,0,Dormant
CUST02789,Female,52,Married,Tier 1,Mobile,COD,Grocery,2021-12-29,36,0.5,694.71,18,12504.78,347.36,8336.64,21,5.8,4,4,Yes,379.17,4,2,3,4,0,,0.111,24+ Months,Low Value,0,Active
CUST02790,Female,27,Single,Tier 2,Mobile,COD,Home & Kitchen,2024-12-01,1,3.7,726.39,4,2905.56,2687.64,0.0,163,7.0,4,1,No,59.5,2,0,17,3,1,2024-12-01,0.0,0-3 Months,High Value,1,Dormant
CUST02791,Female,64,Married,Tier 3,Desktop,UPI,Fashion,2024-08-31,4,0.7,371.31,3,1113.93,259.92,0.0,86,3.5,4,5,Yes,446.63,7,0,8,1,1,2024-12-15,0.0,3-6 Months,Low Value,0,At Risk
CUST02792,Female,28,Married,Tier 1,Desktop,UPI,Fashion,2024-06-01,7,3.0,294.75,21,6189.75,884.25,0.0,173,1.3,4,0,No Complaint,81.65,0,0,6,2,1,2024-11-16,0.0,6-12 Months,Mid Value,0,Dormant
CUST02793,Female,31,Single,Tier 2,Desktop,Debit Card,Grocery,2022-12-30,24,1.6,758.14,38,28809.32,1213.02,29112.48,35,3.3,4,2,Yes,1.72,1,2,15,6,0,,0.053,12-24 Months,Mid Value,0,Slipping
CUST02794,Male,55,Married,Tier 2,Mobile,Net Banking,Beauty,2023-12-31,12,2.4,2713.02,29,78677.58,6511.25,156270.0,6,5.0,4,0,No Complaint,14.04,1,6,2,5,0,,0.207,6-12 Months,High Value,0,Active
CUST02795,Male,29,Married,Tier 3,Tablet,Debit Card,Electronics,2021-12-29,36,0.5,1046.27,18,18832.86,523.14,12555.36,106,4.8,4,1,Yes,16.85,1,4,30,5,0,,0.222,24+ Months,Low Value,0,Dormant
CUST02796,Female,62,Married,Tier 3,Tablet,UPI,Grocery,2024-08-31,4,5.5,556.64,22,12246.08,3061.52,0.0,59,6.1,3,3,Yes,41.78,7,3,2,2,1,2024-10-20,0.136,3-6 Months,High Value,0,Slipping
CUST02797,Male,34,Married,Tier 3,Mobile,UPI,Electronics,2022-06-30,30,0.7,215.72,21,4530.12,151.0,3624.0,103,7.9,4,1,No,37.16,0,0,5,1,0,,0.0,24+ Months,Low Value,1,Dormant
CUST02798,Female,33,Single,Tier 3,Tablet,Debit Card,Grocery,2024-08-01,5,2.8,691.99,14,9687.86,1937.57,0.0,85,4.9,4,2,Yes,10.73,3,5,27,4,1,2024-10-10,0.357,3-6 Months,Mid Value,0,At Risk
CUST02799,Female,52,Single,Tier 1,Mobile,COD,Home & Kitchen,2024-08-01,5,4.0,659.96,20,13199.2,2639.84,63356.16,82,3.8,4,0,No Complaint,406.36,5,2,3,8,0,,0.1,3-6 Months,High Value,0,At Risk
CUST02800,Male,19,Single,Tier 1,Desktop,UPI,Fashion,2024-03-01,10,1.9,1175.17,19,22328.23,2232.82,53587.68,153,3.2,4,1,No,317.17,4,3,1,4,0,,0.158,6-12 Months,Mid Value,1,Dormant
CUST02801,Female,28,Married,Tier 2,Mobile,UPI,Beauty,2024-10-31,2,1.0,751.74,2,1503.48,751.74,18041.76,35,4.2,5,0,No Complaint,259.01,2,0,4,2,0,,0.0,0-3 Months,Low Value,0,Slipping
CUST02802,Female,58,Married,Tier 1,Tablet,Credit Card,Beauty,2024-05-01,8,9.5,1397.26,76,106191.76,13273.97,318575.28,90,6.0,2,0,No Complaint,117.41,2,3,2,3,0,,0.039,6-12 Months,High Value,0,At Risk
CUST02803,Female,20,Single,Tier 2,Mobile,Debit Card,Electronics,2024-06-01,7,0.8,1536.49,6,9218.94,1229.19,0.0,75,3.4,3,1,Yes,99.66,3,2,11,10,1,2024-06-03,0.333,6-12 Months,Mid Value,0,At Risk
CUST02804,Female,46,Married,Tier 2,Mobile,COD,Electronics,2024-10-01,3,7.4,855.01,22,18810.22,6327.07,0.0,121,5.6,4,1,No,99.72,4,2,20,8,1,2024-12-12,0.091,0-3 Months,High Value,1,Dormant
CUST02805,Male,35,Single,Tier 1,Mobile,COD,Fashion,2022-06-30,30,0.5,863.45,15,12951.75,431.72,10361.28,9,2.5,3,0,No Complaint,54.63,1,2,16,5,0,,0.133,24+ Months,Low Value,0,Active
CUST02806,Female,37,Single,Tier 3,Mobile,Debit Card,Beauty,2024-05-01,8,1.2,919.63,10,9196.3,1103.56,0.0,95,4.5,5,1,Yes,168.69,2,1,1,3,1,2024-12-08,0.1,6-12 Months,Mid Value,0,Dormant
CUST02807,Female,64,Single,Tier 1,Mobile,UPI,Electronics,2021-12-29,36,0.5,264.72,18,4764.96,132.36,0.0,86,1.7,2,1,No,10.96,0,1,24,4,1,2022-04-08,0.056,24+ Months,Low Value,1,At Risk
CUST02808,Male,31,Single,Tier 2,Mobile,Debit Card,Electronics,2021-12-29,36,0.5,1486.63,18,26759.34,743.32,17839.68,175,3.5,3,1,Yes,193.54,5,1,11,4,0,,0.056,24+ Months,Low Value,0,Dormant
CUST02809,Male,51,Single,Tier 2,Desktop,Wallet,Electronics,2024-08-31,4,0.8,2945.67,3,8837.01,2356.54,56556.96,136,7.2,5,0,No Complaint,129.83,2,0,11,3,0,,0.0,3-6 Months,Mid Value,0,Dormant
CUST02810,Female,48,Single,Tier 2,Tablet,Net Banking,Electronics,2024-01-31,11,0.5,935.9,6,5615.4,467.95,11230.8,28,5.0,2,1,No,305.22,0,1,6,7,0,,0.167,6-12 Months,Low Value,1,Active
CUST02811,Male,57,Single,Tier 2,Desktop,Net Banking,Beauty,2023-07-01,18,10.7,519.11,193,100188.23,5554.48,133307.52,92,4.3,3,1,Yes,648.43,1,9,4,6,0,,0.047,12-24 Months,High Value,0,Dormant
CUST02812,Female,59,Single,Tier 1,Desktop,UPI,Beauty,2022-06-30,30,3.6,893.47,108,96494.76,3216.49,77195.76,141,5.0,3,1,Yes,376.63,3,15,2,2,0,,0.139,24+ Months,High Value,0,Dormant
CUST02813,Female,35,Single,Tier 2,Mobile,COD,Electronics,2021-12-29,36,0.5,662.18,18,11919.24,331.09,7946.16,94,5.4,5,2,Yes,229.09,1,2,5,4,0,,0.111,24+ Months,Low Value,0,Dormant
CUST02814,Male,47,Married,Tier 3,Mobile,Net Banking,Grocery,2023-07-01,18,0.6,915.24,11,10067.64,549.14,0.0,64,5.1,3,1,Yes,102.06,2,2,13,4,1,2024-11-20,0.182,12-24 Months,Low Value,0,At Risk
CUST02815,Female,42,Single,Tier 3,Mobile,Debit Card,Beauty,2024-12-01,1,2.8,721.69,3,2165.07,2020.73,0.0,68,4.9,2,4,Yes,43.46,3,1,3,1,1,2024-12-27,0.333,0-3 Months,Mid Value,0,At Risk
CUST02816,Female,36,Married,Tier 2,Mobile,UPI,Electronics,2024-03-01,10,1.3,198.94,13,2586.22,258.62,6206.88,66,2.7,5,5,Yes,196.78,3,2,18,6,0,,0.154,6-12 Months,Low Value,0,At Risk
CUST02817,Male,25,Single,Tier 2,Tablet,Wallet,Fashion,2021-12-29,36,4.5,959.87,162,155498.94,4319.42,103666.08,4,1.8,3,2,No,40.53,4,11,1,7,0,,0.068,24+ Months,High Value,1,Active
CUST02818,Male,45,Single,Tier 2,Mobile,Credit Card,Home & Kitchen,2022-12-30,24,1.8,4260.08,43,183183.44,7668.14,0.0,131,5.8,4,0,No Complaint,3.68,5,16,1,3,1,2023-10-19,0.372,12-24 Months,High Value,0,Dormant
CUST02819,Male,25,Single,Tier 3,Desktop,UPI,Grocery,2022-06-30,30,2.7,352.38,81,28542.78,951.43,22834.32,110,2.1,3,0,No Complaint,153.27,4,1,6,6,0,,0.012,24+ Months,Mid Value,0,Dormant
CUST02820,Male,48,Married,Tier 1,Mobile,UPI,Grocery,2023-07-01,18,2.3,1935.3,41,79347.3,4451.19,0.0,49,5.2,2,2,Yes,90.2,4,2,21,4,1,2024-02-21,0.049,12-24 Months,High Value,0,Slipping
CUST02821,Female,20,Single,Tier 2,Desktop,Debit Card,Fashion,2024-12-01,1,2.5,1188.5,2,2377.0,2971.25,0.0,113,6.3,5,0,No Complaint,375.77,4,0,14,3,1,2024-12-20,0.0,0-3 Months,High Value,0,Dormant
CUST02822,Male,20,Married,Tier 3,Mobile,Credit Card,Beauty,2021-12-29,36,0.7,471.89,25,11797.25,330.32,7927.68,56,2.6,1,0,No Complaint,186.81,2,2,1,2,0,,0.08,24+ Months,Low Value,0,Slipping
CUST02823,Female,61,Married,Tier 2,Mobile,UPI,Grocery,2021-12-29,36,1.2,350.61,43,15076.23,420.73,10097.52,44,3.3,3,3,Yes,187.56,3,2,1,4,0,,0.047,24+ Months,Low Value,0,Slipping
CUST02824,Male,39,Single,Tier 1,Desktop,COD,Home & Kitchen,2024-10-31,2,0.5,1079.09,1,1079.09,539.54,0.0,133,4.2,4,1,No,279.12,2,0,1,1,1,2024-12-21,0.0,0-3 Months,Low Value,1,Dormant
CUST02825,Male,34,Married,Tier 2,Mobile,COD,Sports,2024-10-31,2,2.2,1155.9,4,4623.6,2542.98,61031.52,145,2.9,4,0,No Complaint,73.61,4,0,12,2,0,,0.0,0-3 Months,High Value,0,Dormant
CUST02826,Female,53,Single,Tier 1,Desktop,COD,Sports,2024-01-31,11,1.5,312.37,16,4997.92,468.56,0.0,113,2.9,4,4,No,571.35,3,0,3,2,1,2024-07-29,0.0,6-12 Months,Low Value,1,Dormant
CUST02827,Female,34,Single,Tier 2,Mobile,UPI,Home & Kitchen,2022-12-30,24,3.6,1717.2,86,147679.2,6181.92,0.0,141,3.5,1,1,Yes,45.03,2,4,3,5,1,2023-08-11,0.047,12-24 Months,High Value,0,Dormant
CUST02828,Male,31,Single,Tier 2,Mobile,Debit Card,Fashion,2024-05-01,8,0.6,635.17,5,3175.85,381.1,9146.4,66,3.1,4,1,Yes,369.58,2,0,21,3,0,,0.0,6-12 Months,Low Value,0,At Risk
CUST02829,Male,26,Single,Tier 3,Tablet,UPI,Home & Kitchen,2024-10-01,3,1.4,1267.64,4,5070.56,1774.7,0.0,13,5.4,2,0,No Complaint,435.12,1,0,8,5,1,2024-12-21,0.0,0-3 Months,Mid Value,0,Active
CUST02830,Male,47,Single,Tier 2,Mobile,UPI,Fashion,2024-01-31,11,0.5,1468.87,6,8813.22,734.44,0.0,109,4.6,5,1,Yes,7.17,1,0,21,3,1,2024-05-07,0.0,6-12 Months,Low Value,0,Dormant
CUST02831,Male,38,Married,Tier 1,Desktop,Credit Card,Home & Kitchen,2024-07-01,6,2.4,1680.9,14,23532.6,4034.16,96819.84,46,1.9,4,2,Yes,179.85,3,4,2,3,0,,0.286,3-6 Months,High Value,0,Slipping
CUST02832,Female,29,Single,Tier 1,Mobile,COD,Electronics,2024-06-01,7,4.7,449.15,33,14821.95,2111.0,50664.0,140,7.6,4,1,No,249.12,3,3,11,4,0,,0.091,6-12 Months,Mid Value,1,Dormant
CUST02833,Male,54,Married,Tier 3,Mobile,Credit Card,Grocery,2023-07-01,18,3.6,3670.27,65,238567.55,13212.97,0.0,65,4.0,3,0,No Complaint,553.58,3,14,1,4,1,2024-03-13,0.215,12-24 Months,High Value,0,At Risk
CUST02834,Male,49,Single,Tier 1,Mobile,UPI,Fashion,2021-12-29,36,7.2,471.28,259,122061.52,3393.22,0.0,121,4.4,3,1,Yes,52.11,4,65,9,2,1,2022-10-05,0.251,24+ Months,High Value,0,Dormant
CUST02835,Male,28,Married,Tier 2,Mobile,Credit Card,Beauty,2023-12-31,12,8.9,1679.33,107,179688.31,14946.04,0.0,99,3.6,5,1,No,148.53,2,2,5,7,1,2024-11-16,0.019,6-12 Months,High Value,1,Dormant
CUST02836,Female,37,Single,Tier 1,Mobile,Credit Card,Fashion,2022-12-30,24,3.7,633.04,89,56340.56,2342.25,0.0,147,4.5,5,2,Yes,267.0,1,13,1,7,1,2023-04-08,0.146,12-24 Months,Mid Value,0,Dormant
CUST02837,Female,52,Married,Tier 3,Mobile,Wallet,Electronics,2023-07-01,18,0.8,931.12,14,13035.68,744.9,0.0,149,2.9,3,1,Yes,28.91,4,1,1,3,1,2023-08-10,0.071,12-24 Months,Low Value,0,Dormant
CUST02838,Male,64,Married,Tier 2,Mobile,Wallet,Beauty,2023-12-31,12,0.6,822.77,7,5759.39,493.66,11847.84,13,2.1,4,0,No Complaint,345.1,3,2,23,3,0,,0.286,6-12 Months,Low Value,0,Active
CUST02839,Female,63,Single,Tier 2,Desktop,UPI,Beauty,2024-07-01,6,1.5,1245.0,9,11205.0,1867.5,0.0,53,3.9,2,0,No Complaint,93.04,8,0,12,3,1,2024-09-18,0.0,3-6 Months,Mid Value,0,Slipping
CUST02840,Male,28,Single,Tier 2,Desktop,UPI,Fashion,2024-06-01,7,12.7,1869.9,89,166421.1,23747.73,0.0,156,7.1,3,2,Yes,183.77,8,15,13,3,1,2024-12-19,0.169,6-12 Months,High Value,0,Dormant
CUST02841,Male,25,Single,Tier 3,Mobile,UPI,Electronics,2024-07-01,6,1.3,584.9,8,4679.2,760.37,18248.88,73,5.5,5,2,No,7.73,3,1,1,12,0,,0.125,3-6 Months,Low Value,1,At Risk
CUST02842,Female,21,Single,Tier 2,Mobile,COD,Fashion,2021-12-29,36,0.6,485.95,22,10690.9,291.57,6997.68,93,6.7,5,0,No Complaint,45.4,4,1,11,3,0,,0.045,24+ Months,Low Value,0,Dormant
CUST02843,Female,44,Single,Tier 2,Mobile,UPI,Grocery,2022-06-30,30,7.2,211.9,216,45770.4,1525.68,36616.32,33,3.5,3,0,No Complaint,117.08,2,23,1,7,0,,0.106,24+ Months,Mid Value,0,Slipping
CUST02844,Female,61,Married,Tier 3,Mobile,UPI,Sports,2023-12-31,12,1.2,1018.6,14,14260.4,1222.32,0.0,99,3.0,2,0,No Complaint,61.45,4,3,3,4,1,2024-08-12,0.214,6-12 Months,Mid Value,0,Dormant
CUST02845,Female,57,Single,Tier 3,Mobile,Debit Card,Grocery,2021-12-29,36,2.9,797.64,104,82954.56,2313.16,55515.84,48,3.6,2,0,No Complaint,569.94,3,3,6,5,0,,0.029,24+ Months,Mid Value,0,Slipping
CUST02846,Male,55,Married,Tier 1,Mobile,UPI,Fashion,2021-12-29,36,3.9,968.86,140,135640.4,3778.55,0.0,149,5.4,4,0,No Complaint,285.19,4,24,4,5,1,2022-03-07,0.171,24+ Months,High Value,0,Dormant
CUST02847,Female,64,Single,Tier 3,Tablet,UPI,Electronics,2021-12-29,36,4.6,836.25,166,138817.5,3846.75,0.0,36,6.3,2,3,Yes,360.29,3,65,1,8,1,2024-01-15,0.392,24+ Months,High Value,0,Slipping
CUST02848,Male,47,Married,Tier 1,Desktop,Credit Card,Sports,2024-08-31,4,4.3,1527.27,17,25963.59,6567.26,157614.24,65,4.0,3,1,No,113.03,1,0,33,3,0,,0.0,3-6 Months,High Value,1,At Risk
CUST02849,Female,61,Single,Tier 2,Mobile,UPI,Fashion,2022-12-30,24,4.5,629.86,108,68024.88,2834.37,0.0,18,2.0,1,4,No,115.52,2,5,1,2,1,2023-05-13,0.046,12-24 Months,High Value,1,Active
CUST02850,Male,44,Single,Tier 3,Mobile,Credit Card,Grocery,2023-07-01,18,2.8,1146.43,50,57321.5,3210.0,0.0,106,6.3,3,3,No,294.43,3,7,9,3,1,2023-10-01,0.14,12-24 Months,High Value,1,Dormant
CUST02851,Female,38,Single,Tier 1,Desktop,Wallet,Electronics,2022-12-30,24,1.3,878.01,31,27218.31,1141.41,27393.84,169,6.5,5,1,No,88.25,3,1,13,5,0,,0.032,12-24 Months,Mid Value,1,Dormant
CUST02852,Male,37,Single,Tier 1,Mobile,UPI,Beauty,2024-08-01,5,2.8,458.19,14,6414.66,1282.93,0.0,31,5.4,3,1,Yes,118.0,3,2,3,1,1,2024-10-15,0.143,3-6 Months,Mid Value,0,Slipping
CUST02853,Male,21,Married,Tier 1,Desktop,Credit Card,Home & Kitchen,2022-12-30,24,4.5,555.3,108,59972.4,2498.85,0.0,4,7.1,1,3,Yes,135.36,4,30,4,1,1,2023-11-29,0.278,12-24 Months,Mid Value,0,Active
CUST02854,Female,28,Married,Tier 2,Desktop,Wallet,Electronics,2024-05-01,8,1.1,1709.76,9,15387.84,1880.74,45137.76,76,1.1,4,0,No Complaint,168.18,0,4,1,2,0,,0.444,6-12 Months,Mid Value,0,At Risk
CUST02855,Male,30,Married,Tier 2,Mobile,Net Banking,Grocery,2022-06-30,30,0.9,1598.36,27,43155.72,1438.52,34524.48,134,2.8,5,0,No Complaint,188.95,3,1,4,3,0,,0.037,24+ Months,Mid Value,0,Dormant
CUST02856,Male,26,Married,Tier 2,Mobile,Credit Card,Grocery,2022-06-30,30,1.1,1506.0,33,49698.0,1656.6,39758.4,175,4.5,4,0,No Complaint,205.52,0,1,3,3,0,,0.03,24+ Months,Mid Value,0,Dormant
CUST02857,Male,21,Married,Tier 3,Desktop,Debit Card,Fashion,2024-08-31,4,2.0,797.78,8,6382.24,1595.56,38293.44,10,2.6,4,0,No Complaint,105.66,2,2,1,6,0,,0.25,3-6 Months,Mid Value,0,Active
CUST02858,Male,29,Married,Tier 2,Tablet,UPI,Fashion,2024-10-01,3,0.5,186.73,2,373.46,93.36,2240.64,141,6.2,5,0,No Complaint,62.96,2,0,2,5,0,,0.0,0-3 Months,Low Value,0,Dormant
CUST02859,Male,26,Single,Tier 1,Mobile,COD,Grocery,2022-12-30,24,3.8,280.14,91,25492.74,1064.53,25548.72,66,2.4,3,0,No Complaint,454.98,5,26,21,1,0,,0.286,12-24 Months,Mid Value,0,At Risk
CUST02860,Male,30,Single,Tier 3,Desktop,Wallet,Fashion,2023-12-31,12,0.5,746.92,6,4481.52,373.46,0.0,28,6.9,4,0,No Complaint,315.51,2,2,9,6,1,2024-07-30,0.333,6-12 Months,Low Value,0,Active
CUST02861,Female,43,Single,Tier 1,Mobile,Debit Card,Beauty,2023-12-31,12,0.5,310.31,6,1861.86,155.16,3723.84,35,3.0,3,1,Yes,0.62,2,1,1,5,0,,0.167,6-12 Months,Low Value,0,Slipping
CUST02862,Male,55,Married,Tier 1,Mobile,Credit Card,Fashion,2022-12-30,24,0.6,2000.85,14,28011.9,1200.51,0.0,166,7.0,5,1,Yes,129.48,5,1,6,8,1,2023-06-27,0.071,12-24 Months,Mid Value,0,Dormant
CUST02863,Female,59,Single,Tier 1,Desktop,UPI,Fashion,2022-06-30,30,2.2,509.6,66,33633.6,1121.12,0.0,145,3.0,4,1,Yes,57.79,2,1,3,3,1,2023-01-21,0.015,24+ Months,Mid Value,0,Dormant
CUST02864,Female,30,Married,Tier 2,Desktop,Debit Card,Electronics,2024-08-31,4,0.8,740.79,3,2222.37,592.63,14223.12,56,1.0,5,0,No Complaint,185.27,3,1,33,8,0,,0.333,3-6 Months,Low Value,0,Slipping
CUST02865,Male,56,Single,Tier 1,Mobile,Debit Card,Fashion,2023-12-31,12,1.1,3024.92,13,39323.96,3327.41,0.0,169,4.8,4,0,No Complaint,125.72,3,1,24,5,1,2024-03-07,0.077,6-12 Months,High Value,0,Dormant
CUST02866,Female,45,Married,Tier 1,Desktop,Debit Card,Electronics,2022-06-30,30,6.7,1847.25,201,371297.25,12376.58,297037.92,19,5.7,4,0,No Complaint,3.85,4,28,9,6,0,,0.139,24+ Months,High Value,0,Active
CUST02867,Male,36,Married,Tier 1,Mobile,UPI,Electronics,2022-06-30,30,4.7,1144.16,141,161326.56,5377.55,0.0,58,2.6,3,1,No,234.2,3,16,1,4,1,2024-09-12,0.113,24+ Months,High Value,1,Slipping
CUST02868,Female,41,Single,Tier 1,Mobile,Debit Card,Beauty,2024-08-01,5,4.8,1048.15,24,25155.6,5031.12,0.0,117,7.4,5,2,No,57.98,4,5,1,3,1,2024-12-17,0.208,3-6 Months,High Value,1,Dormant
CUST02869,Male,36,Married,Tier 2,Mobile,Debit Card,Sports,2024-10-31,2,2.2,528.83,4,2115.32,1163.43,27922.32,179,7.0,4,0,No Complaint,54.26,3,1,11,4,0,,0.25,0-3 Months,Mid Value,0,Dormant
CUST02870,Male,30,Married,Tier 3,Mobile,UPI,Beauty,2024-08-31,4,5.0,1529.71,20,30594.2,7648.55,183565.2,84,4.2,1,0,No Complaint,5.84,3,2,7,7,0,,0.1,3-6 Months,High Value,0,At Risk
CUST02871,Female,30,Married,Tier 3,Mobile,UPI,Fashion,2021-12-29,36,3.8,1042.0,137,142754.0,3959.6,0.0,146,5.1,1,0,No Complaint,317.2,1,3,2,2,1,2024-01-17,0.022,24+ Months,High Value,0,Dormant
CUST02872,Female,45,Single,Tier 1,Mobile,UPI,Home & Kitchen,2024-03-01,10,7.7,816.62,77,62879.74,6287.97,150911.28,164,4.5,4,0,No Complaint,155.65,3,0,1,1,0,,0.0,6-12 Months,High Value,0,Dormant
CUST02873,Female,19,Married,Tier 1,Desktop,COD,Electronics,2024-05-01,8,0.5,1406.31,4,5625.24,703.16,16875.84,2,5.7,2,0,No Complaint,119.39,3,0,4,2,0,,0.0,6-12 Months,Low Value,0,Active
CUST02874,Male,27,Single,Tier 3,Desktop,Debit Card,Electronics,2024-12-01,1,0.5,1424.05,1,1424.05,712.02,17088.48,52,6.0,4,0,No Complaint,202.76,3,0,17,5,0,,0.0,0-3 Months,Low Value,0,Slipping
CUST02875,Female,39,Married,Tier 1,Mobile,COD,Electronics,2024-12-01,1,0.5,454.9,1,454.9,227.45,5458.8,18,1.5,3,0,No Complaint,76.26,6,0,6,3,0,,0.0,0-3 Months,Low Value,0,Active
CUST02876,Male,30,Married,Tier 3,Mobile,UPI,Electronics,2023-07-01,18,6.6,1705.65,119,202972.35,11257.29,0.0,139,7.5,4,4,Yes,151.69,1,32,3,2,1,2024-12-25,0.269,12-24 Months,High Value,0,Dormant
CUST02877,Male,26,Married,Tier 1,Mobile,Net Banking,Home & Kitchen,2023-07-01,18,2.3,845.65,41,34671.65,1945.0,0.0,102,6.6,2,2,Yes,51.61,6,5,1,3,1,2024-11-25,0.122,12-24 Months,Mid Value,0,Dormant
CUST02878,Male,50,Single,Tier 3,Tablet,COD,Electronics,2023-12-31,12,1.4,951.71,17,16179.07,1332.39,31977.36,18,2.6,3,1,Yes,11.7,3,4,2,7,0,,0.235,6-12 Months,Mid Value,0,Active
CUST02879,Female,31,Married,Tier 1,Mobile,Credit Card,Grocery,2024-10-31,2,1.8,357.47,4,1429.88,643.45,0.0,76,7.1,3,2,No,148.33,1,1,4,6,1,2024-12-28,0.25,0-3 Months,Low Value,1,At Risk
CUST02880,Male,37,Single,Tier 2,Mobile,UPI,Fashion,2024-06-01,7,4.4,365.15,31,11319.65,1606.66,38559.84,93,7.9,4,0,No Complaint,45.0,5,0,11,6,0,,0.0,6-12 Months,Mid Value,0,Dormant
CUST02881,Male,32,Single,Tier 2,Mobile,UPI,Beauty,2022-06-30,30,6.6,324.29,198,64209.42,2140.31,0.0,125,1.4,2,0,No Complaint,249.56,7,74,5,3,1,2023-04-05,0.374,24+ Months,Mid Value,0,Dormant
CUST02882,Female,49,Married,Tier 2,Mobile,Wallet,Beauty,2024-10-01,3,3.3,4794.1,10,47941.0,15820.53,0.0,140,5.7,3,0,No Complaint,108.21,2,3,5,2,1,2024-10-22,0.3,0-3 Months,High Value,0,Dormant
CUST02883,Male,50,Married,Tier 1,Mobile,UPI,Electronics,2021-12-29,36,3.6,4393.23,130,571119.9,15815.63,379575.12,16,6.2,3,1,Yes,51.88,5,34,3,1,0,,0.262,24+ Months,High Value,0,Active
CUST02884,Male,34,Married,Tier 2,Desktop,Credit Card,Beauty,2024-10-31,2,1.0,272.81,2,545.62,272.81,6547.44,88,5.2,5,3,Yes,168.73,9,1,2,3,0,,0.5,0-3 Months,Low Value,0,At Risk
CUST02885,Male,41,Married,Tier 2,Desktop,UPI,Beauty,2024-10-01,3,1.6,311.06,5,1555.3,497.7,11944.8,29,6.6,4,0,No Complaint,22.32,2,1,9,5,0,,0.2,0-3 Months,Low Value,0,Active
CUST02886,Female,47,Single,Tier 1,Mobile,COD,Grocery,2024-03-01,10,5.4,627.28,54,33873.12,3387.31,81295.44,135,4.9,4,0,No Complaint,257.95,2,3,10,2,0,,0.056,6-12 Months,High Value,0,Dormant
CUST02887,Male,30,Single,Tier 1,Mobile,UPI,Grocery,2021-12-29,36,3.9,1948.84,140,272837.6,7600.48,0.0,118,5.4,5,2,No,108.32,3,32,26,7,1,2023-06-08,0.229,24+ Months,High Value,1,Dormant
CUST02888,Male,64,Single,Tier 2,Mobile,Credit Card,Grocery,2024-07-01,6,2.9,1390.8,17,23643.6,4033.32,0.0,130,1.1,4,0,No Complaint,301.46,3,0,18,3,1,2024-11-01,0.0,3-6 Months,High Value,0,Dormant
CUST02889,Female,33,Single,Tier 1,Desktop,Credit Card,Fashion,2023-07-01,18,0.5,4093.75,9,36843.75,2046.88,0.0,14,3.3,5,1,No,26.75,6,3,7,9,1,2024-04-28,0.333,12-24 Months,Mid Value,1,Active
CUST02890,Female,19,Single,Tier 2,Mobile,Credit Card,Grocery,2023-07-01,18,0.5,725.47,9,6529.23,362.74,8705.76,92,6.8,4,1,No,86.79,3,2,8,5,0,,0.222,12-24 Months,Low Value,1,Dormant
CUST02891,Male,34,Single,Tier 1,Desktop,Credit Card,Electronics,2024-10-01,3,0.5,551.07,2,1102.14,275.54,0.0,151,3.2,2,0,No Complaint,35.73,5,0,4,7,1,2024-11-13,0.0,0-3 Months,Low Value,0,Dormant
CUST02892,Female,49,Single,Tier 2,Mobile,Credit Card,Electronics,2024-08-01,5,2.2,933.69,11,10270.59,2054.12,0.0,128,4.4,4,1,Yes,11.37,4,1,29,1,1,2024-08-30,0.091,3-6 Months,Mid Value,0,Dormant
CUST02893,Female,60,Married,Tier 1,Mobile,COD,Home & Kitchen,2021-12-29,36,1.9,794.99,68,54059.32,1510.48,0.0,155,2.5,3,0,No Complaint,559.59,1,13,20,6,1,2024-08-14,0.191,24+ Months,Mid Value,0,Dormant
CUST02894,Female,25,Married,Tier 2,Mobile,COD,Fashion,2024-10-01,3,7.1,880.87,21,18498.27,6254.18,150100.32,37,3.3,3,0,No Complaint,233.46,6,8,1,2,0,,0.381,0-3 Months,High Value,0,Slipping
CUST02895,Male,20,Married,Tier 1,Mobile,COD,Fashion,2022-12-30,24,3.0,967.6,72,69667.2,2902.8,69667.2,52,5.1,4,3,Yes,70.91,2,4,4,7,0,,0.056,12-24 Months,High Value,0,Slipping
CUST02896,Female,29,Single,Tier 1,Mobile,UPI,Fashion,2021-12-29,36,0.9,3960.09,32,126722.88,3564.08,0.0,79,4.3,2,0,No Complaint,50.86,2,0,4,3,1,2022-06-01,0.0,24+ Months,High Value,0,At Risk
CUST02897,Male,37,Single,Tier 1,Mobile,COD,Fashion,2024-10-31,2,0.5,976.67,1,976.67,488.34,0.0,94,1.2,1,0,No Complaint,41.14,3,0,3,4,1,2024-11-09,0.0,0-3 Months,Low Value,0,Dormant
CUST02898,Male,33,Single,Tier 3,Mobile,UPI,Fashion,2024-05-01,8,4.7,426.55,38,16208.9,2004.78,48114.72,46,3.1,3,0,No Complaint,7.91,1,3,5,3,0,,0.079,6-12 Months,Mid Value,0,Slipping
CUST02899,Male,31,Single,Tier 1,Mobile,UPI,Sports,2024-08-31,4,1.5,732.62,6,4395.72,1098.93,26374.32,69,7.0,5,0,No Complaint,19.5,3,2,5,4,0,,0.333,3-6 Months,Mid Value,0,At Risk
CUST02900,Male,33,Married,Tier 2,Mobile,Wallet,Fashion,2024-08-31,4,2.6,1492.16,10,14921.6,3879.62,0.0,123,6.4,1,0,No Complaint,19.55,7,0,12,2,1,2024-12-05,0.0,3-6 Months,High Value,0,Dormant
CUST02901,Male,60,Married,Tier 1,Mobile,COD,Grocery,2024-10-31,2,2.1,1366.85,4,5467.4,2870.38,0.0,116,4.6,2,0,No Complaint,197.53,4,1,19,6,1,2024-12-31,0.25,0-3 Months,High Value,0,Dormant
CUST02902,Female,50,Married,Tier 1,Mobile,Debit Card,Fashion,2023-07-01,18,0.5,1315.68,9,11841.12,657.84,15788.16,20,5.1,5,1,Yes,162.57,1,0,6,3,0,,0.0,12-24 Months,Low Value,0,Active
CUST02903,Male,47,Married,Tier 2,Desktop,Net Banking,Grocery,2022-12-30,24,0.5,273.34,12,3280.08,136.67,0.0,177,3.3,3,0,No Complaint,151.16,4,1,2,5,1,2023-08-18,0.083,12-24 Months,Low Value,0,Dormant
CUST02904,Male,29,Married,Tier 2,Mobile,Wallet,Sports,2023-07-01,18,1.2,301.38,22,6630.36,361.66,0.0,101,7.0,5,2,Yes,238.68,3,11,6,2,1,2024-08-10,0.5,12-24 Months,Low Value,0,Dormant
CUST02905,Male,32,Single,Tier 3,Mobile,Debit Card,Electronics,2021-12-29,36,1.1,818.97,40,32758.8,900.87,0.0,87,4.0,3,0,No Complaint,52.06,1,1,2,6,1,2024-01-17,0.025,24+ Months,Mid Value,0,At Risk
CUST02906,Male,35,Married,Tier 3,Mobile,Debit Card,Home & Kitchen,2024-10-01,3,2.8,1226.91,8,9815.28,3435.35,0.0,174,2.3,4,1,Yes,75.47,2,3,3,5,1,2024-10-12,0.375,0-3 Months,High Value,0,Dormant
CUST02907,Female,45,Married,Tier 3,Mobile,COD,Sports,2024-07-01,6,2.5,501.83,15,7527.45,1254.58,0.0,26,1.4,3,0,No Complaint,24.39,2,5,6,4,1,2024-10-10,0.333,3-6 Months,Mid Value,0,Active
CUST02908,Male,40,Married,Tier 2,Mobile,UPI,Grocery,2024-06-01,7,8.7,2555.39,61,155878.79,22231.89,0.0,98,1.4,1,0,No Complaint,159.49,4,21,24,6,1,2024-06-04,0.344,6-12 Months,High Value,0,Dormant
CUST02909,Male,31,Married,Tier 2,Desktop,UPI,Electronics,2024-08-31,4,4.9,1311.01,20,26220.2,6423.95,0.0,145,3.1,5,0,No Complaint,486.3,3,4,5,1,1,2024-10-03,0.2,3-6 Months,High Value,0,Dormant
CUST02910,Male,47,Single,Tier 2,Mobile,COD,Grocery,2024-10-01,3,1.7,624.71,5,3123.55,1062.01,0.0,72,7.5,5,2,Yes,357.98,2,0,1,8,1,2024-12-08,0.0,0-3 Months,Mid Value,0,At Risk
CUST02911,Male,50,Single,Tier 3,Mobile,Credit Card,Home & Kitchen,2024-03-01,10,1.7,6286.39,17,106868.63,10686.86,256484.64,132,9.3,4,0,No Complaint,145.74,1,4,1,6,0,,0.235,6-12 Months,High Value,0,Dormant
CUST02912,Male,62,Single,Tier 2,Desktop,UPI,Fashion,2022-06-30,30,2.8,648.15,84,54444.6,1814.82,43555.68,161,6.4,4,0,No Complaint,186.22,5,3,4,3,0,,0.036,24+ Months,Mid Value,0,Dormant
CUST02913,Female,32,Single,Tier 2,Desktop,UPI,Electronics,2021-12-29,36,0.5,693.27,18,12478.86,346.64,0.0,47,1.4,1,0,No Complaint,876.19,3,6,1,5,1,2022-09-08,0.333,24+ Months,Low Value,0,Slipping
CUST02914,Female,24,Single,Tier 1,Tablet,Credit Card,Electronics,2024-10-31,2,15.0,670.99,30,20129.7,10064.85,0.0,44,2.5,4,1,No,131.13,3,0,3,5,1,2024-11-29,0.0,0-3 Months,High Value,1,Slipping
CUST02915,Male,32,Single,Tier 1,Desktop,Wallet,Electronics,2022-06-30,30,1.8,924.49,54,49922.46,1664.08,0.0,65,2.5,4,4,Yes,368.06,2,4,16,5,1,2023-07-12,0.074,24+ Months,Mid Value,0,At Risk
CUST02916,Female,59,Married,Tier 3,Desktop,Debit Card,Home & Kitchen,2022-06-30,30,6.0,423.13,180,76163.4,2538.78,60930.72,75,4.0,4,0,No Complaint,125.0,6,0,9,5,0,,0.0,24+ Months,High Value,0,At Risk
CUST02917,Female,63,Married,Tier 1,Mobile,Debit Card,Electronics,2024-05-01,8,8.6,1504.21,69,103790.49,12936.21,310469.04,20,3.0,4,1,Yes,8.83,2,9,8,3,0,,0.13,6-12 Months,High Value,0,Active
CUST02918,Female,55,Single,Tier 2,Mobile,Wallet,Electronics,2024-10-31,2,2.2,1656.35,4,6625.4,3643.97,87455.28,42,5.6,3,0,No Complaint,491.07,3,0,4,1,0,,0.0,0-3 Months,High Value,0,Slipping
CUST02919,Male,63,Single,Tier 1,Mobile,Net Banking,Grocery,2021-12-29,36,0.5,1432.24,18,25780.32,716.12,17186.88,157,4.0,4,5,Yes,21.36,4,2,12,0,0,,0.111,24+ Months,Low Value,0,Dormant
CUST02920,Male,61,Married,Tier 3,Desktop,Credit Card,Fashion,2023-07-01,18,2.1,653.81,38,24844.78,1373.0,0.0,102,6.1,3,2,No,219.25,2,2,52,4,1,2024-03-25,0.053,12-24 Months,Mid Value,1,Dormant
CUST02921,Male,28,Single,Tier 1,Tablet,Net Banking,Fashion,2021-12-29,36,2.3,655.88,83,54438.04,1508.52,36204.48,48,5.6,4,0,No Complaint,48.92,3,12,3,4,0,,0.145,24+ Months,Mid Value,0,Slipping
CUST02922,Female,46,Married,Tier 3,Mobile,Credit Card,Grocery,2024-03-01,10,3.9,1379.08,39,53784.12,5378.41,0.0,169,6.9,2,0,No Complaint,416.34,5,5,9,6,1,2024-12-25,0.128,6-12 Months,High Value,0,Dormant
CUST02923,Female,48,Married,Tier 1,Mobile,UPI,Electronics,2024-05-01,8,0.5,1044.13,4,4176.52,522.07,12529.68,139,3.2,4,0,No Complaint,40.28,8,1,2,5,0,,0.25,6-12 Months,Low Value,0,Dormant
CUST02924,Male,42,Married,Tier 3,Desktop,UPI,Electronics,2024-08-01,5,1.6,512.2,8,4097.6,819.52,0.0,65,6.2,2,1,Yes,27.16,3,0,1,6,1,2024-11-06,0.0,3-6 Months,Low Value,0,At Risk
CUST02925,Male,41,Single,Tier 2,Desktop,Debit Card,Fashion,2021-12-29,36,6.4,217.7,230,50071.0,1393.28,0.0,138,3.1,2,0,No Complaint,103.95,4,46,28,5,1,2024-01-28,0.2,24+ Months,Mid Value,0,Dormant
CUST02926,Female,36,Married,Tier 1,Mobile,Credit Card,Grocery,2024-08-01,5,11.9,681.07,60,40864.2,8104.73,0.0,107,4.4,1,1,Yes,123.58,4,21,2,5,1,2024-08-28,0.35,3-6 Months,High Value,0,Dormant
CUST02927,Female,19,Single,Tier 2,Tablet,Debit Card,Beauty,2024-12-01,1,0.5,1293.9,1,1293.9,646.95,0.0,123,3.0,2,1,Yes,307.59,3,0,1,5,1,2024-12-22,0.0,0-3 Months,Low Value,0,Dormant
CUST02928,Female,39,Single,Tier 1,Mobile,Debit Card,Home & Kitchen,2024-01-31,11,5.1,1269.56,56,71095.36,6474.76,155394.24,58,5.1,3,0,No Complaint,258.69,5,4,5,5,0,,0.071,6-12 Months,High Value,0,Slipping
CUST02929,Female,37,Married,Tier 1,Mobile,UPI,Fashion,2024-06-01,7,0.5,311.02,4,1244.08,155.51,0.0,38,6.9,3,1,Yes,71.62,3,0,10,8,1,2024-07-30,0.0,6-12 Months,Low Value,0,Slipping
CUST02930,Male,50,Married,Tier 3,Mobile,UPI,Grocery,2024-08-01,5,4.6,1613.43,23,37108.89,7421.78,178122.72,46,6.6,3,3,Yes,87.49,1,5,1,5,0,,0.217,3-6 Months,High Value,0,Slipping
CUST02931,Female,25,Single,Tier 2,Mobile,Debit Card,Home & Kitchen,2023-07-01,18,0.8,3280.35,14,45924.9,2624.28,62982.72,15,5.1,1,0,No Complaint,154.73,2,1,4,4,0,,0.071,12-24 Months,High Value,0,Active
CUST02932,Female,42,Married,Tier 2,Mobile,UPI,Electronics,2024-06-01,7,8.0,702.17,56,39321.52,5617.36,0.0,85,4.2,5,2,No,144.36,2,20,5,5,1,2024-09-29,0.357,6-12 Months,High Value,1,At Risk
CUST02933,Male,63,Single,Tier 1,Desktop,Debit Card,Home & Kitchen,2024-05-01,8,3.0,778.65,24,18687.6,2335.95,56062.8,73,4.5,2,0,No Complaint,356.55,2,4,5,6,0,,0.167,6-12 Months,Mid Value,0,At Risk
CUST02934,Female,26,Single,Tier 2,Desktop,Debit Card,Home & Kitchen,2024-12-01,1,1.3,622.5,1,622.5,809.25,19422.0,1,7.2,4,0,No Complaint,115.12,4,0,4,3,0,,0.0,0-3 Months,Low Value,0,Active
CUST02935,Female,51,Married,Tier 3,Desktop,Debit Card,Fashion,2023-07-01,18,0.8,701.19,14,9816.66,560.95,0.0,154,3.0,4,4,No,403.15,3,0,1,4,1,2023-07-26,0.0,12-24 Months,Low Value,1,Dormant
CUST02936,Male,40,Single,Tier 2,Mobile,UPI,Fashion,2024-10-31,2,0.7,2096.59,1,2096.59,1467.61,0.0,123,5.3,4,1,Yes,41.31,2,0,10,2,1,2024-12-09,0.0,0-3 Months,Mid Value,0,Dormant
CUST02937,Female,22,Single,Tier 3,Mobile,Debit Card,Fashion,2024-08-31,4,2.9,518.51,12,6222.12,1503.68,0.0,80,6.5,2,1,Yes,363.98,6,1,8,4,1,2024-12-22,0.083,3-6 Months,Mid Value,0,At Risk
CUST02938,Female,42,Single,Tier 3,Mobile,COD,Fashion,2022-12-30,24,5.7,1063.76,137,145735.12,6063.43,145522.32,174,4.5,3,0,No Complaint,65.31,5,11,1,6,0,,0.08,12-24 Months,High Value,0,Dormant
CUST02939,Female,25,Single,Tier 1,Mobile,Wallet,Home & Kitchen,2024-07-01,6,3.5,740.61,21,15552.81,2592.14,0.0,169,6.2,4,0,No Complaint,280.28,1,1,7,2,1,2024-11-21,0.048,3-6 Months,High Value,0,Dormant
CUST02940,Male,33,Single,Tier 1,Mobile,COD,Home & Kitchen,2024-10-01,3,4.5,1026.08,14,14365.12,4617.36,0.0,18,8.5,4,0,No Complaint,149.99,3,1,11,0,1,2024-11-11,0.071,0-3 Months,High Value,0,Active
CUST02941,Male,62,Married,Tier 3,Mobile,Debit Card,Fashion,2023-12-31,12,3.8,734.93,46,33806.78,2792.73,67025.52,111,4.3,4,1,Yes,375.11,4,6,1,4,0,,0.13,6-12 Months,High Value,0,Dormant
CUST02942,Female,32,Married,Tier 2,Mobile,UPI,Grocery,2024-08-31,4,9.7,1594.83,39,62198.37,15469.85,371276.4,147,4.0,4,1,Yes,47.34,1,11,12,8,0,,0.282,3-6 Months,High Value,0,Dormant
CUST02943,Male,18,Married,Tier 1,Desktop,Debit Card,Grocery,2024-08-01,5,3.5,1860.58,18,33490.44,6512.03,0.0,31,4.9,3,0,No Complaint,217.62,5,4,2,5,1,2024-09-26,0.222,3-6 Months,High Value,0,Slipping
CUST02944,Female,39,Married,Tier 1,Mobile,Wallet,Electronics,2023-07-01,18,0.6,1166.58,11,12832.38,699.95,16798.8,23,5.4,5,0,No Complaint,340.24,3,1,9,4,0,,0.091,12-24 Months,Low Value,0,Active
CUST02945,Female,20,Married,Tier 2,Tablet,UPI,Grocery,2022-12-30,24,3.9,772.15,94,72582.1,3011.38,72273.12,47,6.9,4,1,Yes,269.86,4,7,9,6,0,,0.074,12-24 Months,High Value,0,Slipping
CUST02946,Male,55,Married,Tier 3,Mobile,UPI,Sports,2022-12-30,24,1.0,1557.34,24,37376.16,1557.34,0.0,51,6.8,3,4,Yes,150.25,4,3,7,4,1,2024-10-23,0.125,12-24 Months,Mid Value,0,Slipping
CUST02947,Male,31,Married,Tier 1,Tablet,UPI,Fashion,2024-03-01,10,13.7,531.42,137,72804.54,7280.45,174730.8,173,5.1,5,1,Yes,202.53,1,2,2,4,0,,0.015,6-12 Months,High Value,0,Dormant
CUST02948,Male,53,Single,Tier 1,Mobile,COD,Fashion,2024-04-01,9,1.2,1212.77,11,13340.47,1455.32,34927.68,140,1.0,4,1,Yes,39.38,0,1,3,0,0,,0.091,6-12 Months,Mid Value,0,Dormant
CUST02949,Male,35,Single,Tier 3,Mobile,Credit Card,Fashion,2022-06-30,30,0.9,626.33,27,16910.91,563.7,13528.8,11,1.9,4,2,No,43.91,2,1,5,6,0,,0.037,24+ Months,Low Value,1,Active
CUST02950,Female,64,Married,Tier 3,Mobile,UPI,Electronics,2024-08-31,4,0.7,1043.66,3,3130.98,730.56,0.0,141,6.2,5,0,No Complaint,55.98,4,1,1,2,1,2024-09-08,0.333,3-6 Months,Low Value,0,Dormant
CUST02951,Female,58,Single,Tier 2,Desktop,Net Banking,Electronics,2024-10-01,3,2.7,458.6,8,3668.8,1238.22,29717.28,31,3.4,4,0,No Complaint,316.86,3,1,4,2,0,,0.125,0-3 Months,Mid Value,0,Slipping
CUST02952,Female,35,Married,Tier 3,Mobile,Debit Card,Electronics,2023-07-01,18,0.5,2056.27,9,18506.43,1028.14,24675.36,64,6.4,4,1,Yes,32.98,3,1,9,0,0,,0.111,12-24 Months,Mid Value,0,At Risk
CUST02953,Female,20,Married,Tier 2,Mobile,Credit Card,Grocery,2024-05-01,8,7.7,372.49,62,23094.38,2868.17,68836.08,58,6.0,4,2,Yes,63.92,1,4,1,1,0,,0.065,6-12 Months,High Value,0,Slipping
CUST02954,Male,27,Single,Tier 3,Desktop,Credit Card,Beauty,2022-12-30,24,0.9,820.55,22,18052.1,738.5,0.0,49,4.2,3,1,Yes,455.61,1,3,11,1,1,2024-10-10,0.136,12-24 Months,Low Value,0,Slipping
CUST02955,Female,56,Married,Tier 2,Mobile,UPI,Electronics,2024-08-01,5,0.9,319.28,4,1277.12,287.35,6896.4,56,3.0,4,0,No Complaint,253.34,5,0,5,4,0,,0.0,3-6 Months,Low Value,0,Slipping
CUST02956,Female,64,Single,Tier 1,Mobile,Credit Card,Electronics,2024-07-01,6,0.5,2025.94,3,6077.82,1012.97,0.0,136,4.2,2,0,No Complaint,237.78,5,1,5,3,1,2024-10-27,0.333,3-6 Months,Mid Value,0,Dormant
CUST02957,Female,18,Married,Tier 2,Mobile,Credit Card,Home & Kitchen,2021-12-29,36,0.7,2664.91,25,66622.75,1865.44,44770.56,48,4.9,4,1,Yes,109.3,2,5,2,0,0,,0.2,24+ Months,Mid Value,0,Slipping
CUST02958,Female,44,Married,Tier 2,Desktop,Debit Card,Home & Kitchen,2024-04-01,9,1.4,390.07,13,5070.91,546.1,0.0,144,2.0,1,1,Yes,218.14,5,3,4,8,1,2024-09-02,0.231,6-12 Months,Low Value,0,Dormant
CUST02959,Male,44,Married,Tier 3,Mobile,COD,Fashion,2023-07-01,18,1.2,1126.63,22,24785.86,1351.96,32447.04,17,6.2,2,0,No Complaint,150.14,0,0,6,3,0,,0.0,12-24 Months,Mid Value,0,Active
CUST02960,Female,28,Single,Tier 1,Mobile,Debit Card,Electronics,2024-10-31,2,0.8,729.91,2,1459.82,583.93,0.0,107,5.8,4,1,Yes,13.35,4,0,31,6,1,2024-12-11,0.0,0-3 Months,Low Value,0,Dormant
CUST02961,Male,22,Single,Tier 3,Mobile,UPI,Home & Kitchen,2024-10-01,3,0.5,1284.92,2,2569.84,642.46,15419.04,155,4.8,3,1,Yes,154.67,2,0,8,4,0,,0.0,0-3 Months,Low Value,0,Dormant
CUST02962,Male,24,Married,Tier 3,Mobile,Debit Card,Fashion,2024-12-01,1,0.9,2706.63,1,2706.63,2435.97,0.0,15,4.8,3,0,No Complaint,108.35,4,0,8,3,1,2024-12-14,0.0,0-3 Months,Mid Value,0,Active
CUST02963,Male,36,Married,Tier 1,Desktop,COD,Electronics,2024-04-01,9,3.8,1175.9,34,39980.6,4468.42,107242.08,114,7.1,5,0,No Complaint,21.78,7,3,46,1,0,,0.088,6-12 Months,High Value,0,Dormant
CUST02964,Female,46,Single,Tier 3,Mobile,UPI,Electronics,2021-12-29,36,1.4,525.37,50,26268.5,735.52,17652.48,92,3.2,3,2,No,75.96,5,8,1,5,0,,0.16,24+ Months,Low Value,1,Dormant
CUST02965,Female,32,Single,Tier 2,Mobile,UPI,Fashion,2022-06-30,30,0.9,553.73,27,14950.71,498.36,11960.64,60,3.9,4,2,Yes,405.34,3,6,16,4,0,,0.222,24+ Months,Low Value,0,Slipping
CUST02966,Female,52,Single,Tier 3,Mobile,Debit Card,Fashion,2023-07-01,18,0.9,700.83,16,11213.28,630.75,15138.0,19,4.6,4,0,No Complaint,293.06,5,6,13,4,0,,0.375,12-24 Months,Low Value,0,Active
CUST02967,Female,64,Married,Tier 2,Mobile,Debit Card,Electronics,2022-06-30,30,2.0,539.47,60,32368.2,1078.94,0.0,122,3.5,1,5,Yes,441.41,3,5,1,6,1,2022-10-27,0.083,24+ Months,Mid Value,0,Dormant
CUST02968,Female,54,Married,Tier 2,Mobile,UPI,Beauty,2023-07-01,18,0.9,1528.68,16,24458.88,1375.81,0.0,56,4.3,4,0,No Complaint,227.27,4,1,5,5,1,2023-11-21,0.062,12-24 Months,Mid Value,0,Slipping
CUST02969,Female,29,Single,Tier 2,Mobile,COD,Home & Kitchen,2024-06-01,7,2.5,1622.64,18,29207.52,4056.6,97358.4,61,1.7,4,0,No Complaint,180.21,6,0,6,4,0,,0.0,6-12 Months,High Value,0,At Risk
CUST02970,Male,47,Single,Tier 1,Mobile,Debit Card,Sports,2024-10-01,3,11.4,2168.39,34,73725.26,24719.65,0.0,129,3.8,3,0,No Complaint,26.99,2,8,1,5,1,2024-10-06,0.235,0-3 Months,High Value,0,Dormant
CUST02971,Male,37,Married,Tier 1,Tablet,Net Banking,Fashion,2023-07-01,18,0.5,666.92,9,6002.28,333.46,0.0,170,4.3,1,2,Yes,20.41,3,0,5,2,1,2023-08-08,0.0,12-24 Months,Low Value,0,Dormant
CUST02972,Male,54,Married,Tier 2,Mobile,UPI,Fashion,2024-08-31,4,0.5,2014.2,2,4028.4,1007.1,24170.4,60,3.2,3,2,No,51.01,8,0,17,1,0,,0.0,3-6 Months,Mid Value,1,Slipping
CUST02973,Female,20,Married,Tier 3,Mobile,COD,Beauty,2024-05-01,8,0.5,2916.92,4,11667.68,1458.46,35003.04,134,6.8,5,1,Yes,67.89,3,0,1,3,0,,0.0,6-12 Months,Mid Value,0,Dormant
CUST02974,Female,26,Married,Tier 2,Mobile,UPI,Grocery,2022-06-30,30,1.5,354.77,45,15964.65,532.16,12771.84,172,5.3,2,0,No Complaint,168.13,6,3,14,2,0,,0.067,24+ Months,Low Value,0,Dormant
CUST02975,Male,58,Single,Tier 2,Mobile,Debit Card,Electronics,2024-10-31,2,0.5,638.37,1,638.37,319.18,0.0,18,4.3,3,1,Yes,377.66,6,0,15,3,1,2024-11-19,0.0,0-3 Months,Low Value,0,Active
CUST02976,Male,56,Single,Tier 1,Desktop,Debit Card,Fashion,2024-10-31,2,1.6,832.39,3,2497.17,1331.82,31963.68,95,3.4,3,0,No Complaint,398.51,4,1,1,3,0,,0.333,0-3 Months,Mid Value,0,Dormant
CUST02977,Female,43,Married,Tier 2,Mobile,Credit Card,Electronics,2024-08-31,4,6.6,1596.55,26,41510.3,10537.23,252893.52,2,1.7,5,3,Yes,206.43,5,0,19,4,0,,0.0,3-6 Months,High Value,0,Active
CUST02978,Male,19,Married,Tier 1,Mobile,COD,Electronics,2023-12-31,12,0.5,2294.1,6,13764.6,1147.05,0.0,148,3.3,4,0,No Complaint,153.56,1,1,10,5,1,2024-09-08,0.167,6-12 Months,Mid Value,0,Dormant
CUST02979,Female,40,Married,Tier 3,Desktop,UPI,Fashion,2024-08-01,5,1.1,267.36,6,1604.16,294.1,7058.4,52,4.6,5,0,No Complaint,50.44,2,0,23,2,0,,0.0,3-6 Months,Low Value,0,Slipping
CUST02980,Female,40,Married,Tier 3,Mobile,Debit Card,Sports,2024-01-31,11,3.6,561.89,40,22475.6,2022.8,0.0,60,4.4,5,4,Yes,500.35,5,4,21,0,1,2024-03-30,0.1,6-12 Months,Mid Value,0,Slipping
CUST02981,Male,38,Married,Tier 2,Mobile,UPI,Fashion,2024-07-01,6,0.5,2001.9,3,6005.7,1000.95,0.0,124,3.2,5,1,No,200.17,2,1,2,3,1,2024-07-25,0.333,3-6 Months,Mid Value,1,Dormant
CUST02982,Male,33,Single,Tier 1,Mobile,COD,Sports,2024-01-31,11,0.5,494.52,6,2967.12,247.26,0.0,142,7.5,4,0,No Complaint,137.23,4,2,6,5,1,2024-05-30,0.333,6-12 Months,Low Value,0,Dormant
CUST02983,Female,26,Single,Tier 1,Mobile,UPI,Home & Kitchen,2024-08-01,5,2.5,1569.87,12,18838.44,3924.68,94192.32,72,6.5,4,0,No Complaint,19.76,5,2,5,3,0,,0.167,3-6 Months,High Value,0,At Risk
CUST02984,Female,30,Married,Tier 2,Mobile,COD,Electronics,2021-12-29,36,0.5,1341.43,18,24145.74,670.72,0.0,120,3.7,5,2,No,314.65,4,2,10,5,1,2022-10-02,0.111,24+ Months,Low Value,1,Dormant
CUST02985,Female,45,Married,Tier 2,Mobile,COD,Beauty,2024-03-01,10,4.0,1547.03,40,61881.2,6188.12,0.0,172,5.6,3,0,No Complaint,77.26,3,15,7,3,1,2024-09-15,0.375,6-12 Months,High Value,0,Dormant
CUST02986,Female,44,Married,Tier 3,Mobile,COD,Grocery,2022-12-30,24,0.5,1560.92,12,18731.04,780.46,0.0,159,6.8,1,0,No Complaint,415.52,3,1,27,2,1,2024-04-07,0.083,12-24 Months,Low Value,0,Dormant
CUST02987,Male,34,Married,Tier 1,Mobile,UPI,Fashion,2022-12-30,24,1.9,666.05,46,30638.3,1265.49,30371.76,126,5.1,3,0,No Complaint,33.2,1,6,6,4,0,,0.13,12-24 Months,Mid Value,0,Dormant
CUST02988,Male,55,Single,Tier 3,Mobile,Debit Card,Electronics,2024-03-01,10,3.4,745.4,34,25343.6,2534.36,0.0,169,4.2,4,1,Yes,8.97,3,9,4,2,1,2024-09-06,0.265,6-12 Months,Mid Value,0,Dormant
CUST02989,Female,53,Single,Tier 2,Tablet,UPI,Grocery,2024-08-31,4,0.7,705.01,3,2115.03,493.51,0.0,157,1.2,2,3,Yes,102.68,3,0,39,3,1,2024-11-24,0.0,3-6 Months,Low Value,0,Dormant
CUST02990,Female,18,Single,Tier 1,Mobile,COD,Grocery,2024-01-31,11,0.5,1051.19,6,6307.14,525.6,12614.4,131,4.4,4,4,Yes,14.68,1,0,7,4,0,,0.0,6-12 Months,Low Value,0,Dormant
CUST02991,Male,35,Married,Tier 2,Tablet,COD,Grocery,2022-12-30,24,0.5,201.98,12,2423.76,100.99,0.0,165,3.1,5,5,No,11.48,4,1,4,5,1,2024-12-12,0.083,12-24 Months,Low Value,1,Dormant
CUST02992,Female,26,Married,Tier 1,Mobile,Debit Card,Electronics,2024-04-01,9,4.8,1258.54,43,54117.22,6040.99,144983.76,147,3.4,2,0,No Complaint,225.15,1,0,3,6,0,,0.0,6-12 Months,High Value,0,Dormant
CUST02993,Female,30,Single,Tier 2,Desktop,COD,Electronics,2024-10-31,2,3.1,2998.13,6,17988.78,9294.2,223060.8,90,3.9,2,2,Yes,53.56,2,0,10,6,0,,0.0,0-3 Months,High Value,0,At Risk
CUST02994,Male,57,Married,Tier 3,Mobile,UPI,Electronics,2024-12-01,1,0.6,1030.85,1,1030.85,618.51,0.0,90,4.1,2,1,Yes,183.32,6,0,18,1,1,2024-12-31,0.0,0-3 Months,Low Value,0,At Risk
CUST02995,Male,62,Married,Tier 2,Mobile,Debit Card,Electronics,2024-07-01,6,3.1,824.16,19,15659.04,2554.9,0.0,2,3.8,3,1,No,152.26,2,1,2,8,1,2024-11-16,0.053,3-6 Months,High Value,1,Active
CUST02996,Female,32,Married,Tier 3,Desktop,UPI,Grocery,2024-10-01,3,3.1,945.29,9,8507.61,2930.4,0.0,6,2.1,4,2,Yes,27.31,4,1,4,5,1,2024-11-23,0.111,0-3 Months,High Value,0,Active
CUST02997,Male,60,Married,Tier 2,Desktop,Wallet,Home & Kitchen,2021-12-29,36,15.0,1301.77,500,650885.0,19526.55,468637.2,134,1.4,4,2,Yes,87.73,4,31,1,4,0,,0.062,24+ Months,High Value,0,Dormant
CUST02998,Male,61,Single,Tier 1,Mobile,Net Banking,Grocery,2024-10-01,3,1.2,1998.9,4,7995.6,2398.68,0.0,100,6.0,5,0,No Complaint,12.3,3,0,3,9,1,2024-12-15,0.0,0-3 Months,Mid Value,0,Dormant
CUST02999,Male,63,Married,Tier 2,Mobile,COD,Beauty,2024-05-01,8,5.0,856.19,40,34247.6,4280.95,0.0,137,7.6,2,4,Yes,98.57,4,3,20,2,1,2024-11-07,0.075,6-12 Months,High Value,0,Dormant
CUST03000,Female,21,Married,Tier 2,Mobile,Wallet,Grocery,2022-12-30,24,1.5,798.86,36,28758.96,1198.29,28758.96,170,4.7,4,2,Yes,36.24,3,11,8,5,0,,0.306,12-24 Months,Mid Value,0,Dormant
CUST03001,Female,50,Single,Tier 2,Desktop,Credit Card,Grocery,2022-06-30,30,5.7,343.18,171,58683.78,1956.13,46947.12,82,2.5,4,1,No,18.23,2,68,19,4,0,,0.398,24+ Months,Mid Value,1,At Risk
CUST03002,Female,41,Married,Tier 1,Mobile,Net Banking,Grocery,2024-03-01,10,0.5,927.83,5,4639.15,463.92,0.0,16,6.3,4,2,Yes,68.62,4,0,7,4,1,2024-05-19,0.0,6-12 Months,Low Value,0,Active
CUST03003,Male,53,Single,Tier 2,Desktop,Credit Card,Fashion,2024-10-01,3,0.5,387.1,2,774.2,193.55,0.0,113,8.2,3,1,Yes,0.62,2,0,35,6,1,2024-11-23,0.0,0-3 Months,Low Value,0,Dormant
CUST03004,Female,58,Single,Tier 1,Desktop,COD,Sports,2024-08-01,5,4.7,612.08,24,14689.92,2876.78,0.0,18,6.7,4,2,No,255.22,4,5,8,4,1,2024-08-26,0.208,3-6 Months,High Value,1,Active
CUST03005,Female,27,Single,Tier 1,Desktop,COD,Fashion,2024-05-01,8,4.3,1659.49,34,56422.66,7135.81,0.0,112,6.9,1,1,No,30.99,4,6,10,4,1,2024-11-30,0.176,6-12 Months,High Value,1,Dormant
CUST03006,Female,53,Married,Tier 2,Mobile,UPI,Electronics,2024-06-01,7,0.9,1834.66,6,11007.96,1651.19,39628.56,95,2.4,2,1,Yes,176.95,1,0,16,0,0,,0.0,6-12 Months,Mid Value,0,Dormant
CUST03007,Female,37,Married,Tier 1,Mobile,Credit Card,Fashion,2024-06-01,7,2.3,1241.75,16,19868.0,2856.02,0.0,128,3.5,3,0,No Complaint,321.71,1,2,4,4,1,2024-10-04,0.125,6-12 Months,High Value,0,Dormant
CUST03008,Male,58,Single,Tier 3,Tablet,UPI,Fashion,2024-10-01,3,1.2,2100.89,4,8403.56,2521.07,60505.68,63,6.7,4,2,Yes,448.52,4,1,3,7,0,,0.25,0-3 Months,Mid Value,0,At Risk
CUST03009,Female,62,Married,Tier 2,Mobile,Wallet,Beauty,2021-12-29,36,0.5,282.87,18,5091.66,141.44,3394.56,26,2.3,2,3,Yes,146.79,3,3,2,4,0,,0.167,24+ Months,Low Value,0,Active
CUST03010,Male,61,Single,Tier 3,Desktop,UPI,Electronics,2024-12-01,1,0.5,2806.35,1,2806.35,1403.18,0.0,43,3.5,5,5,Yes,279.45,7,0,10,4,1,2024-12-20,0.0,0-3 Months,Mid Value,0,Slipping
CUST03011,Female,28,Single,Tier 2,Mobile,Debit Card,Beauty,2024-04-01,9,0.5,495.62,4,1982.48,247.81,5947.44,123,4.8,5,0,No Complaint,109.18,4,1,14,6,0,,0.25,6-12 Months,Low Value,0,Dormant
CUST03012,Male,29,Single,Tier 2,Desktop,COD,Fashion,2021-12-29,36,2.3,1108.28,83,91987.24,2549.04,61176.96,86,5.5,4,0,No Complaint,121.27,2,15,4,7,0,,0.181,24+ Months,High Value,0,At Risk
CUST03013,Male,35,Married,Tier 1,Mobile,UPI,Fashion,2023-07-01,18,0.8,563.49,14,7888.86,450.79,0.0,97,4.0,1,1,Yes,142.44,0,2,1,8,1,2024-08-21,0.143,12-24 Months,Low Value,0,Dormant
CUST03014,Male,47,Married,Tier 3,Mobile,Credit Card,Fashion,2024-06-01,7,0.5,1115.44,4,4461.76,557.72,0.0,58,4.5,4,2,Yes,199.63,3,1,19,6,1,2024-08-11,0.25,6-12 Months,Low Value,0,Slipping
CUST03015,Female,61,Married,Tier 2,Desktop,Debit Card,Grocery,2024-10-01,3,7.1,909.15,21,19092.15,6454.96,0.0,150,4.8,3,2,Yes,199.51,2,3,10,3,1,2024-10-05,0.143,0-3 Months,High Value,0,Dormant
CUST03016,Male,54,Married,Tier 3,Mobile,UPI,Beauty,2021-12-29,36,0.5,1990.72,18,35832.96,995.36,23888.64,179,4.1,4,0,No Complaint,277.0,2,1,17,1,0,,0.056,24+ Months,Mid Value,0,Dormant
CUST03017,Female,37,Single,Tier 2,Desktop,COD,Electronics,2024-12-01,1,2.8,5041.6,3,15124.8,14116.48,0.0,56,3.6,3,1,Yes,172.72,4,0,17,6,1,2024-12-23,0.0,0-3 Months,High Value,0,Slipping
CUST03018,Male,42,Married,Tier 1,Mobile,UPI,Electronics,2022-12-30,24,5.6,1664.49,134,223041.66,9321.14,0.0,129,4.3,1,0,No Complaint,385.64,2,35,5,4,1,2024-01-13,0.261,12-24 Months,High Value,0,Dormant
CUST03019,Male,29,Single,Tier 2,Mobile,UPI,Sports,2021-12-29,36,0.5,825.77,18,14863.86,412.88,9909.12,31,3.5,3,1,No,222.34,3,5,11,4,0,,0.278,24+ Months,Low Value,1,Slipping
CUST03020,Female,38,Married,Tier 1,Mobile,Debit Card,Fashion,2024-12-01,1,0.6,2625.43,1,2625.43,1575.26,0.0,133,6.1,3,0,No Complaint,475.99,2,0,15,7,1,2024-12-07,0.0,0-3 Months,Mid Value,0,Dormant
CUST03021,Male,42,Single,Tier 2,Mobile,Credit Card,Electronics,2022-12-30,24,2.1,273.71,50,13685.5,574.79,13794.96,78,5.1,4,0,No Complaint,249.85,4,12,1,3,0,,0.24,12-24 Months,Low Value,0,At Risk
CUST03022,Male,28,Single,Tier 1,Mobile,Net Banking,Electronics,2021-12-29,36,1.8,598.01,65,38870.65,1076.42,0.0,109,4.4,2,2,Yes,241.58,2,12,13,2,1,2024-06-24,0.185,24+ Months,Mid Value,0,Dormant
CUST03023,Female,26,Married,Tier 2,Desktop,Net Banking,Fashion,2023-07-01,18,1.8,763.86,32,24443.52,1374.95,32998.8,43,4.1,3,0,No Complaint,354.41,4,8,6,2,0,,0.25,12-24 Months,Mid Value,0,Slipping
CUST03024,Male,42,Single,Tier 3,Desktop,Credit Card,Fashion,2024-05-01,8,2.0,739.43,16,11830.88,1478.86,35492.64,153,6.4,2,0,No Complaint,191.98,2,5,4,6,0,,0.312,6-12 Months,Mid Value,0,Dormant
CUST03025,Male,52,Single,Tier 2,Mobile,Credit Card,Fashion,2022-06-30,30,7.5,535.25,225,120431.25,4014.38,96345.12,32,3.8,4,1,Yes,35.63,7,21,2,3,0,,0.093,24+ Months,High Value,0,Slipping
CUST03026,Male,49,Married,Tier 3,Mobile,Credit Card,Home & Kitchen,2023-12-31,12,0.5,1461.45,6,8768.7,730.72,0.0,167,5.8,4,0,No Complaint,15.59,0,0,2,3,1,2024-08-14,0.0,6-12 Months,Low Value,0,Dormant
CUST03027,Female,31,Single,Tier 2,Desktop,UPI,Grocery,2022-12-30,24,3.6,896.49,86,77098.14,3227.36,77456.64,11,6.6,5,0,No Complaint,68.32,2,11,13,5,0,,0.128,12-24 Months,High Value,0,Active
CUST03028,Female,18,Single,Tier 2,Desktop,Debit Card,Beauty,2023-07-01,18,0.7,815.97,13,10607.61,571.18,13708.32,52,5.4,4,0,No Complaint,303.14,3,1,16,7,0,,0.077,12-24 Months,Low Value,0,Slipping
CUST03029,Female,34,Single,Tier 3,Desktop,COD,Grocery,2024-12-01,1,1.2,2407.95,1,2407.95,2889.54,69348.96,101,1.6,4,0,No Complaint,3.95,0,0,26,11,0,,0.0,0-3 Months,High Value,0,Dormant
CUST03030,Female,42,Married,Tier 3,Desktop,UPI,Grocery,2024-08-31,4,0.5,656.89,2,1313.78,328.44,0.0,154,3.7,2,0,No Complaint,29.26,2,0,1,5,1,2024-12-30,0.0,3-6 Months,Low Value,0,Dormant
CUST03031,Male,25,Single,Tier 3,Mobile,UPI,Beauty,2024-10-31,2,1.5,1843.37,3,5530.11,2765.06,0.0,104,3.0,3,0,No Complaint,20.19,2,1,6,5,1,2024-11-15,0.333,0-3 Months,High Value,0,Dormant
CUST03032,Male,22,Single,Tier 1,Mobile,Credit Card,Home & Kitchen,2024-10-31,2,4.1,741.12,8,5928.96,3038.59,0.0,39,2.3,4,0,No Complaint,6.82,1,0,20,5,1,2024-12-24,0.0,0-3 Months,High Value,0,Slipping
CUST03033,Female,22,Married,Tier 2,Mobile,UPI,Fashion,2024-12-01,1,0.5,752.42,1,752.42,376.21,0.0,154,6.5,1,1,Yes,299.2,1,0,2,3,1,2024-12-12,0.0,0-3 Months,Low Value,0,Dormant
CUST03034,Male,58,Married,Tier 1,Mobile,COD,Electronics,2024-04-01,9,0.8,527.22,7,3690.54,421.78,10122.72,107,5.2,5,0,No Complaint,59.03,2,0,2,3,0,,0.0,6-12 Months,Low Value,0,Dormant
CUST03035,Male,52,Married,Tier 2,Desktop,Credit Card,Beauty,2024-10-01,3,1.2,324.17,4,1296.68,389.0,9336.0,42,1.0,4,2,Yes,234.97,2,1,6,3,0,,0.25,0-3 Months,Low Value,0,Slipping
CUST03036,Male,36,Single,Tier 2,Mobile,Credit Card,Sports,2022-06-30,30,0.5,565.1,15,8476.5,282.55,0.0,101,4.5,1,2,Yes,27.55,2,2,7,3,1,2022-10-09,0.133,24+ Months,Low Value,0,Dormant
CUST03037,Male,40,Single,Tier 3,Tablet,UPI,Sports,2022-12-30,24,3.6,258.95,86,22269.7,932.22,22373.28,121,3.3,5,2,Yes,94.65,3,1,2,3,0,,0.012,12-24 Months,Mid Value,0,Dormant
CUST03038,Female,26,Married,Tier 3,Desktop,Net Banking,Grocery,2023-12-31,12,3.9,1073.91,47,50473.77,4188.25,0.0,122,6.2,1,0,No Complaint,22.29,2,13,6,4,1,2024-12-16,0.277,6-12 Months,High Value,0,Dormant
CUST03039,Male,47,Married,Tier 2,Desktop,UPI,Fashion,2024-03-01,10,4.5,720.2,45,32409.0,3240.9,0.0,130,3.3,2,0,No Complaint,0.45,7,5,19,8,1,2024-09-05,0.111,6-12 Months,High Value,0,Dormant
CUST03040,Male,33,Married,Tier 1,Desktop,Net Banking,Fashion,2024-08-01,5,2.2,1917.72,11,21094.92,4218.98,0.0,161,5.1,1,0,No Complaint,170.95,4,1,7,5,1,2024-12-18,0.091,3-6 Months,High Value,0,Dormant
CUST03041,Male,50,Single,Tier 3,Mobile,Credit Card,Sports,2024-03-01,10,1.8,540.47,18,9728.46,972.85,0.0,148,5.1,4,1,Yes,118.05,3,5,12,2,1,2024-08-31,0.278,6-12 Months,Mid Value,0,Dormant
CUST03042,Female,19,Single,Tier 1,Desktop,Net Banking,Electronics,2023-07-01,18,0.8,749.67,14,10495.38,599.74,14393.76,109,3.0,4,1,Yes,97.01,1,2,12,6,0,,0.143,12-24 Months,Low Value,0,Dormant
CUST03043,Male,31,Married,Tier 2,Mobile,COD,Fashion,2022-06-30,30,2.7,2105.82,81,170571.42,5685.71,136457.04,6,2.7,2,1,No,14.75,5,3,4,7,0,,0.037,24+ Months,High Value,1,Active
CUST03044,Male,63,Married,Tier 1,Mobile,UPI,Home & Kitchen,2024-10-31,2,1.5,1674.07,3,5022.21,2511.1,0.0,135,8.1,4,1,Yes,159.7,3,0,12,4,1,2024-11-03,0.0,0-3 Months,Mid Value,0,Dormant
CUST03045,Female,18,Single,Tier 2,Desktop,COD,Fashion,2022-12-30,24,8.8,987.74,211,208413.14,8692.11,0.0,175,5.2,2,3,Yes,272.54,6,44,14,4,1,2024-02-10,0.209,12-24 Months,High Value,0,Dormant
CUST03046,Female,43,Single,Tier 3,Mobile,Debit Card,Beauty,2022-12-30,24,8.6,435.14,206,89638.84,3742.2,89812.8,55,4.6,5,4,Yes,12.53,3,39,4,5,0,,0.189,12-24 Months,High Value,0,Slipping
CUST03047,Male,42,Married,Tier 1,Tablet,UPI,Grocery,2023-12-31,12,5.9,1353.91,71,96127.61,7988.07,191713.68,109,6.7,5,2,Yes,96.03,1,4,12,3,0,,0.056,6-12 Months,High Value,0,Dormant
CUST03048,Male,33,Single,Tier 2,Desktop,UPI,Fashion,2024-08-31,4,1.1,733.8,4,2935.2,807.18,0.0,138,7.7,4,0,No Complaint,67.2,4,0,40,9,1,2024-10-05,0.0,3-6 Months,Low Value,0,Dormant
CUST03049,Male,32,Married,Tier 1,Desktop,Debit Card,Electronics,2024-01-31,11,1.1,623.92,12,7487.04,686.31,0.0,115,7.2,4,5,Yes,400.41,4,1,8,1,1,2024-05-07,0.083,6-12 Months,Low Value,0,Dormant
CUST03050,Male,43,Married,Tier 3,Mobile,Debit Card,Fashion,2024-01-31,11,4.8,2279.92,53,120835.76,10943.62,0.0,166,2.0,3,1,Yes,54.85,4,4,2,4,1,2024-04-02,0.075,6-12 Months,High Value,0,Dormant
CUST03051,Male,64,Single,Tier 3,Desktop,COD,Grocery,2024-03-01,10,3.3,2506.0,33,82698.0,8269.8,0.0,85,4.6,2,1,No,519.74,1,6,15,6,1,2024-10-19,0.182,6-12 Months,High Value,1,At Risk
CUST03052,Male,61,Single,Tier 1,Mobile,COD,Electronics,2024-03-01,10,3.0,482.68,30,14480.4,1448.04,0.0,96,4.0,4,0,No Complaint,317.27,7,2,1,1,1,2024-04-16,0.067,6-12 Months,Mid Value,0,Dormant
CUST03053,Male,33,Single,Tier 1,Desktop,Debit Card,Fashion,2024-10-31,2,0.8,2984.69,2,5969.38,2387.75,57306.0,7,7.9,3,0,No Complaint,19.0,2,0,6,1,0,,0.0,0-3 Months,Mid Value,0,Active
CUST03054,Male,31,Married,Tier 2,Mobile,COD,Sports,2024-10-01,3,4.5,843.22,14,11805.08,3794.49,0.0,162,5.8,4,1,Yes,117.93,3,3,18,4,1,2024-12-24,0.214,0-3 Months,High Value,0,Dormant
CUST03055,Female,46,Married,Tier 1,Desktop,Debit Card,Electronics,2024-10-31,2,2.2,1552.96,4,6211.84,3416.51,81996.24,47,2.2,2,0,No Complaint,188.46,3,1,8,2,0,,0.25,0-3 Months,High Value,0,Slipping
CUST03056,Female,41,Married,Tier 2,Mobile,UPI,Fashion,2024-08-01,5,1.5,3235.34,8,25882.72,4853.01,116472.24,176,1.2,4,0,No Complaint,161.84,1,1,29,5,0,,0.125,3-6 Months,High Value,0,Dormant
CUST03057,Female,64,Married,Tier 1,Mobile,Net Banking,Fashion,2024-08-01,5,5.0,801.09,25,20027.25,4005.45,0.0,37,7.4,4,1,No,204.67,2,2,4,6,1,2024-09-24,0.08,3-6 Months,High Value,1,Slipping
CUST03058,Male,32,Married,Tier 1,Mobile,UPI,Fashion,2024-08-01,5,1.3,1078.53,6,6471.18,1402.09,33650.16,46,4.5,3,0,No Complaint,100.02,1,0,6,6,0,,0.0,3-6 Months,Mid Value,0,Slipping
CUST03059,Male,36,Married,Tier 2,Mobile,Credit Card,Sports,2024-08-31,4,2.7,1489.83,11,16388.13,4022.54,96540.96,87,4.4,4,0,No Complaint,423.21,4,0,4,4,0,,0.0,3-6 Months,High Value,0,At Risk
CUST03060,Female,25,Married,Tier 1,Desktop,COD,Electronics,2022-12-30,24,1.6,2714.09,38,103135.42,4342.54,104220.96,119,3.9,3,1,Yes,56.74,4,3,8,4,0,,0.079,12-24 Months,High Value,0,Dormant
CUST03061,Male,51,Single,Tier 3,Mobile,Credit Card,Electronics,2022-06-30,30,2.2,910.47,66,60091.02,2003.03,48072.72,79,3.0,2,0,No Complaint,17.79,2,1,3,2,0,,0.015,24+ Months,Mid Value,0,At Risk
CUST03062,Male,19,Married,Tier 1,Mobile,UPI,Home & Kitchen,2024-07-01,6,0.5,1582.19,3,4746.57,791.1,0.0,63,4.6,2,0,No Complaint,686.79,4,1,3,3,1,2024-12-12,0.333,3-6 Months,Low Value,0,At Risk
CUST03063,Female,44,Married,Tier 1,Mobile,UPI,Grocery,2024-07-01,6,1.5,522.18,9,4699.62,783.27,0.0,97,6.0,3,0,No Complaint,189.98,0,1,11,0,1,2024-12-11,0.111,3-6 Months,Low Value,0,Dormant
CUST03064,Female,27,Married,Tier 3,Mobile,Debit Card,Electronics,2022-06-30,30,2.0,318.28,60,19096.8,636.56,0.0,172,4.4,2,5,Yes,193.76,1,6,30,4,1,2024-03-02,0.1,24+ Months,Low Value,0,Dormant
CUST03065,Female,52,Married,Tier 2,Mobile,Wallet,Home & Kitchen,2023-07-01,18,1.7,558.39,31,17310.09,949.26,22782.24,173,6.4,4,0,No Complaint,306.21,5,1,2,8,0,,0.032,12-24 Months,Mid Value,0,Dormant
CUST03066,Male,40,Single,Tier 2,Desktop,Debit Card,Beauty,2024-07-01,6,4.7,557.31,28,15604.68,2619.36,62864.64,59,5.7,5,1,Yes,98.5,3,5,17,2,0,,0.179,3-6 Months,High Value,0,Slipping
CUST03067,Male,25,Single,Tier 1,Mobile,Credit Card,Fashion,2022-12-30,24,0.9,1776.83,22,39090.26,1599.15,0.0,122,6.1,5,0,No Complaint,87.87,5,1,22,4,1,2023-01-20,0.045,12-24 Months,Mid Value,0,Dormant
CUST03068,Female,45,Married,Tier 2,Mobile,UPI,Grocery,2024-06-01,7,5.4,852.84,38,32407.92,4605.34,0.0,130,4.8,3,0,No Complaint,536.18,2,12,12,2,1,2024-06-13,0.316,6-12 Months,High Value,0,Dormant
CUST03069,Male,40,Single,Tier 2,Mobile,UPI,Home & Kitchen,2023-07-01,18,1.3,585.46,23,13465.58,761.1,18266.4,117,4.2,5,0,No Complaint,88.03,3,0,4,2,0,,0.0,12-24 Months,Low Value,0,Dormant
CUST03070,Female,21,Single,Tier 1,Mobile,UPI,Electronics,2021-12-29,36,3.0,482.46,108,52105.68,1447.38,34737.12,21,2.4,5,5,Yes,14.71,4,17,1,4,0,,0.157,24+ Months,Mid Value,0,Active
CUST03071,Female,31,Married,Tier 3,Mobile,UPI,Beauty,2024-07-01,6,0.5,670.23,3,2010.69,335.12,8042.88,97,6.3,3,0,No Complaint,66.23,3,1,1,0,0,,0.333,3-6 Months,Low Value,0,Dormant
CUST03072,Female,59,Married,Tier 2,Mobile,Credit Card,Sports,2021-12-29,36,0.6,1706.28,22,37538.16,1023.77,0.0,137,5.0,5,1,No,372.21,3,3,7,5,1,2023-11-12,0.136,24+ Months,Mid Value,1,Dormant
CUST03073,Male,46,Married,Tier 2,Desktop,UPI,Beauty,2024-07-01,6,3.6,481.53,22,10593.66,1733.51,41604.24,36,4.0,5,1,Yes,17.96,3,6,12,1,0,,0.273,3-6 Months,Mid Value,0,Slipping
CUST03074,Male,18,Married,Tier 2,Mobile,UPI,Fashion,2023-12-31,12,0.5,821.28,6,4927.68,410.64,0.0,63,2.5,4,2,Yes,227.03,2,1,3,6,1,2024-05-03,0.167,6-12 Months,Low Value,0,At Risk
CUST03075,Female,21,Married,Tier 2,Mobile,COD,Fashion,2024-04-01,9,8.6,687.08,77,52905.16,5908.89,141813.36,37,6.8,3,1,No,55.76,3,7,5,5,0,,0.091,6-12 Months,High Value,1,Slipping
CUST03076,Female,49,Married,Tier 1,Mobile,Net Banking,Grocery,2022-06-30,30,0.5,1150.5,15,17257.5,575.25,13806.0,159,4.5,4,0,No Complaint,246.51,2,5,2,5,0,,0.333,24+ Months,Low Value,0,Dormant
CUST03077,Female,50,Single,Tier 2,Mobile,Wallet,Fashion,2024-12-01,1,5.8,3257.27,6,19543.62,18892.17,0.0,154,7.9,3,1,No,130.08,4,0,13,2,1,2024-12-05,0.0,0-3 Months,High Value,1,Dormant
CUST03078,Male,43,Married,Tier 1,Tablet,Debit Card,Sports,2023-07-01,18,1.8,568.85,32,18203.2,1023.93,24574.32,31,1.0,5,5,No,182.19,2,4,13,3,0,,0.125,12-24 Months,Mid Value,1,Slipping
CUST03079,Male,34,Single,Tier 2,Mobile,UPI,Electronics,2022-12-30,24,2.1,1121.22,50,56061.0,2354.56,0.0,137,5.1,1,2,Yes,50.16,6,7,11,4,1,2024-07-30,0.14,12-24 Months,Mid Value,0,Dormant
CUST03080,Female,56,Married,Tier 3,Tablet,COD,Electronics,2024-03-01,10,0.5,888.27,5,4441.35,444.14,10659.36,66,2.1,5,0,No Complaint,33.13,2,1,15,2,0,,0.2,6-12 Months,Low Value,0,At Risk
CUST03081,Female,40,Single,Tier 2,Mobile,UPI,Beauty,2024-10-31,2,1.1,647.89,2,1295.78,712.68,0.0,123,3.2,1,0,No Complaint,11.77,4,1,1,3,1,2024-11-13,0.5,0-3 Months,Low Value,0,Dormant
CUST03082,Female,49,Single,Tier 3,Mobile,Debit Card,Grocery,2024-08-01,5,0.5,930.1,2,1860.2,465.05,0.0,89,4.0,1,0,No Complaint,314.33,1,0,5,5,1,2024-08-18,0.0,3-6 Months,Low Value,0,At Risk
CUST03083,Male,32,Married,Tier 1,Mobile,COD,Electronics,2023-07-01,18,1.9,3209.46,34,109121.64,6097.97,146351.28,85,5.6,5,1,Yes,223.12,5,14,14,3,0,,0.412,12-24 Months,High Value,0,At Risk
CUST03084,Female,30,Married,Tier 2,Mobile,COD,Fashion,2021-12-29,36,2.0,855.49,72,61595.28,1710.98,41063.52,158,5.0,5,0,No Complaint,62.5,2,17,25,4,0,,0.236,24+ Months,Mid Value,0,Dormant
CUST03085,Female,19,Single,Tier 3,Mobile,Wallet,Grocery,2024-04-01,9,3.1,855.41,28,23951.48,2651.77,63642.48,115,3.5,3,0,No Complaint,326.43,0,1,13,5,0,,0.036,6-12 Months,High Value,0,Dormant
CUST03086,Female,36,Single,Tier 2,Mobile,COD,Home & Kitchen,2023-12-31,12,5.3,688.74,64,44079.36,3650.32,87607.68,43,3.3,5,0,No Complaint,322.91,2,2,18,8,0,,0.031,6-12 Months,High Value,0,Slipping
CUST03087,Male,41,Married,Tier 2,Mobile,Debit Card,Beauty,2024-08-31,4,1.6,1200.84,6,7205.04,1921.34,46112.16,20,1.4,5,0,No Complaint,26.68,3,1,1,4,0,,0.167,3-6 Months,Mid Value,0,Active
CUST03088,Male,62,Married,Tier 1,Mobile,UPI,Electronics,2024-05-01,8,0.7,445.9,6,2675.4,312.13,7491.12,168,3.4,5,0,No Complaint,225.12,1,0,11,4,0,,0.0,6-12 Months,Low Value,0,Dormant
CUST03089,Female,41,Single,Tier 2,Mobile,Net Banking,Fashion,2024-07-01,6,1.0,977.51,6,5865.06,977.51,23460.24,28,3.2,4,0,No Complaint,62.23,1,1,1,5,0,,0.167,3-6 Months,Mid Value,0,Active
CUST03090,Male,28,Married,Tier 1,Mobile,UPI,Beauty,2023-07-01,18,4.7,1226.69,85,104268.65,5765.44,0.0,132,6.6,5,5,Yes,113.33,1,5,11,8,1,2024-01-29,0.059,12-24 Months,High Value,0,Dormant
CUST03091,Male,39,Single,Tier 3,Desktop,Net Banking,Sports,2021-12-29,36,0.5,495.87,18,8925.66,247.94,0.0,89,3.8,5,2,Yes,101.23,4,3,1,4,1,2023-03-16,0.167,24+ Months,Low Value,0,At Risk
CUST03092,Female,32,Single,Tier 1,Mobile,UPI,Electronics,2022-06-30,30,2.5,2747.69,75,206076.75,6869.22,164861.28,26,3.8,5,1,Yes,165.02,4,3,3,5,0,,0.04,24+ Months,High Value,0,Active
CUST03093,Male,27,Married,Tier 3,Desktop,UPI,Beauty,2024-08-31,4,0.5,2678.12,2,5356.24,1339.06,0.0,140,4.9,3,0,No Complaint,76.75,5,0,9,6,1,2024-12-13,0.0,3-6 Months,Mid Value,0,Dormant
CUST03094,Female,58,Single,Tier 2,Mobile,COD,Electronics,2023-12-31,12,0.7,4330.23,8,34641.84,3031.16,0.0,162,7.0,4,1,No,13.69,5,1,2,7,1,2024-04-28,0.125,6-12 Months,High Value,1,Dormant
CUST03095,Male,44,Single,Tier 1,Mobile,UPI,Grocery,2024-12-01,1,2.2,1339.37,2,2678.74,2946.61,70718.64,22,6.9,5,1,No,201.01,2,0,12,3,0,,0.0,0-3 Months,High Value,1,Active
CUST03096,Female,26,Married,Tier 2,Mobile,COD,Home & Kitchen,2024-08-01,5,1.5,1201.0,8,9608.0,1801.5,43236.0,13,8.8,4,0,No Complaint,581.99,4,0,1,3,0,,0.0,3-6 Months,Mid Value,0,Active
CUST03097,Female,45,Married,Tier 3,Mobile,UPI,Fashion,2024-10-01,3,1.7,850.17,5,4250.85,1445.29,0.0,153,2.0,5,5,Yes,198.4,7,1,14,5,1,2024-11-12,0.2,0-3 Months,Mid Value,0,Dormant
CUST03098,Male,18,Single,Tier 3,Mobile,Net Banking,Grocery,2024-07-01,6,2.7,941.73,16,15067.68,2542.67,0.0,90,4.8,5,1,Yes,139.62,2,4,7,7,1,2024-08-07,0.25,3-6 Months,High Value,0,At Risk
CUST03099,Male,34,Single,Tier 1,Mobile,Debit Card,Fashion,2023-07-01,18,0.7,1717.99,13,22333.87,1202.59,0.0,121,4.3,5,5,No,32.16,0,3,1,3,1,2023-07-03,0.231,12-24 Months,Mid Value,1,Dormant
CUST03100,Male,48,Married,Tier 1,Mobile,Debit Card,Electronics,2024-03-01,10,0.8,908.71,8,7269.68,726.97,17447.28,80,1.2,3,0,No Complaint,176.63,1,0,2,4,0,,0.0,6-12 Months,Low Value,0,At Risk
CUST03101,Male,61,Single,Tier 1,Mobile,Credit Card,Grocery,2021-12-29,36,2.9,807.89,104,84020.56,2342.88,56229.12,74,2.4,2,1,Yes,169.99,5,4,5,4,0,,0.038,24+ Months,Mid Value,0,At Risk
CUST03102,Female,27,Married,Tier 1,Desktop,UPI,Fashion,2024-08-31,4,1.9,1327.76,8,10622.08,2522.74,0.0,54,6.1,3,0,No Complaint,173.58,5,3,8,1,1,2024-10-05,0.375,3-6 Months,Mid Value,0,Slipping
CUST03103,Female,54,Married,Tier 2,Mobile,COD,Grocery,2024-06-01,7,0.5,579.15,4,2316.6,289.58,6949.92,101,5.4,4,0,No Complaint,401.13,3,0,9,5,0,,0.0,6-12 Months,Low Value,0,Dormant
CUST03104,Male,46,Single,Tier 3,Mobile,UPI,Electronics,2024-07-01,6,2.8,2714.13,17,46140.21,7599.56,0.0,29,5.4,1,2,No,226.78,0,1,18,5,1,2024-08-07,0.059,3-6 Months,High Value,1,Active
CUST03105,Male,35,Married,Tier 2,Mobile,Credit Card,Grocery,2024-08-31,4,2.4,903.15,10,9031.5,2167.56,0.0,129,5.3,2,0,No Complaint,275.35,3,1,5,5,1,2024-09-16,0.1,3-6 Months,Mid Value,0,Dormant
CUST03106,Male,64,Married,Tier 2,Desktop,Debit Card,Fashion,2021-12-29,36,0.5,1533.53,18,27603.54,766.76,0.0,99,1.5,3,0,No Complaint,67.66,3,2,1,2,1,2023-05-26,0.111,24+ Months,Low Value,0,Dormant
CUST03107,Female,55,Single,Tier 2,Mobile,Credit Card,Beauty,2024-05-01,8,3.4,512.28,27,13831.56,1741.75,41802.0,152,2.5,5,0,No Complaint,56.74,0,6,2,1,0,,0.222,6-12 Months,Mid Value,0,Dormant
CUST03108,Male,56,Married,Tier 2,Mobile,UPI,Grocery,2021-12-29,36,1.8,870.94,65,56611.1,1567.69,0.0,165,3.5,1,0,No Complaint,41.7,6,20,1,8,1,2022-12-21,0.308,24+ Months,Mid Value,0,Dormant
CUST03109,Female,23,Single,Tier 1,Desktop,UPI,Sports,2024-05-01,8,0.6,681.59,5,3407.95,408.95,0.0,162,6.0,1,1,No,271.22,2,1,15,4,1,2024-05-29,0.2,6-12 Months,Low Value,1,Dormant
CUST03110,Female,57,Married,Tier 2,Desktop,UPI,Home & Kitchen,2024-08-31,4,2.0,702.01,8,5616.08,1404.02,33696.48,108,4.7,4,1,No,215.87,5,1,1,3,0,,0.125,3-6 Months,Mid Value,1,Dormant
CUST03111,Female,29,Married,Tier 3,Mobile,Net Banking,Electronics,2024-10-31,2,2.3,404.95,5,2024.75,931.38,22353.12,58,6.1,2,2,Yes,75.36,4,0,4,1,0,,0.0,0-3 Months,Mid Value,0,Slipping
CUST03112,Male,31,Married,Tier 2,Mobile,UPI,Fashion,2022-06-30,30,6.3,1880.74,189,355459.86,11848.66,0.0,64,8.0,3,5,No,27.38,6,10,1,1,1,2024-05-06,0.053,24+ Months,High Value,1,At Risk
CUST03113,Female,61,Single,Tier 1,Desktop,Wallet,Grocery,2024-12-01,1,3.4,1260.35,3,3781.05,4285.19,0.0,117,1.6,2,0,No Complaint,337.53,1,0,6,6,1,2024-12-28,0.0,0-3 Months,High Value,0,Dormant
CUST03114,Male,27,Married,Tier 1,Desktop,UPI,Grocery,2021-12-29,36,0.9,332.57,32,10642.24,299.31,7183.44,128,4.3,4,0,No Complaint,87.29,4,1,2,2,0,,0.031,24+ Months,Low Value,0,Dormant
CUST03115,Male,37,Single,Tier 1,Mobile,UPI,Fashion,2024-05-01,8,0.5,773.75,4,3095.0,386.88,0.0,29,4.3,1,1,Yes,37.87,4,1,12,5,1,2024-05-07,0.25,6-12 Months,Low Value,0,Active
CUST03116,Female,32,Married,Tier 2,Mobile,Debit Card,Fashion,2024-08-01,5,4.8,771.03,24,18504.72,3700.94,0.0,179,3.0,5,0,No Complaint,28.07,1,0,5,5,1,2024-09-03,0.0,3-6 Months,High Value,0,Dormant
CUST03117,Female,48,Married,Tier 3,Mobile,UPI,Grocery,2023-07-01,18,4.7,1187.06,85,100900.1,5579.18,133900.32,20,5.3,2,2,No,453.91,3,1,5,5,0,,0.012,12-24 Months,High Value,1,Active
CUST03118,Male,24,Married,Tier 1,Mobile,Debit Card,Home & Kitchen,2024-10-01,3,0.5,811.11,2,1622.22,405.56,0.0,109,9.6,5,1,Yes,25.1,2,0,24,7,1,2024-10-02,0.0,0-3 Months,Low Value,0,Dormant
CUST03119,Male,58,Married,Tier 3,Desktop,Net Banking,Home & Kitchen,2024-10-31,2,0.5,1921.62,1,1921.62,960.81,23059.44,96,2.8,4,0,No Complaint,80.24,3,0,3,5,0,,0.0,0-3 Months,Mid Value,0,Dormant
CUST03120,Male,27,Single,Tier 2,Mobile,UPI,Fashion,2022-06-30,30,3.1,1763.15,93,163972.95,5465.76,0.0,106,5.6,5,3,Yes,180.03,1,19,4,8,1,2023-07-01,0.204,24+ Months,High Value,0,Dormant
CUST03121,Male,27,Single,Tier 2,Tablet,COD,Electronics,2024-04-01,9,3.2,4208.19,29,122037.51,13466.21,0.0,96,2.6,2,1,Yes,94.39,1,4,7,6,1,2024-07-31,0.138,6-12 Months,High Value,0,Dormant
CUST03122,Male,56,Single,Tier 3,Desktop,Credit Card,Fashion,2024-01-31,11,0.5,188.91,6,1133.46,94.46,0.0,11,1.3,4,0,No Complaint,116.83,1,1,3,1,1,2024-11-27,0.167,6-12 Months,Low Value,0,Active
CUST03123,Male,45,Married,Tier 1,Mobile,UPI,Electronics,2024-10-01,3,2.8,2338.25,8,18706.0,6547.1,0.0,179,3.4,5,0,No Complaint,292.07,2,0,14,3,1,2024-11-11,0.0,0-3 Months,High Value,0,Dormant
CUST03124,Male,47,Single,Tier 3,Mobile,UPI,Beauty,2024-12-01,1,0.8,1566.22,1,1566.22,1252.98,0.0,176,5.0,4,3,Yes,1291.49,0,0,6,5,1,2024-12-01,0.0,0-3 Months,Mid Value,0,Dormant
CUST03125,Female,54,Married,Tier 1,Mobile,Net Banking,Beauty,2024-06-01,7,0.8,794.26,6,4765.56,635.41,0.0,94,5.2,4,0,No Complaint,113.34,2,1,1,3,1,2024-07-15,0.167,6-12 Months,Low Value,0,Dormant
CUST03126,Female,20,Married,Tier 2,Mobile,UPI,Electronics,2024-01-31,11,1.0,750.21,11,8252.31,750.21,0.0,38,7.7,2,5,Yes,85.71,5,1,3,6,1,2024-06-14,0.091,6-12 Months,Low Value,0,Slipping
CUST03127,Female,60,Single,Tier 3,Desktop,Net Banking,Fashion,2022-12-30,24,1.8,844.05,43,36294.15,1519.29,0.0,33,5.0,3,1,No,93.99,1,8,6,4,1,2023-02-21,0.186,12-24 Months,Mid Value,1,Slipping
CUST03128,Male,32,Married,Tier 3,Mobile,Debit Card,Electronics,2024-01-31,11,4.1,1067.96,45,48058.2,4378.64,105087.36,11,4.5,2,0,No Complaint,82.91,2,1,12,2,0,,0.022,6-12 Months,High Value,0,Active
CUST03129,Female,38,Married,Tier 2,Mobile,UPI,Home & Kitchen,2022-06-30,30,1.7,614.86,51,31357.86,1045.26,25086.24,110,6.0,5,1,Yes,115.56,2,14,11,6,0,,0.275,24+ Months,Mid Value,0,Dormant
CUST03130,Female,54,Single,Tier 2,Mobile,Credit Card,Fashion,2024-10-31,2,0.9,292.2,2,584.4,262.98,0.0,86,4.9,4,0,No Complaint,72.92,3,0,9,4,1,2024-11-08,0.0,0-3 Months,Low Value,0,At Risk
CUST03131,Female,29,Married,Tier 2,Desktop,COD,Electronics,2024-12-01,1,5.4,624.06,5,3120.3,3369.92,0.0,75,4.5,1,2,Yes,111.79,0,2,14,3,1,2024-12-24,0.4,0-3 Months,High Value,0,At Risk
CUST03132,Female,21,Single,Tier 3,Mobile,COD,Beauty,2024-10-01,3,0.5,745.44,2,1490.88,372.72,0.0,95,4.2,4,1,Yes,523.58,2,0,2,4,1,2024-11-23,0.0,0-3 Months,Low Value,0,Dormant
CUST03133,Female,64,Single,Tier 1,Mobile,Credit Card,Beauty,2022-12-30,24,4.0,1338.23,96,128470.08,5352.92,128470.08,157,5.6,4,4,Yes,60.69,4,3,5,3,0,,0.031,12-24 Months,High Value,0,Dormant
CUST03134,Female,26,Married,Tier 3,Desktop,Net Banking,Home & Kitchen,2022-12-30,24,3.8,390.89,91,35570.99,1485.38,35649.12,13,5.5,2,1,Yes,189.93,2,2,6,4,0,,0.022,12-24 Months,Mid Value,0,Active
CUST03135,Male,56,Married,Tier 2,Mobile,UPI,Electronics,2024-10-01,3,0.7,1407.87,2,2815.74,985.51,0.0,98,4.0,4,0,No Complaint,120.12,6,0,29,2,1,2024-12-07,0.0,0-3 Months,Mid Value,0,Dormant
CUST03136,Female,59,Single,Tier 2,Desktop,Net Banking,Grocery,2024-12-01,1,0.6,386.35,1,386.35,231.81,0.0,126,7.1,2,0,No Complaint,237.28,2,0,30,3,1,2024-12-04,0.0,0-3 Months,Low Value,0,Dormant
CUST03137,Female,45,Married,Tier 2,Mobile,COD,Electronics,2022-12-30,24,5.2,1185.68,125,148210.0,6165.54,0.0,174,6.0,3,1,No,115.06,2,28,6,6,1,2023-03-05,0.224,12-24 Months,High Value,1,Dormant
CUST03138,Female,40,Single,Tier 2,Tablet,COD,Home & Kitchen,2022-06-30,30,2.0,1321.68,60,79300.8,2643.36,0.0,133,6.2,4,3,Yes,31.5,1,8,1,1,1,2023-10-30,0.133,24+ Months,High Value,0,Dormant
CUST03139,Male,62,Married,Tier 3,Mobile,COD,Beauty,2022-12-30,24,0.5,819.54,12,9834.48,409.77,0.0,99,2.9,3,0,No Complaint,370.62,1,1,17,3,1,2024-04-02,0.083,12-24 Months,Low Value,0,Dormant
CUST03140,Male,57,Married,Tier 2,Mobile,Debit Card,Home & Kitchen,2024-08-31,4,5.5,927.32,22,20401.04,5100.26,0.0,138,3.6,3,1,Yes,202.73,3,1,1,7,1,2024-12-08,0.045,3-6 Months,High Value,0,Dormant
CUST03141,Male,61,Single,Tier 3,Mobile,Debit Card,Fashion,2023-07-01,18,1.1,1462.97,20,29259.4,1609.27,0.0,179,7.2,5,0,No Complaint,134.33,1,3,5,7,1,2024-07-05,0.15,12-24 Months,Mid Value,0,Dormant
CUST03142,Female,39,Married,Tier 1,Mobile,Debit Card,Beauty,2022-12-30,24,1.0,597.38,24,14337.12,597.38,0.0,160,6.4,3,0,No Complaint,320.1,2,5,6,1,1,2024-06-07,0.208,12-24 Months,Low Value,0,Dormant
CUST03143,Female,41,Single,Tier 2,Mobile,Credit Card,Electronics,2024-08-01,5,2.6,1114.51,13,14488.63,2897.73,69545.52,16,2.0,4,1,Yes,672.74,4,3,1,3,0,,0.231,3-6 Months,High Value,0,Active
CUST03144,Male,43,Single,Tier 3,Mobile,Debit Card,Fashion,2024-01-31,11,2.7,702.38,30,21071.4,1896.43,45514.32,103,5.1,5,1,Yes,94.79,2,6,4,5,0,,0.2,6-12 Months,Mid Value,0,Dormant
CUST03145,Male,47,Married,Tier 2,Tablet,UPI,Fashion,2024-07-01,6,1.1,2657.42,7,18601.94,2923.16,70155.84,141,6.2,2,0,No Complaint,78.39,5,1,9,5,0,,0.143,3-6 Months,High Value,0,Dormant
CUST03146,Male,50,Single,Tier 2,Tablet,Credit Card,Grocery,2024-08-31,4,0.5,1313.25,2,2626.5,656.62,0.0,121,2.7,1,0,No Complaint,252.14,4,0,10,3,1,2024-11-14,0.0,3-6 Months,Low Value,0,Dormant
CUST03147,Female,33,Married,Tier 2,Mobile,UPI,Electronics,2021-12-29,36,2.0,432.27,72,31123.44,864.54,20748.96,75,6.3,5,0,No Complaint,109.12,4,3,12,3,0,,0.042,24+ Months,Low Value,0,At Risk
CUST03148,Female,39,Married,Tier 3,Mobile,UPI,Home & Kitchen,2021-12-29,36,2.5,3204.98,90,288448.2,8012.45,0.0,58,4.6,4,1,Yes,16.14,1,17,7,2,1,2022-08-09,0.189,24+ Months,High Value,0,Slipping
CUST03149,Female,60,Single,Tier 3,Mobile,Credit Card,Beauty,2024-04-01,9,4.9,1810.27,44,79651.88,8870.32,212887.68,113,7.2,5,0,No Complaint,78.77,3,7,3,0,0,,0.159,6-12 Months,High Value,0,Dormant
CUST03150,Male,35,Single,Tier 1,Desktop,Net Banking,Fashion,2024-10-01,3,1.7,385.87,5,1929.35,655.98,0.0,74,4.3,3,1,No,297.64,1,0,1,2,1,2024-11-27,0.0,0-3 Months,Low Value,1,At Risk
CUST03151,Female,24,Married,Tier 3,Mobile,Credit Card,Beauty,2022-12-30,24,2.6,308.47,62,19125.14,802.02,19248.48,71,1.9,5,0,No Complaint,220.78,4,6,7,2,0,,0.097,12-24 Months,Low Value,0,At Risk
CUST03152,Male,43,Single,Tier 2,Mobile,COD,Fashion,2024-08-01,5,0.5,380.11,2,760.22,190.06,0.0,150,5.5,2,1,No,357.59,8,0,7,3,1,2024-12-07,0.0,3-6 Months,Low Value,1,Dormant
CUST03153,Female,25,Single,Tier 1,Desktop,UPI,Electronics,2024-10-01,3,5.6,451.48,17,7675.16,2528.29,60678.96,57,2.5,5,0,No Complaint,28.54,3,1,8,3,0,,0.059,0-3 Months,Mid Value,0,Slipping
CUST03154,Male,23,Single,Tier 3,Desktop,Credit Card,Grocery,2024-05-01,8,1.0,998.14,8,7985.12,998.14,0.0,116,3.5,5,4,No,50.33,3,0,21,5,1,2024-06-26,0.0,6-12 Months,Mid Value,1,Dormant
CUST03155,Male,47,Married,Tier 2,Mobile,UPI,Home & Kitchen,2024-01-31,11,2.5,951.05,28,26629.4,2377.62,57062.88,157,1.2,4,0,No Complaint,43.51,2,11,2,7,0,,0.393,6-12 Months,Mid Value,0,Dormant
CUST03156,Female,56,Married,Tier 3,Desktop,UPI,Electronics,2024-10-31,2,6.2,1501.72,12,18020.64,9310.66,0.0,112,3.0,4,1,Yes,639.36,4,1,10,2,1,2024-12-30,0.083,0-3 Months,High Value,0,Dormant
CUST03157,Female,40,Single,Tier 1,Desktop,Debit Card,Beauty,2023-12-31,12,4.2,722.32,50,36116.0,3033.74,72809.76,89,6.9,3,2,Yes,33.31,4,1,2,3,0,,0.02,6-12 Months,High Value,0,At Risk
CUST03158,Male,49,Single,Tier 1,Mobile,Debit Card,Beauty,2024-12-01,1,2.5,748.12,2,1496.24,1870.3,0.0,7,4.8,3,0,No Complaint,164.0,2,0,12,8,1,2024-12-20,0.0,0-3 Months,Mid Value,0,Active
CUST03159,Female,39,Married,Tier 2,Mobile,UPI,Electronics,2021-12-29,36,3.0,971.42,108,104913.36,2914.26,69942.24,123,4.1,4,1,Yes,180.39,1,15,1,5,0,,0.139,24+ Months,High Value,0,Dormant
CUST03160,Male,59,Married,Tier 1,Tablet,Credit Card,Grocery,2021-12-29,36,6.3,1974.6,227,448234.2,12439.98,298559.52,179,2.9,4,3,Yes,173.64,1,20,3,1,0,,0.088,24+ Months,High Value,0,Dormant
CUST03161,Male,60,Single,Tier 3,Mobile,Net Banking,Beauty,2022-12-30,24,4.2,238.7,101,24108.7,1002.54,0.0,145,4.9,5,1,Yes,211.78,2,9,2,6,1,2023-02-12,0.089,12-24 Months,Mid Value,0,Dormant
CUST03162,Male,62,Married,Tier 1,Mobile,UPI,Fashion,2024-03-01,10,2.4,750.32,24,18007.68,1800.77,43218.48,114,4.1,5,0,No Complaint,119.07,4,4,15,7,0,,0.167,6-12 Months,Mid Value,0,Dormant
CUST03163,Male,26,Married,Tier 2,Mobile,UPI,Home & Kitchen,2024-08-01,5,2.7,2259.93,14,31639.02,6101.81,146443.44,84,8.8,3,0,No Complaint,15.73,2,1,6,4,0,,0.071,3-6 Months,High Value,0,At Risk
CUST03164,Male,48,Married,Tier 1,Desktop,Debit Card,Beauty,2022-12-30,24,0.5,941.47,12,11297.64,470.74,11297.76,41,4.5,4,0,No Complaint,217.46,2,1,4,4,0,,0.083,12-24 Months,Low Value,0,Slipping
CUST03165,Male,24,Single,Tier 1,Desktop,UPI,Fashion,2021-12-29,36,1.6,730.39,58,42362.62,1168.62,0.0,124,5.3,2,1,Yes,59.41,3,6,2,4,1,2024-11-30,0.103,24+ Months,Mid Value,0,Dormant
CUST03166,Male,26,Married,Tier 3,Mobile,Wallet,Sports,2024-10-01,3,0.9,507.63,3,1522.89,456.87,0.0,32,3.4,3,0,No Complaint,14.2,2,0,3,5,1,2024-11-08,0.0,0-3 Months,Low Value,0,Slipping
CUST03167,Female,30,Single,Tier 1,Tablet,Debit Card,Fashion,2024-03-01,10,1.4,1688.78,14,23642.92,2364.29,0.0,159,4.5,3,0,No Complaint,33.49,3,6,10,2,1,2024-10-21,0.429,6-12 Months,Mid Value,0,Dormant
CUST03168,Male,20,Married,Tier 2,Desktop,Credit Card,Home & Kitchen,2024-07-01,6,2.7,641.04,16,10256.64,1730.81,41539.44,64,5.3,5,1,Yes,60.94,5,3,15,1,0,,0.188,3-6 Months,Mid Value,0,At Risk
CUST03169,Female,52,Married,Tier 3,Desktop,Credit Card,Electronics,2024-06-01,7,0.5,637.49,4,2549.96,318.74,0.0,72,2.8,3,2,No,101.95,2,1,1,2,1,2024-11-12,0.25,6-12 Months,Low Value,1,At Risk
CUST03170,Male,50,Married,Tier 2,Mobile,Debit Card,Beauty,2024-05-01,8,0.5,2332.31,4,9329.24,1166.16,0.0,39,5.6,2,1,Yes,355.61,3,1,1,8,1,2024-05-08,0.25,6-12 Months,Mid Value,0,Slipping
CUST03171,Female,38,Married,Tier 3,Mobile,UPI,Electronics,2021-12-29,36,1.3,431.46,47,20278.62,560.9,0.0,87,4.7,1,3,Yes,138.41,3,2,6,10,1,2022-05-02,0.043,24+ Months,Low Value,0,At Risk
CUST03172,Male,48,Married,Tier 1,Desktop,Wallet,Beauty,2024-08-01,5,1.0,2812.88,5,14064.4,2812.88,67509.12,122,1.0,4,0,No Complaint,114.95,1,0,15,5,0,,0.0,3-6 Months,High Value,0,Dormant
CUST03173,Male,51,Married,Tier 1,Mobile,Debit Card,Fashion,2024-03-01,10,1.4,1010.65,14,14149.1,1414.91,33957.84,55,6.0,3,1,Yes,38.21,5,2,1,4,0,,0.143,6-12 Months,Mid Value,0,Slipping
CUST03174,Male,49,Single,Tier 3,Desktop,UPI,Fashion,2021-12-29,36,6.7,913.41,241,220131.81,6119.85,0.0,126,5.4,5,0,No Complaint,576.11,3,57,7,3,1,2024-09-04,0.237,24+ Months,High Value,0,Dormant
CUST03175,Male,52,Married,Tier 2,Desktop,Debit Card,Fashion,2024-03-01,10,3.1,1096.39,31,33988.09,3398.81,81571.44,112,4.9,4,0,No Complaint,430.49,3,1,13,7,0,,0.032,6-12 Months,High Value,0,Dormant
CUST03176,Male,32,Married,Tier 2,Mobile,UPI,Home & Kitchen,2022-06-30,30,1.0,911.0,30,27330.0,911.0,0.0,67,3.4,3,2,Yes,304.78,3,3,1,7,1,2024-11-13,0.1,24+ Months,Mid Value,0,At Risk
CUST03177,Female,49,Single,Tier 2,Desktop,UPI,Electronics,2024-12-01,1,0.5,620.4,1,620.4,310.2,0.0,56,8.9,4,1,Yes,70.26,6,0,4,4,1,2024-12-13,0.0,0-3 Months,Low Value,0,Slipping
CUST03178,Female,23,Married,Tier 2,Mobile,Debit Card,Beauty,2021-12-29,36,2.4,1142.44,86,98249.84,2741.86,65804.64,155,3.4,3,4,No,148.44,2,9,1,3,0,,0.105,24+ Months,High Value,1,Dormant
CUST03179,Female,62,Married,Tier 1,Mobile,Debit Card,Home & Kitchen,2024-10-01,3,2.7,637.21,8,5097.68,1720.47,41291.28,3,1.0,4,2,No,88.63,2,1,1,1,0,,0.125,0-3 Months,Mid Value,1,Active
CUST03180,Female,38,Married,Tier 3,Mobile,Debit Card,Home & Kitchen,2021-12-29,36,1.7,1211.52,61,73902.72,2059.58,49429.92,129,5.4,4,0,No Complaint,92.82,2,6,5,1,0,,0.098,24+ Months,Mid Value,0,Dormant
CUST03181,Male,50,Married,Tier 2,Mobile,UPI,Fashion,2024-10-01,3,0.6,4531.27,2,9062.54,2718.76,0.0,75,4.3,4,2,Yes,13.48,2,0,9,4,1,2024-11-24,0.0,0-3 Months,High Value,0,At Risk
CUST03182,Male,49,Married,Tier 2,Mobile,Debit Card,Home & Kitchen,2024-04-01,9,0.5,1425.27,4,5701.08,712.64,0.0,129,1.9,5,0,No Complaint,27.16,3,1,20,4,1,2024-05-26,0.25,6-12 Months,Low Value,0,Dormant
CUST03183,Male,36,Married,Tier 3,Desktop,UPI,Fashion,2024-07-01,6,0.8,786.76,5,3933.8,629.41,15105.84,91,4.0,5,0,No Complaint,584.74,4,0,3,7,0,,0.0,3-6 Months,Low Value,0,Dormant
CUST03184,Male,50,Married,Tier 1,Desktop,Debit Card,Beauty,2024-04-01,9,1.5,1073.73,14,15032.22,1610.6,38654.4,16,4.4,4,0,No Complaint,169.53,3,5,2,8,0,,0.357,6-12 Months,Mid Value,0,Active
CUST03185,Male,45,Married,Tier 1,Mobile,Debit Card,Beauty,2024-08-01,5,3.9,717.74,20,14354.8,2799.19,0.0,176,3.1,5,3,Yes,1.14,1,1,8,3,1,2024-12-04,0.05,3-6 Months,High Value,0,Dormant
CUST03186,Male,48,Married,Tier 3,Desktop,Debit Card,Fashion,2021-12-29,36,4.8,789.44,173,136573.12,3789.31,90943.44,16,4.7,1,0,No Complaint,298.16,2,36,24,3,0,,0.208,24+ Months,High Value,0,Active
CUST03187,Male,38,Married,Tier 3,Mobile,Net Banking,Fashion,2024-07-01,6,1.3,830.31,8,6642.48,1079.4,25905.6,29,5.1,5,1,Yes,16.39,2,1,2,7,0,,0.125,3-6 Months,Mid Value,0,Active
CUST03188,Male,51,Single,Tier 2,Mobile,Net Banking,Electronics,2023-07-01,18,4.0,1252.25,72,90162.0,5009.0,120216.0,76,4.4,2,0,No Complaint,221.68,2,21,1,6,0,,0.292,12-24 Months,High Value,0,At Risk
CUST03189,Female,32,Single,Tier 1,Mobile,Wallet,Electronics,2024-10-01,3,12.5,1693.84,38,64365.92,21173.0,0.0,170,2.8,3,2,Yes,174.57,3,2,15,3,1,2024-12-31,0.053,0-3 Months,High Value,0,Dormant
CUST03190,Female,31,Married,Tier 1,Mobile,Wallet,Home & Kitchen,2022-06-30,30,3.2,3930.2,96,377299.2,12576.64,301839.36,53,5.3,5,2,Yes,11.7,2,2,1,6,0,,0.021,24+ Months,High Value,0,Slipping
CUST03191,Male,36,Married,Tier 2,Desktop,COD,Electronics,2023-12-31,12,3.3,1413.63,40,56545.2,4664.98,0.0,102,1.6,3,1,Yes,136.26,3,6,5,4,1,2024-08-14,0.15,6-12 Months,High Value,0,Dormant
CUST03192,Female,60,Single,Tier 2,Mobile,Wallet,Home & Kitchen,2021-12-29,36,6.0,416.63,216,89992.08,2499.78,59994.72,94,5.2,3,1,No,8.75,4,26,12,3,0,,0.12,24+ Months,Mid Value,1,Dormant
CUST03193,Female,32,Single,Tier 3,Desktop,Net Banking,Electronics,2024-04-01,9,1.0,366.26,9,3296.34,366.26,8790.24,60,5.1,3,1,No,11.98,1,2,4,3,0,,0.222,6-12 Months,Low Value,1,Slipping
CUST03194,Male,23,Single,Tier 3,Desktop,COD,Sports,2024-08-31,4,0.5,856.63,2,1713.26,428.32,0.0,125,4.1,3,1,No,9.46,4,1,8,5,1,2024-09-09,0.5,3-6 Months,Low Value,1,Dormant
CUST03195,Male,26,Married,Tier 3,Tablet,UPI,Beauty,2024-06-01,7,10.9,1808.58,76,137452.08,19713.52,473124.48,90,3.6,2,3,Yes,53.09,1,3,13,3,0,,0.039,6-12 Months,High Value,0,At Risk
CUST03196,Male,54,Married,Tier 2,Mobile,UPI,Home & Kitchen,2022-12-30,24,1.7,776.22,41,31825.02,1319.57,0.0,104,2.3,2,4,No,291.3,3,10,6,5,1,2023-03-22,0.244,12-24 Months,Mid Value,1,Dormant
CUST03197,Female,37,Married,Tier 3,Mobile,COD,Fashion,2023-07-01,18,3.9,784.68,70,54927.6,3060.25,73446.0,38,3.5,4,0,No Complaint,81.02,4,5,2,4,0,,0.071,12-24 Months,High Value,0,Slipping
CUST03198,Female,51,Single,Tier 2,Mobile,Credit Card,Grocery,2022-12-30,24,4.2,1685.68,101,170253.68,7079.86,169916.64,166,3.0,4,0,No Complaint,183.67,2,3,2,7,0,,0.03,12-24 Months,High Value,0,Dormant
CUST03199,Male,55,Single,Tier 1,Tablet,COD,Fashion,2024-10-31,2,1.3,881.18,3,2643.54,1145.53,0.0,20,2.7,4,0,No Complaint,24.0,3,0,33,5,1,2024-11-20,0.0,0-3 Months,Mid Value,0,Active
CUST03200,Male,43,Single,Tier 1,Mobile,UPI,Electronics,2023-07-01,18,1.9,1852.12,34,62972.08,3519.03,84456.72,124,2.3,3,2,No,486.19,5,9,13,9,0,,0.265,12-24 Months,High Value,1,Dormant
CUST03201,Female,35,Single,Tier 2,Mobile,Credit Card,Grocery,2021-12-29,36,1.9,313.13,68,21292.84,594.95,0.0,159,6.9,5,1,No,126.3,3,18,3,2,1,2022-10-28,0.265,24+ Months,Low Value,1,Dormant
CUST03202,Male,45,Married,Tier 3,Mobile,COD,Beauty,2024-10-31,2,0.6,1253.5,1,1253.5,752.1,18050.4,16,5.9,3,0,No Complaint,4.48,1,0,2,3,0,,0.0,0-3 Months,Low Value,0,Active
CUST03203,Male,26,Single,Tier 1,Mobile,Net Banking,Fashion,2024-10-31,2,0.5,258.95,1,258.95,129.48,0.0,6,8.9,2,0,No Complaint,138.76,2,0,3,6,1,2024-11-04,0.0,0-3 Months,Low Value,0,Active
CUST03204,Female,49,Single,Tier 1,Mobile,UPI,Grocery,2022-12-30,24,2.0,1082.09,48,51940.32,2164.18,51940.32,60,4.9,5,1,No,36.72,4,8,14,1,0,,0.167,12-24 Months,Mid Value,1,Slipping
CUST03205,Female,23,Single,Tier 3,Mobile,Net Banking,Grocery,2024-07-01,6,0.5,1686.58,3,5059.74,843.29,0.0,142,5.8,4,0,No Complaint,39.23,4,0,7,5,1,2024-08-02,0.0,3-6 Months,Low Value,0,Dormant
CUST03206,Female,31,Single,Tier 1,Mobile,COD,Fashion,2023-07-01,18,1.1,287.23,20,5744.6,315.95,7582.8,129,4.4,5,0,No Complaint,165.1,2,1,9,1,0,,0.05,12-24 Months,Low Value,0,Dormant
CUST03207,Female,45,Single,Tier 3,Mobile,UPI,Grocery,2023-12-31,12,0.5,180.07,6,1080.42,90.04,0.0,148,7.2,3,0,No Complaint,46.2,4,1,9,3,1,2024-05-19,0.167,6-12 Months,Low Value,0,Dormant
CUST03208,Female,41,Married,Tier 1,Mobile,Credit Card,Beauty,2021-12-29,36,3.1,1628.96,112,182443.52,5049.78,121194.72,72,4.4,4,3,Yes,43.34,3,10,15,3,0,,0.089,24+ Months,High Value,0,At Risk
CUST03209,Male,30,Single,Tier 1,Mobile,UPI,Fashion,2021-12-29,36,5.1,1229.78,184,226279.52,6271.88,0.0,178,6.3,2,0,No Complaint,140.15,2,6,35,6,1,2023-10-25,0.033,24+ Months,High Value,0,Dormant
CUST03210,Female,60,Married,Tier 3,Mobile,UPI,Beauty,2023-07-01,18,2.2,416.14,40,16645.6,915.51,21972.24,66,4.8,5,1,No,48.33,3,1,8,2,0,,0.025,12-24 Months,Mid Value,1,At Risk
CUST03211,Male,29,Single,Tier 1,Tablet,Credit Card,Grocery,2024-08-01,5,1.3,1065.34,6,6392.04,1384.94,0.0,145,7.8,2,3,Yes,21.08,3,1,7,3,1,2024-11-06,0.167,3-6 Months,Mid Value,0,Dormant
CUST03212,Female,36,Married,Tier 2,Mobile,UPI,Home & Kitchen,2024-08-01,5,14.2,614.61,71,43637.31,8727.46,209459.04,63,3.6,1,0,No Complaint,94.44,1,1,1,3,0,,0.014,3-6 Months,High Value,0,At Risk
CUST03213,Male,38,Married,Tier 1,Desktop,UPI,Fashion,2021-12-29,36,0.5,792.03,18,14256.54,396.02,9504.48,40,6.6,2,1,Yes,9.61,5,6,20,4,0,,0.333,24+ Months,Low Value,0,Slipping
CUST03214,Female,44,Married,Tier 1,Mobile,COD,Home & Kitchen,2023-07-01,18,0.9,744.09,16,11905.44,669.68,16072.32,61,4.3,4,3,No,424.31,4,1,1,2,0,,0.062,12-24 Months,Low Value,1,At Risk
CUST03215,Male,36,Married,Tier 1,Desktop,Debit Card,Fashion,2022-06-30,30,0.8,353.72,24,8489.28,282.98,6791.52,35,3.0,3,0,No Complaint,108.11,2,1,9,8,0,,0.042,24+ Months,Low Value,0,Slipping
CUST03216,Male,41,Married,Tier 1,Mobile,Debit Card,Electronics,2024-04-01,9,1.1,1687.1,10,16871.0,1855.81,44539.44,24,4.4,5,5,Yes,2.37,4,1,11,4,0,,0.1,6-12 Months,Mid Value,0,Active
CUST03217,Male,43,Single,Tier 1,Mobile,UPI,Fashion,2024-10-31,2,0.7,427.8,1,427.8,299.46,0.0,66,1.0,5,0,No Complaint,45.8,6,0,3,2,1,2024-12-08,0.0,0-3 Months,Low Value,0,At Risk
CUST03218,Male,62,Single,Tier 3,Mobile,COD,Home & Kitchen,2024-07-01,6,0.8,958.01,5,4790.05,766.41,18393.84,27,6.2,5,0,No Complaint,569.84,4,1,1,4,0,,0.2,3-6 Months,Low Value,0,Active
CUST03219,Female,45,Single,Tier 2,Desktop,Net Banking,Beauty,2024-10-01,3,0.7,1417.2,2,2834.4,992.04,23808.96,90,5.7,5,2,Yes,123.47,2,1,4,2,0,,0.5,0-3 Months,Mid Value,0,At Risk
CUST03220,Female,63,Single,Tier 1,Mobile,Debit Card,Fashion,2022-06-30,30,1.8,502.17,54,27117.18,903.91,21693.84,7,7.9,5,0,No Complaint,80.02,5,5,2,3,0,,0.093,24+ Months,Mid Value,0,Active
CUST03221,Male,35,Married,Tier 2,Mobile,Net Banking,Fashion,2022-12-30,24,1.2,740.69,29,21480.01,888.83,21331.92,78,2.8,5,1,No,68.13,3,2,7,4,0,,0.069,12-24 Months,Mid Value,1,At Risk
CUST03222,Male,61,Single,Tier 3,Mobile,COD,Electronics,2024-10-31,2,2.5,628.83,5,3144.15,1572.08,0.0,172,3.2,5,1,No,97.11,1,1,1,4,1,2024-12-03,0.2,0-3 Months,Mid Value,1,Dormant
CUST03223,Male,53,Married,Tier 3,Mobile,COD,Fashion,2023-07-01,18,1.8,3002.34,32,96074.88,5404.21,129701.04,65,2.2,5,1,Yes,42.83,6,5,1,9,0,,0.156,12-24 Months,High Value,0,At Risk
CUST03224,Male,59,Single,Tier 2,Mobile,COD,Grocery,2022-06-30,30,0.5,1703.48,15,25552.2,851.74,20441.76,25,5.2,3,0,No Complaint,248.91,4,0,7,7,0,,0.0,24+ Months,Low Value,0,Active
CUST03225,Male,46,Married,Tier 3,Mobile,UPI,Grocery,2022-12-30,24,4.2,1528.3,101,154358.3,6418.86,154052.64,55,3.8,3,0,No Complaint,127.78,3,10,1,8,0,,0.099,12-24 Months,High Value,0,Slipping
CUST03226,Female,34,Married,Tier 1,Mobile,UPI,Sports,2024-01-31,11,1.6,4218.74,18,75937.32,6749.98,161999.52,142,3.0,4,1,Yes,250.57,1,5,4,6,0,,0.278,6-12 Months,High Value,0,Dormant
CUST03227,Male,21,Married,Tier 2,Mobile,UPI,Sports,2024-07-01,6,0.5,1148.8,3,3446.4,574.4,13785.6,57,5.2,2,0,No Complaint,52.84,1,0,17,5,0,,0.0,3-6 Months,Low Value,0,Slipping
CUST03228,Male,61,Married,Tier 2,Desktop,UPI,Grocery,2021-12-29,36,0.5,709.69,18,12774.42,354.84,0.0,69,6.5,3,2,No,0.26,4,3,1,3,1,2023-08-24,0.167,24+ Months,Low Value,1,At Risk
CUST03229,Male,62,Single,Tier 2,Mobile,UPI,Fashion,2024-04-01,9,4.0,327.71,36,11797.56,1310.84,0.0,142,4.7,4,4,Yes,609.87,4,0,1,1,1,2024-11-19,0.0,6-12 Months,Mid Value,0,Dormant
CUST03230,Male,46,Married,Tier 2,Mobile,Net Banking,Electronics,2022-06-30,30,3.0,550.23,90,49520.7,1650.69,39616.56,47,3.6,4,0,No Complaint,129.16,4,3,19,4,0,,0.033,24+ Months,Mid Value,0,Slipping
CUST03231,Male,21,Single,Tier 2,Desktop,UPI,Grocery,2022-06-30,30,1.8,1003.73,54,54201.42,1806.71,43361.04,86,6.6,4,2,No,14.96,2,16,4,6,0,,0.296,24+ Months,Mid Value,1,At Risk
CUST03232,Female,27,Married,Tier 3,Mobile,Wallet,Electronics,2022-06-30,30,0.9,1723.26,27,46528.02,1550.93,37222.32,12,4.0,5,0,No Complaint,19.72,1,5,4,3,0,,0.185,24+ Months,Mid Value,0,Active
CUST03233,Male,42,Single,Tier 3,Mobile,Debit Card,Grocery,2021-12-29,36,1.5,568.09,54,30676.86,852.14,20451.36,32,4.0,4,3,Yes,102.66,5,7,6,2,0,,0.13,24+ Months,Low Value,0,Slipping
CUST03234,Male,48,Single,Tier 2,Desktop,UPI,Sports,2022-12-30,24,2.5,2720.49,60,163229.4,6801.22,0.0,38,5.4,3,4,Yes,213.9,1,5,5,4,1,2024-05-30,0.083,12-24 Months,High Value,0,Slipping
CUST03235,Male,20,Married,Tier 2,Mobile,Credit Card,Home & Kitchen,2024-12-01,1,5.3,305.6,5,1528.0,1619.68,38872.32,83,3.3,3,1,No,90.94,1,0,12,3,0,,0.0,0-3 Months,Mid Value,1,At Risk
CUST03236,Male,64,Single,Tier 1,Mobile,UPI,Fashion,2024-08-31,4,2.0,690.33,8,5522.64,1380.66,0.0,147,6.3,3,0,No Complaint,308.82,4,1,3,7,1,2024-11-16,0.125,3-6 Months,Mid Value,0,Dormant
CUST03237,Male,19,Single,Tier 1,Tablet,Wallet,Fashion,2024-12-01,1,0.8,1191.13,1,1191.13,952.9,0.0,64,2.8,3,2,Yes,71.83,2,0,1,6,1,2024-12-14,0.0,0-3 Months,Mid Value,0,At Risk
CUST03238,Female,42,Single,Tier 2,Tablet,COD,Home & Kitchen,2024-10-01,3,0.5,984.19,2,1968.38,492.1,0.0,69,3.4,1,3,Yes,8.4,1,0,6,5,1,2024-10-13,0.0,0-3 Months,Low Value,0,At Risk
CUST03239,Female,23,Married,Tier 2,Mobile,UPI,Home & Kitchen,2024-12-01,1,0.5,1253.52,1,1253.52,626.76,0.0,54,2.4,3,0,No Complaint,1.5,3,0,5,2,1,2024-12-26,0.0,0-3 Months,Low Value,0,Slipping
CUST03240,Female,43,Married,Tier 1,Mobile,Wallet,Fashion,2024-01-31,11,2.6,982.36,29,28488.44,2554.14,61299.36,58,6.1,5,0,No Complaint,353.19,5,0,4,4,0,,0.0,6-12 Months,High Value,0,Slipping
CUST03241,Male,25,Married,Tier 3,Mobile,COD,Beauty,2024-12-01,1,0.5,1413.41,1,1413.41,706.7,0.0,73,6.9,4,0,No Complaint,749.61,0,0,4,2,1,2024-12-23,0.0,0-3 Months,Low Value,0,At Risk
CUST03242,Male,52,Married,Tier 2,Mobile,UPI,Grocery,2024-03-01,10,1.6,756.92,16,12110.72,1211.07,0.0,161,4.2,4,2,No,25.65,6,7,19,1,1,2024-04-28,0.438,6-12 Months,Mid Value,1,Dormant
CUST03243,Female,44,Single,Tier 2,Mobile,Debit Card,Electronics,2021-12-29,36,3.0,727.48,108,78567.84,2182.44,52378.56,5,5.3,5,0,No Complaint,11.53,4,3,13,5,0,,0.028,24+ Months,Mid Value,0,Active
CUST03244,Female,42,Married,Tier 1,Mobile,Debit Card,Fashion,2022-12-30,24,0.9,503.97,22,11087.34,453.57,0.0,112,5.2,3,1,Yes,442.47,3,3,2,3,1,2024-10-30,0.136,12-24 Months,Low Value,0,Dormant
CUST03245,Female,35,Married,Tier 1,Tablet,UPI,Home & Kitchen,2021-12-29,36,2.8,4111.73,101,415284.73,11512.84,276308.16,159,5.0,4,0,No Complaint,19.12,3,32,5,1,0,,0.317,24+ Months,High Value,0,Dormant
CUST03246,Male,18,Married,Tier 3,Desktop,COD,Grocery,2024-08-31,4,2.2,849.85,9,7648.65,1869.67,0.0,75,2.4,1,3,No,46.67,5,1,11,3,1,2024-11-22,0.111,3-6 Months,Mid Value,1,At Risk
CUST03247,Male,56,Single,Tier 2,Mobile,UPI,Fashion,2024-01-31,11,1.4,1217.88,15,18268.2,1705.03,40920.72,117,3.3,5,0,No Complaint,291.19,2,2,6,3,0,,0.133,6-12 Months,Mid Value,0,Dormant
CUST03248,Male,20,Single,Tier 3,Mobile,Credit Card,Beauty,2024-07-01,6,5.7,774.38,34,26328.92,4413.97,0.0,105,5.9,3,5,Yes,1117.22,6,3,22,1,1,2024-11-19,0.088,3-6 Months,High Value,0,Dormant
CUST03249,Female,21,Single,Tier 3,Mobile,UPI,Beauty,2024-03-01,10,2.9,2736.19,29,79349.51,7934.95,0.0,61,6.7,2,0,No Complaint,119.8,5,1,10,3,1,2024-06-19,0.034,6-12 Months,High Value,0,At Risk
CUST03250,Female,58,Single,Tier 2,Mobile,Wallet,Home & Kitchen,2023-12-31,12,1.1,890.83,13,11580.79,979.91,23517.84,25,6.2,3,0,No Complaint,42.61,1,0,1,5,0,,0.0,6-12 Months,Mid Value,0,Active
CUST03251,Male,54,Single,Tier 1,Mobile,COD,Fashion,2024-12-01,1,4.1,1129.17,4,4516.68,4629.6,111110.4,40,4.5,5,0,No Complaint,338.76,2,0,4,9,0,,0.0,0-3 Months,High Value,0,Slipping
CUST03252,Male,32,Single,Tier 3,Desktop,UPI,Sports,2024-08-31,4,3.3,487.53,13,6337.89,1608.85,0.0,11,5.9,2,0,No Complaint,90.25,3,0,16,7,1,2024-10-25,0.0,3-6 Months,Mid Value,0,Active
CUST03253,Female,25,Single,Tier 3,Mobile,Credit Card,Fashion,2022-12-30,24,3.9,3078.89,94,289415.66,12007.67,0.0,137,1.7,5,2,Yes,57.3,4,14,4,5,1,2024-04-05,0.149,12-24 Months,High Value,0,Dormant
CUST03254,Male,55,Single,Tier 2,Desktop,UPI,Grocery,2022-12-30,24,2.6,1045.13,62,64798.06,2717.34,0.0,96,1.0,3,2,Yes,121.35,4,12,6,3,1,2023-08-20,0.194,12-24 Months,High Value,0,Dormant
CUST03255,Male,36,Married,Tier 3,Mobile,COD,Grocery,2023-12-31,12,1.2,3158.35,14,44216.9,3790.02,90960.48,141,2.0,3,1,Yes,348.58,2,2,14,4,0,,0.143,6-12 Months,High Value,0,Dormant
CUST03256,Male,64,Married,Tier 3,Mobile,UPI,Electronics,2024-08-01,5,1.1,589.62,6,3537.72,648.58,0.0,52,9.6,3,5,Yes,47.75,6,0,1,3,1,2024-11-14,0.0,3-6 Months,Low Value,0,Slipping
CUST03257,Female,43,Single,Tier 2,Mobile,COD,Electronics,2024-05-01,8,2.7,658.92,22,14496.24,1779.08,42697.92,145,8.2,3,0,No Complaint,99.24,6,2,1,2,0,,0.091,6-12 Months,Mid Value,0,Dormant
CUST03258,Male,56,Married,Tier 2,Mobile,Wallet,Home & Kitchen,2024-10-31,2,0.5,620.79,1,620.79,310.4,7449.6,56,1.6,4,5,No,105.74,4,0,2,7,0,,0.0,0-3 Months,Low Value,1,Slipping
CUST03259,Male,27,Married,Tier 3,Desktop,Debit Card,Grocery,2021-12-29,36,4.3,736.15,155,114103.25,3165.44,0.0,22,4.1,4,0,No Complaint,321.9,4,2,12,5,1,2023-11-23,0.013,24+ Months,High Value,0,Active
CUST03260,Female,55,Married,Tier 2,Desktop,UPI,Electronics,2022-06-30,30,1.2,1435.67,36,51684.12,1722.8,41347.2,96,3.7,3,2,No,202.86,1,6,3,1,0,,0.167,24+ Months,Mid Value,1,Dormant
CUST03261,Male,31,Married,Tier 1,Mobile,Credit Card,Fashion,2024-12-01,1,2.5,214.04,2,428.08,535.1,12842.4,170,6.8,3,0,No Complaint,272.94,5,0,4,6,0,,0.0,0-3 Months,Low Value,0,Dormant
CUST03262,Male,58,Single,Tier 1,Mobile,Credit Card,Fashion,2024-10-01,3,1.7,868.02,5,4340.1,1475.63,35415.12,75,5.7,3,1,Yes,212.79,6,2,3,7,0,,0.4,0-3 Months,Mid Value,0,At Risk
CUST03263,Male,36,Married,Tier 1,Mobile,Debit Card,Fashion,2023-07-01,18,1.8,519.84,32,16634.88,935.71,22457.04,93,3.8,3,1,Yes,161.67,2,3,13,2,0,,0.094,12-24 Months,Mid Value,0,Dormant
CUST03264,Male,47,Married,Tier 1,Tablet,Debit Card,Sports,2024-08-31,4,3.3,482.2,13,6268.6,1591.26,0.0,81,5.5,4,2,No,25.57,1,2,7,4,1,2024-12-14,0.154,3-6 Months,Mid Value,1,At Risk
CUST03265,Female,22,Single,Tier 3,Desktop,Debit Card,Beauty,2021-12-29,36,2.5,1246.1,90,112149.0,3115.25,0.0,82,5.9,4,1,Yes,322.1,3,13,2,5,1,2024-07-14,0.144,24+ Months,High Value,0,At Risk
CUST03266,Male,48,Married,Tier 1,Mobile,Credit Card,Sports,2022-12-30,24,0.7,1107.67,17,18830.39,775.37,0.0,39,1.1,2,0,No Complaint,168.24,4,2,17,0,1,2024-02-11,0.118,12-24 Months,Low Value,0,Slipping
CUST03267,Male,24,Married,Tier 1,Mobile,Net Banking,Fashion,2024-08-01,5,0.5,1642.79,2,3285.58,821.4,19713.6,76,5.5,4,3,Yes,217.42,5,0,1,3,0,,0.0,3-6 Months,Low Value,0,At Risk
CUST03268,Female,36,Single,Tier 1,Mobile,UPI,Beauty,2024-12-01,1,4.6,1177.52,5,5887.6,5416.59,129998.16,89,4.5,4,3,Yes,271.52,2,1,4,7,0,,0.2,0-3 Months,High Value,0,At Risk
CUST03269,Female,48,Married,Tier 2,Mobile,Credit Card,Fashion,2022-06-30,30,5.4,1018.23,162,164953.26,5498.44,131962.56,134,2.4,3,0,No Complaint,67.24,1,34,13,3,0,,0.21,24+ Months,High Value,0,Dormant
CUST03270,Female,56,Single,Tier 2,Mobile,COD,Beauty,2024-04-01,9,0.5,607.28,4,2429.12,303.64,7287.36,26,3.4,4,3,Yes,103.51,2,0,5,6,0,,0.0,6-12 Months,Low Value,0,Active
CUST03271,Male,41,Married,Tier 1,Mobile,UPI,Electronics,2023-07-01,18,0.9,469.27,16,7508.32,422.34,0.0,103,5.0,5,1,Yes,140.28,6,0,3,2,1,2024-08-29,0.0,12-24 Months,Low Value,0,Dormant
CUST03272,Male,51,Single,Tier 1,Tablet,COD,Fashion,2024-08-01,5,0.8,1365.64,4,5462.56,1092.51,0.0,119,4.7,1,2,Yes,75.56,2,1,20,2,1,2024-08-25,0.25,3-6 Months,Mid Value,0,Dormant
CUST03273,Female,40,Single,Tier 1,Mobile,COD,Grocery,2024-10-01,3,6.9,750.63,21,15763.23,5179.35,124304.4,69,4.2,5,0,No Complaint,53.84,1,2,9,4,0,,0.095,0-3 Months,High Value,0,At Risk
CUST03274,Male,62,Married,Tier 2,Mobile,Debit Card,Electronics,2023-07-01,18,0.6,1187.32,11,13060.52,712.39,0.0,99,4.0,4,0,No Complaint,269.97,1,2,6,5,1,2024-05-16,0.182,12-24 Months,Low Value,0,Dormant
CUST03275,Female,57,Single,Tier 1,Desktop,UPI,Grocery,2024-04-01,9,0.5,895.02,4,3580.08,447.51,10740.24,128,4.6,4,1,Yes,252.24,5,1,21,5,0,,0.25,6-12 Months,Low Value,0,Dormant
CUST03276,Female,23,Single,Tier 3,Mobile,UPI,Grocery,2024-08-31,4,0.5,214.75,2,429.5,107.38,2577.12,84,1.6,4,0,No Complaint,320.87,0,0,19,4,0,,0.0,3-6 Months,Low Value,0,At Risk
CUST03277,Female,55,Single,Tier 2,Mobile,Credit Card,Beauty,2024-10-01,3,3.3,1259.48,10,12594.8,4156.28,99750.72,60,7.6,4,1,Yes,214.74,2,0,3,6,0,,0.0,0-3 Months,High Value,0,Slipping
CUST03278,Male,58,Single,Tier 1,Mobile,UPI,Sports,2023-07-01,18,5.5,579.34,99,57354.66,3186.37,76472.88,148,3.8,2,1,Yes,67.24,2,12,3,6,0,,0.121,12-24 Months,High Value,0,Dormant
CUST03279,Male,53,Married,Tier 2,Mobile,Wallet,Electronics,2022-12-30,24,1.2,1644.08,29,47678.32,1972.9,0.0,177,5.4,5,1,Yes,71.28,2,10,3,6,1,2024-03-11,0.345,12-24 Months,Mid Value,0,Dormant
CUST03280,Female,44,Single,Tier 1,Mobile,Debit Card,Electronics,2024-08-01,5,0.5,244.4,2,488.8,122.2,2932.8,39,7.4,4,1,Yes,135.06,0,0,3,4,0,,0.0,3-6 Months,Low Value,0,Slipping
CUST03281,Male,28,Married,Tier 2,Mobile,UPI,Beauty,2022-12-30,24,2.2,3392.57,53,179806.21,7463.65,179127.6,160,6.5,4,1,Yes,324.98,2,7,1,5,0,,0.132,12-24 Months,High Value,0,Dormant
CUST03282,Male,22,Single,Tier 1,Desktop,Net Banking,Grocery,2024-10-01,3,0.6,591.59,2,1183.18,354.95,8518.8,98,5.0,3,0,No Complaint,76.52,2,1,8,3,0,,0.5,0-3 Months,Low Value,0,Dormant
CUST03283,Female,34,Single,Tier 2,Mobile,COD,Fashion,2024-07-01,6,0.5,1248.67,3,3746.01,624.34,0.0,81,4.3,4,0,No Complaint,261.39,1,1,3,3,1,2024-09-19,0.333,3-6 Months,Low Value,0,At Risk
CUST03284,Female,24,Single,Tier 3,Desktop,UPI,Home & Kitchen,2022-12-30,24,5.4,545.22,130,70878.6,2944.19,70660.56,160,4.5,5,2,No,65.67,4,37,5,2,0,,0.285,12-24 Months,High Value,1,Dormant
CUST03285,Male,44,Married,Tier 3,Mobile,Credit Card,Fashion,2023-07-01,18,5.1,599.64,92,55166.88,3058.16,0.0,163,1.6,1,2,Yes,74.39,4,5,5,4,1,2024-03-18,0.054,12-24 Months,High Value,0,Dormant
CUST03286,Male,64,Single,Tier 1,Desktop,UPI,Fashion,2024-08-01,5,9.3,1450.56,46,66725.76,13490.21,323765.04,49,2.3,5,0,No Complaint,251.24,2,2,9,5,0,,0.043,3-6 Months,High Value,0,Slipping
CUST03287,Male,32,Married,Tier 1,Desktop,Wallet,Fashion,2024-10-31,2,1.6,779.45,3,2338.35,1247.12,0.0,65,4.9,1,2,Yes,204.3,3,1,14,2,1,2024-11-23,0.333,0-3 Months,Mid Value,0,At Risk
CUST03288,Female,63,Single,Tier 2,Desktop,Credit Card,Fashion,2024-12-01,1,0.9,818.28,1,818.28,736.45,0.0,153,3.8,4,0,No Complaint,42.03,6,0,28,3,1,2024-12-31,0.0,0-3 Months,Low Value,0,Dormant
CUST03289,Female,30,Married,Tier 3,Mobile,Net Banking,Fashion,2022-06-30,30,3.7,1627.21,111,180620.31,6020.68,144496.32,88,1.8,3,0,No Complaint,315.83,4,11,5,6,0,,0.099,24+ Months,High Value,0,At Risk
CUST03290,Male,28,Single,Tier 3,Desktop,Credit Card,Fashion,2024-10-31,2,0.5,1024.8,1,1024.8,512.4,0.0,52,5.0,4,0,No Complaint,276.36,5,0,15,4,1,2024-11-09,0.0,0-3 Months,Low Value,0,Slipping
CUST03291,Male,62,Married,Tier 1,Mobile,Net Banking,Electronics,2024-10-31,2,0.7,1228.78,1,1228.78,860.15,0.0,173,5.9,2,1,Yes,287.39,1,0,6,5,1,2024-12-13,0.0,0-3 Months,Low Value,0,Dormant
CUST03292,Female,43,Single,Tier 1,Desktop,UPI,Fashion,2024-08-31,4,0.7,579.81,3,1739.43,405.87,9740.88,39,6.6,4,0,No Complaint,114.4,4,0,22,5,0,,0.0,3-6 Months,Low Value,0,Slipping
CUST03293,Male,39,Single,Tier 2,Mobile,Wallet,Fashion,2024-04-01,9,7.6,1431.65,68,97352.2,10880.54,261132.96,110,5.5,5,2,Yes,71.72,3,8,11,0,0,,0.118,6-12 Months,High Value,0,Dormant
CUST03294,Female,45,Single,Tier 1,Mobile,Net Banking,Grocery,2022-06-30,30,3.3,970.8,99,96109.2,3203.64,76887.36,77,3.4,4,4,Yes,341.22,0,22,9,6,0,,0.222,24+ Months,High Value,0,At Risk
CUST03295,Female,41,Single,Tier 1,Mobile,Credit Card,Fashion,2024-08-01,5,0.5,1213.52,2,2427.04,606.76,0.0,81,5.7,2,4,Yes,159.7,2,0,4,4,1,2024-11-30,0.0,3-6 Months,Low Value,0,At Risk
CUST03296,Male,46,Married,Tier 1,Desktop,COD,Fashion,2023-12-31,12,0.5,1158.22,6,6949.32,579.11,0.0,19,5.0,1,0,No Complaint,481.2,2,3,3,3,1,2024-02-03,0.5,6-12 Months,Low Value,0,Active
CUST03297,Female,26,Married,Tier 2,Mobile,COD,Electronics,2024-10-31,2,4.6,1979.67,9,17817.03,9106.48,0.0,47,2.8,4,3,Yes,52.7,6,1,13,4,1,2024-11-05,0.111,0-3 Months,High Value,0,Slipping
CUST03298,Male,59,Single,Tier 3,Desktop,Net Banking,Electronics,2024-03-01,10,4.1,1278.41,41,52414.81,5241.48,0.0,30,2.8,1,1,Yes,668.57,2,2,7,5,1,2024-04-13,0.049,6-12 Months,High Value,0,Active
CUST03299,Male,21,Married,Tier 3,Tablet,UPI,Electronics,2024-10-01,3,2.8,398.63,8,3189.04,1116.16,0.0,135,6.0,1,1,No,85.82,3,0,1,3,1,2024-10-12,0.0,0-3 Months,Mid Value,1,Dormant
CUST03300,Female,63,Single,Tier 2,Mobile,Credit Card,Electronics,2024-08-31,4,0.5,592.21,2,1184.42,296.1,0.0,125,5.1,3,4,No,87.35,5,0,5,4,1,2024-10-25,0.0,3-6 Months,Low Value,1,Dormant
CUST03301,Male,35,Single,Tier 2,Mobile,Net Banking,Grocery,2024-06-01,7,1.6,1051.98,11,11571.78,1683.17,0.0,143,5.0,3,1,Yes,49.12,2,4,1,3,1,2024-06-25,0.364,6-12 Months,Mid Value,0,Dormant
CUST03302,Female,60,Single,Tier 3,Desktop,COD,Grocery,2022-12-30,24,2.3,1186.65,55,65265.75,2729.3,0.0,126,4.6,3,0,No Complaint,603.56,3,11,1,4,1,2024-01-15,0.2,12-24 Months,High Value,0,Dormant
CUST03303,Female,33,Married,Tier 1,Mobile,Credit Card,Home & Kitchen,2022-12-30,24,6.7,355.16,161,57180.76,2379.57,57109.68,24,5.6,4,1,No,7.29,4,10,39,6,0,,0.062,12-24 Months,Mid Value,1,Active
CUST03304,Male,50,Single,Tier 2,Mobile,COD,Grocery,2024-05-01,8,0.5,448.24,4,1792.96,224.12,0.0,176,3.6,3,1,No,115.42,3,0,6,5,1,2024-11-24,0.0,6-12 Months,Low Value,1,Dormant
CUST03305,Male,46,Married,Tier 2,Desktop,UPI,Electronics,2024-10-31,2,1.8,1930.43,4,7721.72,3474.77,0.0,34,4.3,3,4,Yes,81.88,2,0,13,7,1,2024-11-08,0.0,0-3 Months,High Value,0,Slipping
CUST03306,Male,56,Single,Tier 1,Tablet,COD,Fashion,2024-08-01,5,0.5,3554.83,2,7109.66,1777.42,0.0,63,5.8,4,3,Yes,31.23,3,0,5,3,1,2024-12-21,0.0,3-6 Months,Mid Value,0,At Risk
CUST03307,Male,27,Single,Tier 2,Desktop,UPI,Beauty,2024-01-31,11,1.5,282.03,16,4512.48,423.04,10152.96,127,4.6,3,1,Yes,224.84,5,1,8,3,0,,0.062,6-12 Months,Low Value,0,Dormant
CUST03308,Male,26,Single,Tier 1,Mobile,UPI,Fashion,2022-06-30,30,0.6,1075.7,18,19362.6,645.42,15490.08,26,3.2,2,0,No Complaint,411.47,2,1,37,2,0,,0.056,24+ Months,Low Value,0,Active
CUST03309,Male,48,Single,Tier 2,Mobile,Credit Card,Electronics,2021-12-29,36,4.5,928.45,162,150408.9,4178.03,100272.72,31,3.3,4,0,No Complaint,50.25,3,29,9,2,0,,0.179,24+ Months,High Value,0,Slipping
CUST03310,Male,45,Single,Tier 1,Mobile,Credit Card,Electronics,2023-07-01,18,0.7,1822.54,13,23693.02,1275.78,0.0,157,4.6,4,0,No Complaint,123.92,2,5,1,8,1,2023-08-31,0.385,12-24 Months,Mid Value,0,Dormant
CUST03311,Female,20,Single,Tier 1,Mobile,Debit Card,Grocery,2024-06-01,7,1.3,1270.87,9,11437.83,1652.13,39651.12,60,1.0,3,0,No Complaint,155.39,5,1,12,5,0,,0.111,6-12 Months,Mid Value,0,Slipping
CUST03312,Female,31,Single,Tier 1,Mobile,Debit Card,Home & Kitchen,2022-12-30,24,1.3,1604.18,31,49729.58,2085.43,0.0,120,7.7,4,2,No,89.12,3,1,21,10,1,2024-08-21,0.032,12-24 Months,Mid Value,1,Dormant
CUST03313,Female,42,Married,Tier 3,Mobile,Credit Card,Sports,2024-07-01,6,5.0,181.89,30,5456.7,909.45,0.0,154,4.2,5,2,Yes,458.13,2,2,3,3,1,2024-11-21,0.067,3-6 Months,Mid Value,0,Dormant
CUST03314,Male,32,Single,Tier 2,Mobile,UPI,Fashion,2023-07-01,18,3.5,893.37,63,56282.31,3126.8,75043.2,175,5.4,5,0,No Complaint,111.42,2,15,2,3,0,,0.238,12-24 Months,High Value,0,Dormant
CUST03315,Male,19,Married,Tier 2,Desktop,COD,Fashion,2024-08-01,5,0.5,476.12,2,952.24,238.06,0.0,38,5.6,4,2,Yes,731.11,3,0,2,7,1,2024-12-22,0.0,3-6 Months,Low Value,0,Slipping
CUST03316,Female,41,Single,Tier 2,Desktop,Credit Card,Beauty,2024-08-01,5,0.5,484.73,2,969.46,242.36,5816.64,23,5.0,2,2,Yes,62.97,4,0,1,6,0,,0.0,3-6 Months,Low Value,0,Active
CUST03317,Male,31,Married,Tier 2,Desktop,Credit Card,Grocery,2024-10-31,2,2.0,380.61,4,1522.44,761.22,0.0,133,2.0,4,0,No Complaint,13.69,3,1,2,6,1,2024-11-21,0.25,0-3 Months,Low Value,0,Dormant
CUST03318,Male,24,Single,Tier 1,Mobile,Debit Card,Electronics,2024-04-01,9,1.4,1053.49,13,13695.37,1474.89,35397.36,34,2.6,1,1,Yes,154.01,1,1,9,5,0,,0.077,6-12 Months,Mid Value,0,Slipping
CUST03319,Female,53,Single,Tier 2,Mobile,Net Banking,Beauty,2023-07-01,18,0.8,1133.88,14,15874.32,907.1,0.0,104,1.8,3,2,Yes,312.04,4,2,4,6,1,2023-11-03,0.143,12-24 Months,Mid Value,0,Dormant
CUST03320,Female,41,Married,Tier 1,Desktop,COD,Grocery,2022-06-30,30,3.9,1396.41,117,163379.97,5446.0,0.0,96,6.5,5,1,No,88.5,4,20,17,2,1,2023-08-24,0.171,24+ Months,High Value,1,Dormant
CUST03321,Female,44,Single,Tier 1,Mobile,UPI,Sports,2022-06-30,30,0.5,677.12,15,10156.8,338.56,0.0,101,1.7,4,0,No Complaint,36.84,3,3,4,3,1,2023-06-27,0.2,24+ Months,Low Value,0,Dormant
CUST03322,Male,54,Married,Tier 2,Mobile,COD,Grocery,2021-12-29,36,9.1,2365.86,328,776002.08,21529.33,516703.92,117,3.3,4,0,No Complaint,241.26,1,44,20,4,0,,0.134,24+ Months,High Value,0,Dormant
CUST03323,Female,55,Married,Tier 1,Mobile,Wallet,Electronics,2024-10-31,2,0.5,467.58,1,467.58,233.79,0.0,153,6.9,2,0,No Complaint,56.87,2,0,1,4,1,2024-12-25,0.0,0-3 Months,Low Value,0,Dormant
CUST03324,Female,47,Single,Tier 1,Mobile,Credit Card,Grocery,2024-03-01,10,0.5,329.38,5,1646.9,164.69,3952.56,49,2.5,1,4,Yes,264.34,5,1,1,3,0,,0.2,6-12 Months,Low Value,0,Slipping
CUST03325,Female,44,Married,Tier 2,Mobile,Wallet,Beauty,2024-01-31,11,0.9,1046.45,10,10464.5,941.8,22603.2,100,4.8,5,0,No Complaint,54.76,3,0,12,3,0,,0.0,6-12 Months,Mid Value,0,Dormant
CUST03326,Female,56,Married,Tier 2,Desktop,Debit Card,Grocery,2022-06-30,30,1.8,556.04,54,30026.16,1000.87,24020.88,61,5.9,3,1,No,146.67,3,1,12,4,0,,0.019,24+ Months,Mid Value,1,At Risk
CUST03327,Female,32,Married,Tier 2,Desktop,Credit Card,Grocery,2024-08-01,5,0.6,1302.78,3,3908.34,781.67,0.0,58,4.4,3,4,Yes,393.55,2,0,10,9,1,2024-11-17,0.0,3-6 Months,Low Value,0,Slipping
CUST03328,Male,43,Married,Tier 2,Mobile,Credit Card,Sports,2024-12-01,1,3.3,566.56,3,1699.68,1869.65,0.0,4,4.8,4,2,Yes,41.21,2,0,4,4,1,2024-12-28,0.0,0-3 Months,Mid Value,0,Active
CUST03329,Male,18,Married,Tier 2,Mobile,Debit Card,Grocery,2024-07-01,6,1.1,598.7,7,4190.9,658.57,0.0,108,5.5,4,0,No Complaint,309.36,2,0,2,7,1,2024-07-14,0.0,3-6 Months,Low Value,0,Dormant
CUST03330,Female,21,Single,Tier 2,Desktop,UPI,Electronics,2021-12-29,36,0.5,565.6,18,10180.8,282.8,0.0,175,7.7,3,2,Yes,55.52,6,1,2,10,1,2023-08-10,0.056,24+ Months,Low Value,0,Dormant
CUST03331,Female,46,Married,Tier 1,Mobile,UPI,Beauty,2021-12-29,36,5.3,537.86,191,102731.26,2850.66,68415.84,137,2.8,4,1,Yes,194.54,4,83,13,6,0,,0.435,24+ Months,High Value,0,Dormant
CUST03332,Female,18,Single,Tier 1,Mobile,UPI,Grocery,2024-05-01,8,7.2,896.63,58,52004.54,6455.74,0.0,44,3.7,3,0,No Complaint,50.28,0,1,23,8,1,2024-10-01,0.017,6-12 Months,High Value,0,Slipping
CUST03333,Male,60,Single,Tier 2,Desktop,UPI,Fashion,2022-06-30,30,2.4,1061.48,72,76426.56,2547.55,61141.2,129,5.6,4,1,Yes,21.9,4,15,24,6,0,,0.208,24+ Months,High Value,0,Dormant
CUST03334,Male,63,Married,Tier 1,Desktop,Credit Card,Electronics,2024-12-01,1,4.1,537.17,4,2148.68,2202.4,0.0,54,4.1,2,2,Yes,196.33,2,0,4,4,1,2024-12-10,0.0,0-3 Months,Mid Value,0,Slipping
CUST03335,Female,39,Married,Tier 3,Desktop,Debit Card,Beauty,2024-07-01,6,0.5,395.66,3,1186.98,197.83,0.0,135,3.5,4,0,No Complaint,162.65,4,0,8,5,1,2024-09-29,0.0,3-6 Months,Low Value,0,Dormant
CUST03336,Female,28,Single,Tier 3,Mobile,UPI,Electronics,2022-12-30,24,0.8,1272.93,19,24185.67,1018.34,0.0,154,6.4,1,3,Yes,92.39,2,6,3,8,1,2023-04-15,0.316,12-24 Months,Mid Value,0,Dormant
CUST03337,Female,27,Married,Tier 1,Mobile,Wallet,Beauty,2024-08-31,4,1.0,1177.95,4,4711.8,1177.95,28270.8,60,1.0,5,0,No Complaint,6.73,2,1,15,5,0,,0.25,3-6 Months,Mid Value,0,Slipping
CUST03338,Female,34,Single,Tier 1,Desktop,UPI,Electronics,2024-08-31,4,8.1,1480.66,32,47381.12,11993.35,287840.4,1,6.5,4,1,Yes,116.08,4,1,7,3,0,,0.031,3-6 Months,High Value,0,Active
CUST03339,Female,53,Single,Tier 1,Mobile,Credit Card,Sports,2022-06-30,30,1.8,432.53,54,23356.62,778.55,18685.2,55,7.4,5,0,No Complaint,28.98,1,14,16,3,0,,0.259,24+ Months,Low Value,0,Slipping
CUST03340,Female,64,Married,Tier 1,Desktop,UPI,Electronics,2023-07-01,18,0.5,503.33,9,4529.97,251.66,6039.84,37,4.1,4,1,No,80.18,0,2,11,3,0,,0.222,12-24 Months,Low Value,1,Slipping
CUST03341,Female,43,Married,Tier 1,Mobile,UPI,Fashion,2021-12-29,36,1.2,1597.62,43,68697.66,1917.14,0.0,111,2.1,2,0,No Complaint,158.83,3,5,2,3,1,2024-11-02,0.116,24+ Months,Mid Value,0,Dormant
CUST03342,Female,38,Single,Tier 2,Desktop,UPI,Electronics,2024-10-01,3,0.5,1681.15,2,3362.3,840.58,20173.92,52,4.8,4,0,No Complaint,504.48,4,0,1,4,0,,0.0,0-3 Months,Low Value,0,Slipping
CUST03343,Female,30,Single,Tier 3,Mobile,Debit Card,Grocery,2024-06-01,7,0.7,674.27,5,3371.35,471.99,11327.76,7,5.4,4,0,No Complaint,128.89,2,0,33,5,0,,0.0,6-12 Months,Low Value,0,Active
CUST03344,Male,26,Single,Tier 2,Mobile,COD,Electronics,2024-07-01,6,1.5,460.9,9,4148.1,691.35,16592.4,96,1.5,3,2,Yes,39.0,4,1,5,5,0,,0.111,3-6 Months,Low Value,0,Dormant
CUST03345,Male,28,Married,Tier 1,Mobile,UPI,Fashion,2021-12-29,36,1.0,549.47,36,19780.92,549.47,13187.28,157,4.6,4,0,No Complaint,526.13,0,1,3,7,0,,0.028,24+ Months,Low Value,0,Dormant
CUST03346,Female,28,Single,Tier 2,Desktop,Credit Card,Grocery,2024-08-01,5,0.5,456.76,2,913.52,228.38,0.0,81,8.0,2,1,No,4.73,1,1,13,3,1,2024-09-24,0.5,3-6 Months,Low Value,1,At Risk
CUST03347,Male,23,Single,Tier 2,Mobile,UPI,Electronics,2024-06-01,7,0.5,1569.55,4,6278.2,784.78,18834.72,68,6.8,4,1,No,185.31,3,1,2,4,0,,0.25,6-12 Months,Low Value,1,At Risk
CUST03348,Male,18,Married,Tier 3,Mobile,COD,Grocery,2024-10-01,3,2.0,1478.87,6,8873.22,2957.74,70985.76,32,5.4,5,0,No Complaint,54.78,3,1,6,3,0,,0.167,0-3 Months,High Value,0,Slipping
CUST03349,Male,23,Single,Tier 3,Desktop,COD,Beauty,2022-12-30,24,3.0,950.43,72,68430.96,2851.29,0.0,70,5.2,3,1,Yes,255.02,5,12,4,1,1,2023-06-06,0.167,12-24 Months,High Value,0,At Risk
CUST03350,Male,30,Single,Tier 3,Mobile,UPI,Beauty,2024-08-31,4,1.3,558.65,5,2793.25,726.24,0.0,60,4.6,4,1,No,72.41,5,1,1,3,1,2024-11-23,0.2,3-6 Months,Low Value,1,Slipping
CUST03351,Male,39,Married,Tier 2,Mobile,Credit Card,Electronics,2024-12-01,1,3.3,484.54,3,1453.62,1598.98,0.0,179,4.8,2,1,Yes,100.79,5,0,9,1,1,2024-12-16,0.0,0-3 Months,Mid Value,0,Dormant
CUST03352,Male,48,Married,Tier 2,Mobile,Wallet,Grocery,2024-04-01,9,0.5,583.51,4,2334.04,291.76,7002.24,6,4.3,3,4,Yes,264.87,5,0,17,2,0,,0.0,6-12 Months,Low Value,0,Active
CUST03353,Female,39,Married,Tier 1,Desktop,Credit Card,Electronics,2024-05-01,8,0.5,482.01,4,1928.04,241.0,5784.0,43,4.9,4,0,No Complaint,410.58,0,1,21,3,0,,0.25,6-12 Months,Low Value,0,Slipping
CUST03354,Male,54,Single,Tier 2,Mobile,Debit Card,Home & Kitchen,2024-10-01,3,4.6,1052.19,14,14730.66,4840.07,116161.68,13,1.6,3,2,Yes,36.28,3,3,6,4,0,,0.214,0-3 Months,High Value,0,Active
CUST03355,Male,64,Married,Tier 1,Mobile,Credit Card,Home & Kitchen,2024-10-01,3,1.0,1530.97,3,4592.91,1530.97,36743.28,154,1.0,4,3,Yes,63.25,1,0,1,3,0,,0.0,0-3 Months,Mid Value,0,Dormant
CUST03356,Male,44,Married,Tier 2,Desktop,Debit Card,Electronics,2021-12-29,36,1.4,1565.13,50,78256.5,2191.18,52588.32,75,3.1,4,0,No Complaint,0.78,2,2,4,1,0,,0.04,24+ Months,Mid Value,0,At Risk
CUST03357,Female,31,Single,Tier 2,Mobile,Wallet,Fashion,2024-12-01,1,7.4,483.46,7,3384.22,3577.6,0.0,143,6.4,2,1,Yes,349.55,4,1,6,5,1,2024-12-08,0.143,0-3 Months,High Value,0,Dormant
CUST03358,Male,64,Married,Tier 1,Mobile,Wallet,Fashion,2024-10-31,2,1.4,590.86,3,1772.58,827.2,0.0,124,5.6,2,1,No,529.18,2,0,28,2,1,2024-12-24,0.0,0-3 Months,Low Value,1,Dormant
CUST03359,Female,22,Single,Tier 1,Mobile,COD,Electronics,2024-08-01,5,0.5,609.58,2,1219.16,304.79,0.0,167,6.0,1,1,Yes,58.99,3,0,5,3,1,2024-08-28,0.0,3-6 Months,Low Value,0,Dormant
CUST03360,Female,53,Married,Tier 1,Desktop,Credit Card,Grocery,2021-12-29,36,7.0,1832.39,252,461762.28,12826.73,307841.52,5,4.7,5,1,Yes,87.37,3,19,3,4,0,,0.075,24+ Months,High Value,0,Active
CUST03361,Female,49,Married,Tier 1,Mobile,Credit Card,Grocery,2024-10-31,2,0.5,352.86,1,352.86,176.43,4234.32,38,6.7,4,0,No Complaint,100.85,3,0,21,5,0,,0.0,0-3 Months,Low Value,0,Slipping
CUST03362,Male,51,Married,Tier 1,Desktop,Credit Card,Electronics,2022-06-30,30,2.7,895.99,81,72575.19,2419.17,58060.08,126,6.9,5,1,Yes,94.9,3,10,5,2,0,,0.123,24+ Months,Mid Value,0,Dormant
CUST03363,Female,24,Single,Tier 1,Desktop,Wallet,Grocery,2021-12-29,36,1.0,486.67,36,17520.12,486.67,11680.08,105,6.7,4,0,No Complaint,89.82,2,0,25,7,0,,0.0,24+ Months,Low Value,0,Dormant
CUST03364,Male,59,Married,Tier 1,Mobile,COD,Home & Kitchen,2024-06-01,7,1.6,785.21,11,8637.31,1256.34,30152.16,125,3.3,2,0,No Complaint,116.28,2,2,3,5,0,,0.182,6-12 Months,Mid Value,0,Dormant
CUST03365,Female,27,Single,Tier 1,Desktop,Credit Card,Grocery,2024-07-01,6,2.0,1459.27,12,17511.24,2918.54,0.0,104,4.6,4,2,Yes,30.06,1,2,11,3,1,2024-09-28,0.167,3-6 Months,High Value,0,Dormant
CUST03366,Female,34,Married,Tier 3,Mobile,UPI,Fashion,2023-07-01,18,1.3,716.09,23,16470.07,930.92,22342.08,105,3.7,4,0,No Complaint,10.69,5,4,15,3,0,,0.174,12-24 Months,Mid Value,0,Dormant
CUST03367,Male,47,Married,Tier 1,Mobile,Debit Card,Grocery,2022-12-30,24,3.7,529.88,89,47159.32,1960.56,0.0,167,7.2,3,1,No,231.42,3,18,17,1,1,2024-07-21,0.202,12-24 Months,Mid Value,1,Dormant
CUST03368,Male,38,Single,Tier 1,Mobile,Wallet,Grocery,2022-12-30,24,6.7,1515.27,161,243958.47,10152.31,243655.44,165,6.5,3,1,Yes,337.41,3,17,3,3,0,,0.106,12-24 Months,High Value,0,Dormant
CUST03369,Male,30,Single,Tier 2,Desktop,Debit Card,Home & Kitchen,2022-06-30,30,0.5,983.33,15,14749.95,491.66,11799.84,7,5.3,4,0,No Complaint,299.11,1,2,33,3,0,,0.133,24+ Months,Low Value,0,Active
CUST03370,Female,18,Married,Tier 3,Mobile,UPI,Electronics,2024-08-01,5,4.0,1258.41,20,25168.2,5033.64,120807.36,75,5.7,4,1,Yes,177.33,1,5,11,1,0,,0.25,3-6 Months,High Value,0,At Risk
CUST03371,Male,18,Married,Tier 2,Mobile,UPI,Electronics,2022-12-30,24,0.5,1080.59,12,12967.08,540.29,12966.96,92,5.0,2,0,No Complaint,624.19,2,2,1,2,0,,0.167,12-24 Months,Low Value,0,Dormant
CUST03372,Female,64,Married,Tier 1,Mobile,Credit Card,Grocery,2024-10-01,3,0.5,383.62,2,767.24,191.81,0.0,65,2.8,5,1,No,0.28,3,0,11,8,1,2024-11-17,0.0,0-3 Months,Low Value,1,At Risk
CUST03373,Male,50,Single,Tier 2,Mobile,Net Banking,Grocery,2024-01-31,11,7.8,2238.61,86,192520.46,17461.16,419067.84,9,6.4,4,1,Yes,69.3,2,5,14,3,0,,0.058,6-12 Months,High Value,0,Active
CUST03374,Female,55,Married,Tier 2,Mobile,Wallet,Beauty,2023-07-01,18,1.7,781.15,31,24215.65,1327.96,31871.04,85,8.1,4,1,Yes,66.8,3,8,2,3,0,,0.258,12-24 Months,Mid Value,0,At Risk
CUST03375,Female,42,Single,Tier 2,Mobile,Wallet,Fashion,2024-10-01,3,0.5,1619.24,2,3238.48,809.62,0.0,175,5.4,4,0,No Complaint,77.45,1,0,1,5,1,2024-10-15,0.0,0-3 Months,Low Value,0,Dormant
CUST03376,Female,43,Married,Tier 2,Mobile,COD,Grocery,2024-10-31,2,2.1,702.69,4,2810.76,1475.65,35415.6,13,4.3,2,0,No Complaint,289.69,2,1,1,6,0,,0.25,0-3 Months,Mid Value,0,Active
CUST03377,Female,30,Married,Tier 3,Mobile,Debit Card,Fashion,2024-08-31,4,0.8,1334.1,3,4002.3,1067.28,0.0,147,3.2,5,1,No,77.96,0,0,5,4,1,2024-12-06,0.0,3-6 Months,Mid Value,1,Dormant
CUST03378,Male,45,Married,Tier 3,Mobile,Debit Card,Electronics,2024-04-01,9,1.6,1821.78,14,25504.92,2914.85,69956.4,36,4.0,3,0,No Complaint,134.79,9,3,10,6,0,,0.214,6-12 Months,High Value,0,Slipping
CUST03379,Male,50,Single,Tier 2,Mobile,Debit Card,Grocery,2021-12-29,36,2.4,1665.21,86,143208.06,3996.5,95916.0,104,2.2,3,0,No Complaint,171.32,4,43,4,7,0,,0.5,24+ Months,High Value,0,Dormant
CUST03380,Female,54,Married,Tier 2,Desktop,COD,Fashion,2024-01-31,11,5.1,966.58,56,54128.48,4929.56,118309.44,70,2.9,5,2,No,336.03,2,0,1,4,0,,0.0,6-12 Months,High Value,1,At Risk
CUST03381,Male,58,Single,Tier 2,Tablet,Credit Card,Electronics,2022-12-30,24,0.5,707.92,12,8495.04,353.96,8495.04,63,4.2,3,0,No Complaint,172.22,0,5,4,5,0,,0.417,12-24 Months,Low Value,0,At Risk
CUST03382,Male,47,Married,Tier 3,Mobile,Debit Card,Beauty,2024-10-01,3,0.6,335.01,2,670.02,201.01,0.0,156,5.1,5,0,No Complaint,86.43,4,1,10,3,1,2024-11-05,0.5,0-3 Months,Low Value,0,Dormant
CUST03383,Male,25,Married,Tier 1,Mobile,UPI,Grocery,2024-10-31,2,0.5,377.49,1,377.49,188.74,0.0,175,1.8,3,1,Yes,213.59,0,0,1,3,1,2024-12-06,0.0,0-3 Months,Low Value,0,Dormant
CUST03384,Male,64,Single,Tier 3,Tablet,UPI,Fashion,2024-08-31,4,0.5,1961.56,2,3923.12,980.78,23538.72,70,4.8,4,0,No Complaint,130.45,3,0,7,3,0,,0.0,3-6 Months,Mid Value,0,At Risk
CUST03385,Male,18,Single,Tier 1,Desktop,COD,Grocery,2024-07-01,6,7.3,504.39,44,22193.16,3682.05,0.0,115,7.3,3,0,No Complaint,135.29,1,5,7,1,1,2024-08-27,0.114,3-6 Months,High Value,0,Dormant
CUST03386,Female,29,Single,Tier 2,Mobile,Net Banking,Fashion,2023-12-31,12,6.9,1576.49,83,130848.67,10877.78,0.0,100,5.3,4,1,Yes,73.48,4,32,8,6,1,2024-08-06,0.386,6-12 Months,High Value,0,Dormant
CUST03387,Male,22,Married,Tier 3,Mobile,Debit Card,Fashion,2021-12-29,36,3.5,1702.85,126,214559.1,5959.98,143039.52,14,5.4,2,0,No Complaint,0.29,4,16,3,8,0,,0.127,24+ Months,High Value,0,Active
CUST03388,Female,41,Married,Tier 1,Mobile,UPI,Electronics,2024-04-01,9,2.6,1234.88,23,28402.24,3210.69,77056.56,8,5.2,5,0,No Complaint,79.17,2,4,21,4,0,,0.174,6-12 Months,High Value,0,Active
CUST03389,Male,23,Married,Tier 2,Mobile,Net Banking,Fashion,2024-01-31,11,4.7,1180.69,52,61395.88,5549.24,133181.76,139,1.6,3,0,No Complaint,64.9,2,11,42,3,0,,0.212,6-12 Months,High Value,0,Dormant
CUST03390,Female,42,Single,Tier 1,Mobile,COD,Sports,2024-12-01,1,0.5,397.08,1,397.08,198.54,0.0,71,1.8,4,0,No Complaint,19.03,4,0,15,4,1,2024-12-28,0.0,0-3 Months,Low Value,0,At Risk
CUST03391,Male,18,Married,Tier 2,Desktop,Credit Card,Fashion,2024-12-01,1,0.5,349.12,1,349.12,174.56,4189.44,56,5.6,1,5,Yes,39.86,6,0,1,7,0,,0.0,0-3 Months,Low Value,0,Slipping
CUST03392,Female,42,Married,Tier 1,Mobile,Debit Card,Beauty,2024-10-31,2,1.0,566.17,2,1132.34,566.17,13588.08,177,5.8,5,0,No Complaint,712.36,0,0,2,5,0,,0.0,0-3 Months,Low Value,0,Dormant
CUST03393,Female,18,Single,Tier 2,Desktop,Credit Card,Home & Kitchen,2022-12-30,24,4.5,2855.42,108,308385.36,12849.39,308385.36,16,6.4,5,1,Yes,59.08,3,11,2,6,0,,0.102,12-24 Months,High Value,0,Active
CUST03394,Male,49,Single,Tier 2,Desktop,Credit Card,Sports,2024-03-01,10,1.6,2350.39,16,37606.24,3760.62,90254.88,49,6.9,3,0,No Complaint,131.43,6,2,1,3,0,,0.125,6-12 Months,High Value,0,Slipping
CUST03395,Female,59,Single,Tier 3,Desktop,Net Banking,Electronics,2024-08-31,4,1.8,921.52,7,6450.64,1658.74,0.0,154,3.6,5,1,Yes,143.46,7,1,18,3,1,2024-11-10,0.143,3-6 Months,Mid Value,0,Dormant
CUST03396,Female,59,Married,Tier 3,Desktop,UPI,Home & Kitchen,2023-07-01,18,0.7,2221.78,13,28883.14,1555.25,37326.0,75,6.2,5,1,Yes,147.79,3,1,2,4,0,,0.077,12-24 Months,Mid Value,0,At Risk
CUST03397,Female,20,Married,Tier 1,Tablet,UPI,Sports,2023-12-31,12,2.6,466.62,31,14465.22,1213.21,29117.04,105,6.2,4,1,Yes,8.73,4,1,4,6,0,,0.032,6-12 Months,Mid Value,0,Dormant
CUST03398,Female,36,Married,Tier 2,Mobile,UPI,Fashion,2024-10-31,2,5.5,693.26,11,7625.86,3812.93,91510.32,9,7.3,3,3,Yes,265.69,4,0,4,6,0,,0.0,0-3 Months,High Value,0,Active
CUST03399,Male,60,Married,Tier 1,Tablet,UPI,Electronics,2023-07-01,18,1.0,2727.32,18,49091.76,2727.32,0.0,165,7.4,4,0,No Complaint,235.91,1,1,12,1,1,2023-07-27,0.056,12-24 Months,High Value,0,Dormant
CUST03400,Female,46,Single,Tier 1,Desktop,UPI,Fashion,2022-12-30,24,2.4,3910.91,58,226832.78,9386.18,225268.32,25,3.8,3,0,No Complaint,680.52,8,6,5,3,0,,0.103,12-24 Months,High Value,0,Active
CUST03401,Male,19,Married,Tier 1,Mobile,UPI,Grocery,2024-08-01,5,1.0,1540.92,5,7704.6,1540.92,0.0,39,4.4,3,5,Yes,36.75,1,0,4,5,1,2024-10-08,0.0,3-6 Months,Mid Value,0,Slipping
CUST03402,Male,26,Single,Tier 3,Desktop,UPI,Grocery,2022-12-30,24,3.9,295.13,94,27742.22,1151.01,0.0,29,4.9,5,3,No,145.25,4,0,2,5,1,2023-01-28,0.0,12-24 Months,Mid Value,1,Active
CUST03403,Female,34,Married,Tier 3,Desktop,UPI,Fashion,2024-08-31,4,1.6,2309.25,6,13855.5,3694.8,88675.2,90,3.0,3,0,No Complaint,293.18,3,1,6,5,0,,0.167,3-6 Months,High Value,0,At Risk
CUST03404,Male,63,Single,Tier 1,Desktop,Credit Card,Beauty,2022-12-30,24,1.0,744.36,24,17864.64,744.36,17864.64,147,6.5,5,3,Yes,23.9,3,2,1,2,0,,0.083,12-24 Months,Low Value,0,Dormant
CUST03405,Female,53,Single,Tier 1,Mobile,UPI,Fashion,2021-12-29,36,1.4,1488.91,50,74445.5,2084.47,50027.28,48,4.1,5,1,Yes,280.55,2,7,8,3,0,,0.14,24+ Months,Mid Value,0,Slipping
CUST03406,Female,34,Married,Tier 1,Mobile,Debit Card,Beauty,2024-04-01,9,0.5,962.35,4,3849.4,481.18,0.0,26,6.6,5,0,No Complaint,56.64,5,0,14,3,1,2024-07-02,0.0,6-12 Months,Low Value,0,Active
CUST03407,Female,29,Single,Tier 2,Mobile,Debit Card,Fashion,2024-08-01,5,5.0,1816.34,25,45408.5,9081.7,217960.8,74,7.2,4,3,Yes,59.34,3,0,21,5,0,,0.0,3-6 Months,High Value,0,At Risk
CUST03408,Female,37,Married,Tier 2,Mobile,UPI,Grocery,2024-05-01,8,7.9,927.69,63,58444.47,7328.75,0.0,176,4.0,4,1,No,524.04,0,2,8,7,1,2024-07-09,0.032,6-12 Months,High Value,1,Dormant
CUST03409,Male,20,Married,Tier 1,Mobile,Debit Card,Fashion,2024-08-01,5,1.6,6064.76,8,48518.08,9703.62,232886.88,2,1.4,5,2,Yes,67.8,1,0,14,1,0,,0.0,3-6 Months,High Value,0,Active
CUST03410,Male,60,Married,Tier 3,Mobile,Wallet,Fashion,2024-12-01,1,0.6,1764.46,1,1764.46,1058.68,0.0,91,4.4,1,0,No Complaint,157.98,4,0,2,3,1,2024-12-23,0.0,0-3 Months,Mid Value,0,Dormant
CUST03411,Male,21,Single,Tier 1,Desktop,Wallet,Beauty,2023-07-01,18,2.7,372.19,49,18237.31,1004.91,24117.84,120,6.9,4,2,Yes,104.4,5,0,6,8,0,,0.0,12-24 Months,Mid Value,0,Dormant
CUST03412,Male,34,Single,Tier 3,Mobile,UPI,Electronics,2024-12-01,1,1.5,277.31,2,554.62,415.96,0.0,145,6.9,4,0,No Complaint,14.65,3,0,3,8,1,2024-12-25,0.0,0-3 Months,Low Value,0,Dormant
CUST03413,Male,54,Married,Tier 2,Mobile,COD,Grocery,2024-08-31,4,0.7,279.74,3,839.22,195.82,0.0,134,4.3,3,2,Yes,540.98,3,0,60,6,1,2024-10-09,0.0,3-6 Months,Low Value,0,Dormant
CUST03414,Male,63,Single,Tier 2,Mobile,Credit Card,Home & Kitchen,2022-12-30,24,0.5,1361.68,12,16340.16,680.84,16340.16,14,4.7,4,0,No Complaint,43.28,2,1,4,7,0,,0.083,12-24 Months,Low Value,0,Active
CUST03415,Female,59,Married,Tier 3,Mobile,UPI,Fashion,2023-07-01,18,5.5,1761.04,99,174342.96,9685.72,232457.28,83,4.2,3,0,No Complaint,56.08,1,27,2,4,0,,0.273,12-24 Months,High Value,0,At Risk
CUST03416,Female,32,Married,Tier 3,Mobile,UPI,Beauty,2024-10-31,2,4.0,150.0,8,1200.0,600.0,14400.0,15,3.4,5,2,Yes,85.25,4,3,12,4,0,,0.375,0-3 Months,Low Value,0,Active
CUST03417,Male,50,Married,Tier 1,Mobile,Credit Card,Fashion,2023-07-01,18,4.4,2110.6,79,166737.4,9286.64,222879.36,111,1.4,4,0,No Complaint,124.24,1,22,5,6,0,,0.278,12-24 Months,High Value,0,Dormant
CUST03418,Female,33,Married,Tier 1,Mobile,Debit Card,Fashion,2021-12-29,36,1.4,1147.46,50,57373.0,1606.44,38554.56,14,5.4,4,3,Yes,28.05,3,9,1,3,0,,0.18,24+ Months,Mid Value,0,Active
CUST03419,Male,28,Single,Tier 3,Mobile,Debit Card,Fashion,2024-10-31,2,3.5,2785.24,7,19496.68,9748.34,0.0,9,3.6,4,1,No,178.93,5,1,12,4,1,2024-12-28,0.143,0-3 Months,High Value,1,Active
CUST03420,Male,37,Married,Tier 1,Mobile,COD,Sports,2024-05-01,8,2.2,455.95,18,8207.1,1003.09,0.0,55,4.9,3,1,Yes,130.14,0,4,5,4,1,2024-07-26,0.222,6-12 Months,Mid Value,0,Slipping
CUST03421,Female,55,Married,Tier 1,Mobile,UPI,Fashion,2022-12-30,24,1.2,1100.44,29,31912.76,1320.53,0.0,169,5.7,4,0,No Complaint,64.98,1,3,12,5,1,2023-12-24,0.103,12-24 Months,Mid Value,0,Dormant
CUST03422,Female,41,Single,Tier 2,Mobile,Credit Card,Home & Kitchen,2023-07-01,18,4.6,1094.59,83,90850.97,5035.11,120842.64,128,6.1,4,1,No,212.36,5,14,11,7,0,,0.169,12-24 Months,High Value,1,Dormant
CUST03423,Female,33,Single,Tier 3,Mobile,UPI,Sports,2024-08-31,4,15.0,522.4,60,31344.0,7836.0,0.0,1,3.3,1,1,Yes,129.91,3,2,7,5,1,2024-08-31,0.033,3-6 Months,High Value,0,Active
CUST03424,Male,47,Married,Tier 3,Mobile,Credit Card,Electronics,2024-10-01,3,5.7,369.33,17,6278.61,2105.18,0.0,51,2.7,3,3,No,330.64,2,6,10,2,1,2024-10-24,0.353,0-3 Months,Mid Value,1,Slipping
CUST03425,Female,51,Married,Tier 3,Desktop,Wallet,Grocery,2022-06-30,30,3.7,1723.21,111,191276.31,6375.88,153021.12,4,5.6,5,2,Yes,348.09,3,4,16,7,0,,0.036,24+ Months,High Value,0,Active
CUST03426,Female,18,Married,Tier 2,Desktop,COD,Beauty,2021-12-29,36,3.4,1054.04,122,128592.88,3583.74,86009.76,53,5.7,4,0,No Complaint,705.13,3,23,5,3,0,,0.189,24+ Months,High Value,0,Slipping
CUST03427,Female,41,Married,Tier 1,Mobile,Wallet,Electronics,2022-12-30,24,2.6,1182.94,62,73342.28,3075.64,0.0,123,3.5,4,1,Yes,12.55,2,9,25,5,1,2023-05-25,0.145,12-24 Months,High Value,0,Dormant
CUST03428,Female,41,Married,Tier 2,Mobile,Debit Card,Fashion,2021-12-29,36,4.8,2330.68,173,403207.64,11187.26,268494.24,137,6.3,3,2,Yes,93.51,3,5,2,6,0,,0.029,24+ Months,High Value,0,Dormant
CUST03429,Female,26,Married,Tier 3,Desktop,Credit Card,Electronics,2023-07-01,18,1.7,873.23,31,27070.13,1484.49,35627.76,144,4.4,4,2,Yes,125.31,5,1,28,3,0,,0.032,12-24 Months,Mid Value,0,Dormant
CUST03430,Female,39,Married,Tier 1,Mobile,Credit Card,Beauty,2021-12-29,36,0.5,1119.25,18,20146.5,559.62,0.0,163,3.2,4,3,No,47.94,2,1,2,5,1,2024-03-28,0.056,24+ Months,Low Value,1,Dormant
CUST03431,Female,29,Single,Tier 1,Desktop,Credit Card,Beauty,2022-12-30,24,3.7,1149.05,89,102265.45,4251.48,102035.52,66,2.7,3,2,Yes,459.27,7,7,6,2,0,,0.079,12-24 Months,High Value,0,At Risk
CUST03432,Female,34,Single,Tier 1,Desktop,Credit Card,Fashion,2021-12-29,36,6.3,1170.64,227,265735.28,7375.03,0.0,155,5.4,2,1,No,16.61,2,86,5,5,1,2022-05-20,0.379,24+ Months,High Value,1,Dormant
CUST03433,Female,42,Married,Tier 2,Desktop,COD,Fashion,2024-10-01,3,1.0,334.91,3,1004.73,334.91,0.0,131,4.9,1,2,Yes,100.71,3,1,1,1,1,2024-10-19,0.333,0-3 Months,Low Value,0,Dormant
CUST03434,Male,45,Married,Tier 3,Desktop,Credit Card,Home & Kitchen,2022-06-30,30,3.8,885.42,114,100937.88,3364.6,0.0,97,5.2,4,2,No,36.86,4,9,2,5,1,2024-07-27,0.079,24+ Months,High Value,1,Dormant
CUST03435,Female,32,Single,Tier 2,Desktop,UPI,Fashion,2024-08-31,4,0.8,2020.05,3,6060.15,1616.04,38784.96,171,2.5,4,2,Yes,206.31,2,0,14,7,0,,0.0,3-6 Months,Mid Value,0,Dormant
CUST03436,Male,47,Married,Tier 3,Mobile,COD,Beauty,2024-12-01,1,7.1,820.9,7,5746.3,5828.39,0.0,170,1.0,2,0,No Complaint,219.74,4,0,3,4,1,2024-12-21,0.0,0-3 Months,High Value,0,Dormant
CUST03437,Male,44,Single,Tier 1,Desktop,Net Banking,Fashion,2024-01-31,11,2.9,644.92,32,20637.44,1870.27,0.0,161,5.6,3,2,No,370.75,5,4,1,4,1,2024-02-15,0.125,6-12 Months,Mid Value,1,Dormant
CUST03438,Female,39,Single,Tier 3,Desktop,Credit Card,Home & Kitchen,2024-07-01,6,2.1,1768.64,13,22992.32,3714.14,89139.36,37,6.7,4,4,Yes,94.66,4,2,14,4,0,,0.154,3-6 Months,High Value,0,Slipping
CUST03439,Female,27,Married,Tier 3,Desktop,Debit Card,Home & Kitchen,2024-12-01,1,3.8,906.49,4,3625.96,3444.66,0.0,38,1.6,2,0,No Complaint,268.59,6,1,24,1,1,2024-12-03,0.25,0-3 Months,High Value,0,Slipping
CUST03440,Female,48,Single,Tier 1,Mobile,UPI,Electronics,2021-12-29,36,4.2,577.82,151,87250.82,2426.84,0.0,162,3.7,3,0,No Complaint,143.56,5,26,6,2,1,2024-12-19,0.172,24+ Months,Mid Value,0,Dormant
CUST03441,Male,44,Married,Tier 3,Mobile,Debit Card,Fashion,2023-07-01,18,5.6,491.29,101,49620.29,2751.22,66029.28,72,9.3,4,0,No Complaint,301.1,0,27,7,3,0,,0.267,12-24 Months,High Value,0,At Risk
CUST03442,Male,29,Married,Tier 1,Desktop,UPI,Electronics,2021-12-29,36,5.8,864.63,209,180707.67,5014.85,120356.4,143,5.5,4,0,No Complaint,16.06,2,29,1,4,0,,0.139,24+ Months,High Value,0,Dormant
CUST03443,Male,63,Married,Tier 3,Mobile,UPI,Electronics,2021-12-29,36,0.5,565.04,18,10170.72,282.52,0.0,123,6.9,4,3,No,112.07,4,5,24,2,1,2023-03-14,0.278,24+ Months,Low Value,1,Dormant
CUST03444,Female,48,Single,Tier 3,Desktop,Debit Card,Electronics,2024-05-01,8,0.5,1687.55,4,6750.2,843.78,0.0,137,7.4,4,0,No Complaint,29.37,1,1,2,6,1,2024-08-05,0.25,6-12 Months,Low Value,0,Dormant
CUST03445,Female,49,Married,Tier 3,Tablet,UPI,Grocery,2024-08-01,5,4.4,527.09,22,11595.98,2319.2,0.0,5,3.6,4,2,Yes,281.22,4,4,6,3,1,2024-11-16,0.182,3-6 Months,Mid Value,0,Active
CUST03446,Female,49,Married,Tier 2,Desktop,COD,Fashion,2024-10-01,3,7.3,1090.95,22,24000.9,7963.94,0.0,77,8.7,5,3,No,29.82,3,1,27,6,1,2024-11-28,0.045,0-3 Months,High Value,1,At Risk
CUST03447,Female,58,Single,Tier 1,Tablet,Net Banking,Electronics,2024-01-31,11,0.9,1204.59,10,12045.9,1084.13,26019.12,154,1.4,5,3,Yes,1.46,1,0,5,4,0,,0.0,6-12 Months,Mid Value,0,Dormant
CUST03448,Female,62,Single,Tier 2,Desktop,UPI,Beauty,2023-07-01,18,0.5,1398.35,9,12585.15,699.18,0.0,88,5.4,4,0,No Complaint,477.45,3,2,1,2,1,2024-06-14,0.222,12-24 Months,Low Value,0,At Risk
CUST03449,Female,52,Married,Tier 2,Mobile,COD,Grocery,2024-03-01,10,1.0,2694.03,10,26940.3,2694.03,0.0,124,5.1,4,1,Yes,119.31,4,0,2,3,1,2024-05-20,0.0,6-12 Months,High Value,0,Dormant
CUST03450,Male,63,Single,Tier 3,Desktop,Credit Card,Electronics,2024-05-01,8,1.2,348.35,10,3483.5,418.02,10032.48,136,2.5,5,0,No Complaint,758.25,4,1,1,4,0,,0.1,6-12 Months,Low Value,0,Dormant
CUST03451,Male,38,Married,Tier 3,Mobile,UPI,Grocery,2024-10-01,3,3.6,1374.07,11,15114.77,4946.65,0.0,22,3.2,1,0,No Complaint,108.59,3,2,4,5,1,2024-11-17,0.182,0-3 Months,High Value,0,Active
CUST03452,Female,27,Married,Tier 3,Mobile,Debit Card,Beauty,2024-04-01,9,0.5,1388.65,4,5554.6,694.32,16663.68,28,3.4,2,0,No Complaint,160.84,3,0,7,2,0,,0.0,6-12 Months,Low Value,0,Active
CUST03453,Female,33,Single,Tier 1,Mobile,Debit Card,Grocery,2024-10-31,2,0.6,419.69,1,419.69,251.81,6043.44,130,1.9,5,0,No Complaint,245.39,1,0,5,7,0,,0.0,0-3 Months,Low Value,0,Dormant
CUST03454,Male,24,Single,Tier 3,Mobile,Credit Card,Fashion,2022-06-30,30,5.6,1077.53,168,181025.04,6034.17,144820.08,10,2.0,5,0,No Complaint,59.33,1,32,3,2,0,,0.19,24+ Months,High Value,0,Active
CUST03455,Female,21,Single,Tier 3,Mobile,Net Banking,Fashion,2024-12-01,1,0.5,669.35,1,669.35,334.68,8032.32,62,3.9,5,0,No Complaint,25.66,0,0,1,5,0,,0.0,0-3 Months,Low Value,0,At Risk
CUST03456,Male,44,Single,Tier 3,Mobile,Debit Card,Beauty,2024-05-01,8,3.6,2395.57,29,69471.53,8624.05,206977.2,165,3.6,5,0,No Complaint,194.78,3,2,10,3,0,,0.069,6-12 Months,High Value,0,Dormant
CUST03457,Male,42,Married,Tier 1,Mobile,Wallet,Home & Kitchen,2024-10-31,2,1.1,603.08,2,1206.16,663.39,0.0,103,3.3,3,2,No,128.66,4,1,27,4,1,2024-11-19,0.5,0-3 Months,Low Value,1,Dormant
CUST03458,Female,48,Married,Tier 1,Desktop,Credit Card,Beauty,2022-12-30,24,2.7,772.28,65,50198.2,2085.16,50043.84,163,6.0,5,1,No,315.6,2,10,3,3,0,,0.154,12-24 Months,Mid Value,1,Dormant
CUST03459,Female,28,Married,Tier 1,Mobile,UPI,Fashion,2024-07-01,6,0.5,687.97,3,2063.91,343.98,0.0,56,3.1,3,1,Yes,8.3,2,1,6,0,1,2024-09-22,0.333,3-6 Months,Low Value,0,Slipping
CUST03460,Female,37,Single,Tier 2,Mobile,Credit Card,Grocery,2024-10-31,2,0.8,499.34,2,998.68,399.47,9587.28,114,5.0,5,2,Yes,141.65,0,0,1,2,0,,0.0,0-3 Months,Low Value,0,Dormant
CUST03461,Male,53,Married,Tier 2,Desktop,UPI,Home & Kitchen,2024-01-31,11,1.4,303.51,15,4552.65,424.91,10197.84,52,4.5,4,0,No Complaint,36.99,3,2,1,2,0,,0.133,6-12 Months,Low Value,0,Slipping
CUST03462,Male,34,Married,Tier 3,Desktop,Debit Card,Electronics,2021-12-29,36,4.9,501.23,176,88216.48,2456.03,58944.72,20,3.9,2,2,Yes,172.9,0,8,1,1,0,,0.045,24+ Months,Mid Value,0,Active
CUST03463,Female,62,Married,Tier 2,Desktop,Debit Card,Fashion,2021-12-29,36,2.1,992.97,76,75465.72,2085.24,50045.76,178,2.0,4,0,No Complaint,257.21,3,25,1,5,0,,0.329,24+ Months,Mid Value,0,Dormant
CUST03464,Female,28,Married,Tier 1,Mobile,Credit Card,Grocery,2024-08-01,5,0.5,1094.08,2,2188.16,547.04,13128.96,32,4.2,3,0,No Complaint,54.93,3,0,8,6,0,,0.0,3-6 Months,Low Value,0,Slipping
CUST03465,Male,47,Single,Tier 2,Desktop,UPI,Home & Kitchen,2022-12-30,24,4.0,1585.51,96,152208.96,6342.04,152208.96,34,3.3,3,0,No Complaint,118.33,4,2,9,8,0,,0.021,12-24 Months,High Value,0,Slipping
CUST03466,Female,52,Single,Tier 3,Mobile,Credit Card,Fashion,2024-12-01,1,0.5,1872.22,1,1872.22,936.11,0.0,151,6.2,2,0,No Complaint,98.11,1,0,52,2,1,2024-12-25,0.0,0-3 Months,Mid Value,0,Dormant
CUST03467,Male,58,Married,Tier 3,Mobile,UPI,Grocery,2024-10-01,3,6.8,1188.51,20,23770.2,8081.87,0.0,144,5.6,1,0,No Complaint,253.07,3,1,38,6,1,2024-12-12,0.05,0-3 Months,High Value,0,Dormant
CUST03468,Female,55,Married,Tier 3,Mobile,Debit Card,Grocery,2024-03-01,10,0.6,1568.15,6,9408.9,940.89,0.0,176,3.4,4,4,Yes,164.87,6,1,5,3,1,2024-12-31,0.167,6-12 Months,Mid Value,0,Dormant
CUST03469,Female,39,Single,Tier 2,Mobile,COD,Grocery,2024-08-31,4,1.7,1295.74,7,9070.18,2202.76,0.0,13,2.9,4,1,Yes,23.15,1,0,2,3,1,2024-09-10,0.0,3-6 Months,Mid Value,0,Active
CUST03470,Male,60,Married,Tier 2,Mobile,Wallet,Grocery,2022-06-30,30,0.5,415.35,15,6230.25,207.68,4984.32,17,2.9,5,0,No Complaint,677.05,2,2,5,4,0,,0.133,24+ Months,Low Value,0,Active
CUST03471,Male,44,Single,Tier 3,Mobile,UPI,Grocery,2021-12-29,36,2.1,1172.59,76,89116.84,2462.44,0.0,81,4.1,3,2,No,438.17,4,19,18,5,1,2022-04-15,0.25,24+ Months,Mid Value,1,At Risk
CUST03472,Female,54,Single,Tier 2,Mobile,Debit Card,Fashion,2024-12-01,1,1.7,905.34,2,1810.68,1539.08,36937.92,106,6.4,5,2,Yes,155.6,3,0,9,7,0,,0.0,0-3 Months,Mid Value,0,Dormant
CUST03473,Female,63,Married,Tier 1,Desktop,Debit Card,Fashion,2024-08-31,4,1.3,604.63,5,3023.15,786.02,18864.48,7,6.6,5,0,No Complaint,270.49,2,0,8,4,0,,0.0,3-6 Months,Low Value,0,Active
CUST03474,Female,52,Single,Tier 1,Desktop,Net Banking,Grocery,2024-04-01,9,0.5,905.54,4,3622.16,452.77,0.0,29,1.0,1,2,Yes,3.63,2,1,10,5,1,2024-06-19,0.25,6-12 Months,Low Value,0,Active
CUST03475,Female,21,Married,Tier 1,Mobile,Debit Card,Fashion,2023-12-31,12,5.3,1152.96,64,73789.44,6110.69,0.0,126,7.2,2,4,Yes,40.5,3,2,1,4,1,2024-03-20,0.031,6-12 Months,High Value,0,Dormant
CUST03476,Female,33,Married,Tier 2,Mobile,UPI,Grocery,2021-12-29,36,4.1,779.54,148,115371.92,3196.11,76706.64,120,4.3,3,1,Yes,262.88,3,14,4,2,0,,0.095,24+ Months,High Value,0,Dormant
CUST03477,Female,33,Married,Tier 1,Mobile,Credit Card,Grocery,2021-12-29,36,2.5,1797.69,90,161792.1,4494.23,107861.52,17,2.0,5,1,Yes,20.21,4,15,2,1,0,,0.167,24+ Months,High Value,0,Active
CUST03478,Male,38,Single,Tier 1,Tablet,Debit Card,Fashion,2023-07-01,18,2.1,1140.05,38,43321.9,2394.1,57458.4,167,4.4,5,3,Yes,7.86,2,3,24,5,0,,0.079,12-24 Months,Mid Value,0,Dormant
CUST03479,Male,43,Single,Tier 1,Mobile,COD,Grocery,2024-08-01,5,3.0,1655.62,15,24834.3,4966.86,119204.64,46,3.0,3,1,Yes,172.15,1,7,2,7,0,,0.467,3-6 Months,High Value,0,Slipping
CUST03480,Male,53,Single,Tier 2,Mobile,Net Banking,Grocery,2022-06-30,30,0.5,2163.63,15,32454.45,1081.82,0.0,159,7.5,2,5,Yes,6.27,3,2,2,5,1,2024-08-10,0.133,24+ Months,Mid Value,0,Dormant
CUST03481,Male,36,Married,Tier 2,Mobile,UPI,Fashion,2024-08-31,4,6.7,680.59,27,18375.93,4559.95,109438.8,166,3.5,5,0,No Complaint,36.41,1,0,19,1,0,,0.0,3-6 Months,High Value,0,Dormant
CUST03482,Female,34,Single,Tier 2,Mobile,Wallet,Electronics,2021-12-29,36,0.8,657.67,29,19072.43,526.14,12627.36,88,2.8,4,2,Yes,15.01,4,2,24,6,0,,0.069,24+ Months,Low Value,0,At Risk
CUST03483,Male,62,Married,Tier 1,Mobile,UPI,Home & Kitchen,2024-12-01,1,2.7,2017.75,3,6053.25,5447.92,0.0,74,8.3,1,1,Yes,137.55,4,1,10,1,1,2024-12-20,0.333,0-3 Months,High Value,0,At Risk
CUST03484,Female,43,Single,Tier 1,Mobile,Wallet,Electronics,2023-12-31,12,2.3,523.9,28,14669.2,1204.97,28919.28,50,5.2,5,0,No Complaint,203.38,3,4,52,3,0,,0.143,6-12 Months,Mid Value,0,Slipping
CUST03485,Female,39,Married,Tier 2,Desktop,Net Banking,Grocery,2024-10-31,2,2.5,838.14,5,4190.7,2095.35,50288.4,145,3.6,5,3,Yes,36.45,3,1,1,2,0,,0.2,0-3 Months,Mid Value,0,Dormant
CUST03486,Female,45,Married,Tier 1,Desktop,Debit Card,Fashion,2024-05-01,8,5.3,638.31,42,26809.02,3383.04,0.0,36,7.8,1,5,Yes,113.86,3,2,10,7,1,2024-05-13,0.048,6-12 Months,High Value,0,Slipping
CUST03487,Male,18,Married,Tier 1,Desktop,COD,Fashion,2023-07-01,18,0.9,448.76,16,7180.16,403.88,9693.12,112,6.9,3,0,No Complaint,3.67,3,3,2,5,0,,0.188,12-24 Months,Low Value,0,Dormant
CUST03488,Male,61,Married,Tier 1,Mobile,UPI,Fashion,2022-12-30,24,3.5,1272.26,84,106869.84,4452.91,106869.84,102,3.4,5,3,No,55.34,5,9,4,5,0,,0.107,12-24 Months,High Value,1,Dormant
CUST03489,Male,53,Single,Tier 3,Mobile,UPI,Beauty,2022-06-30,30,2.3,744.5,69,51370.5,1712.35,41096.4,45,3.1,4,0,No Complaint,35.63,4,14,3,2,0,,0.203,24+ Months,Mid Value,0,Slipping
CUST03490,Male,60,Single,Tier 2,Tablet,UPI,Electronics,2023-07-01,18,0.5,469.08,9,4221.72,234.54,5628.96,176,4.7,5,0,No Complaint,32.67,0,1,16,4,0,,0.111,12-24 Months,Low Value,0,Dormant
CUST03491,Male,54,Married,Tier 1,Desktop,UPI,Fashion,2024-08-01,5,1.3,1715.79,6,10294.74,2230.53,53532.72,152,4.2,5,0,No Complaint,45.89,3,0,1,2,0,,0.0,3-6 Months,Mid Value,0,Dormant
CUST03492,Female,19,Married,Tier 1,Mobile,Debit Card,Beauty,2021-12-29,36,4.5,355.27,162,57553.74,1598.72,0.0,4,3.2,2,3,No,294.57,3,28,3,8,1,2022-06-14,0.173,24+ Months,Mid Value,1,Active
CUST03493,Female,34,Single,Tier 3,Mobile,UPI,Fashion,2022-06-30,30,0.9,809.63,27,21860.01,728.67,17488.08,76,4.5,4,2,Yes,538.34,3,3,11,2,0,,0.111,24+ Months,Low Value,0,At Risk
CUST03494,Female,57,Married,Tier 2,Mobile,Net Banking,Fashion,2024-10-01,3,1.6,1674.43,5,8372.15,2679.09,64298.16,65,7.6,4,0,No Complaint,220.38,5,0,11,3,0,,0.0,0-3 Months,High Value,0,At Risk
CUST03495,Female,55,Married,Tier 2,Mobile,Credit Card,Electronics,2022-06-30,30,1.7,1703.65,51,86886.15,2896.2,0.0,159,6.4,2,1,Yes,13.5,4,2,6,4,1,2023-04-04,0.039,24+ Months,High Value,0,Dormant
CUST03496,Male,38,Single,Tier 2,Desktop,Debit Card,Electronics,2021-12-29,36,2.4,1211.08,86,104152.88,2906.59,0.0,48,5.2,2,0,No Complaint,178.07,4,26,13,7,1,2024-06-23,0.302,24+ Months,High Value,0,Slipping
CUST03497,Female,26,Single,Tier 3,Tablet,Debit Card,Grocery,2023-07-01,18,5.4,484.9,97,47035.3,2618.46,0.0,179,3.9,4,2,No,238.44,3,10,1,5,1,2024-09-07,0.103,12-24 Months,High Value,1,Dormant
CUST03498,Female,30,Married,Tier 3,Mobile,UPI,Electronics,2024-08-01,5,0.5,1004.64,2,2009.28,502.32,0.0,36,4.3,3,0,No Complaint,21.2,1,0,1,0,1,2024-12-03,0.0,3-6 Months,Low Value,0,Slipping
CUST03499,Male,28,Married,Tier 2,Mobile,UPI,Electronics,2023-07-01,18,1.8,1151.64,32,36852.48,2072.95,49750.8,44,5.7,4,0,No Complaint,62.75,2,3,1,2,0,,0.094,12-24 Months,Mid Value,0,Slipping
CUST03500,Female,33,Single,Tier 2,Desktop,Credit Card,Home & Kitchen,2024-06-01,7,1.4,658.99,10,6589.9,922.59,0.0,120,5.6,3,2,Yes,100.67,2,2,14,3,1,2024-11-03,0.2,6-12 Months,Mid Value,0,Dormant
CUST03501,Male,33,Single,Tier 1,Mobile,COD,Home & Kitchen,2023-07-01,18,0.9,1168.66,16,18698.56,1051.79,25242.96,29,4.6,4,1,Yes,66.98,7,2,5,4,0,,0.125,12-24 Months,Mid Value,0,Active
CUST03502,Female,19,Married,Tier 3,Tablet,Debit Card,Home & Kitchen,2023-12-31,12,6.3,319.12,76,24253.12,2010.46,0.0,160,6.5,3,2,Yes,131.48,3,20,4,5,1,2024-08-13,0.263,6-12 Months,Mid Value,0,Dormant
CUST03503,Female,59,Married,Tier 2,Desktop,UPI,Home & Kitchen,2021-12-29,36,0.5,263.12,18,4736.16,131.56,3157.44,20,2.4,5,1,Yes,25.26,2,2,2,3,0,,0.111,24+ Months,Low Value,0,Active
CUST03504,Male,61,Single,Tier 1,Tablet,COD,Grocery,2023-07-01,18,0.5,572.75,9,5154.75,286.38,0.0,177,6.3,3,0,No Complaint,105.9,4,2,1,3,1,2024-08-28,0.222,12-24 Months,Low Value,0,Dormant
CUST03505,Female,25,Single,Tier 3,Mobile,UPI,Grocery,2024-08-31,4,3.3,1458.51,13,18960.63,4813.08,115513.92,157,5.6,5,1,No,237.88,5,2,7,4,0,,0.154,3-6 Months,High Value,1,Dormant
CUST03506,Female,60,Single,Tier 3,Mobile,Debit Card,Grocery,2022-12-30,24,0.8,1639.52,19,31150.88,1311.62,0.0,151,1.9,3,0,No Complaint,111.22,3,8,8,5,1,2023-10-05,0.421,12-24 Months,Mid Value,0,Dormant
CUST03507,Female,59,Single,Tier 3,Mobile,Credit Card,Beauty,2024-07-01,6,3.2,366.71,19,6967.49,1173.47,0.0,73,3.3,4,0,No Complaint,42.53,3,0,1,5,1,2024-08-25,0.0,3-6 Months,Mid Value,0,At Risk
CUST03508,Male,30,Single,Tier 3,Mobile,COD,Grocery,2024-08-01,5,4.5,2508.69,22,55191.18,11289.1,0.0,92,7.2,3,2,No,291.61,4,0,1,6,1,2024-12-10,0.0,3-6 Months,High Value,1,Dormant
CUST03509,Female,34,Single,Tier 3,Mobile,Net Banking,Fashion,2024-05-01,8,0.7,956.22,6,5737.32,669.35,16064.4,82,5.4,5,2,Yes,90.28,5,1,10,5,0,,0.167,6-12 Months,Low Value,0,At Risk
CUST03510,Male,56,Single,Tier 1,Tablet,COD,Beauty,2024-12-01,1,0.5,303.7,1,303.7,151.85,0.0,177,4.3,5,3,No,99.64,4,0,5,6,1,2024-12-04,0.0,0-3 Months,Low Value,1,Dormant
CUST03511,Male,41,Married,Tier 3,Desktop,Credit Card,Beauty,2021-12-29,36,0.5,1110.43,18,19987.74,555.22,13325.28,7,5.1,5,1,Yes,79.66,3,6,3,3,0,,0.333,24+ Months,Low Value,0,Active
CUST03512,Male,20,Single,Tier 3,Desktop,UPI,Home & Kitchen,2024-01-31,11,0.6,2187.62,7,15313.34,1312.57,31501.68,69,4.5,4,4,Yes,61.58,1,1,5,1,0,,0.143,6-12 Months,Mid Value,0,At Risk
CUST03513,Female,47,Single,Tier 1,Mobile,COD,Fashion,2022-12-30,24,0.8,639.49,19,12150.31,511.59,12278.16,174,5.1,3,1,Yes,165.81,3,4,2,5,0,,0.211,12-24 Months,Low Value,0,Dormant
CUST03514,Female,30,Single,Tier 1,Desktop,Credit Card,Fashion,2024-08-01,5,5.1,1779.27,26,46261.02,9074.28,217782.72,67,6.2,4,1,Yes,37.44,2,0,1,3,0,,0.0,3-6 Months,High Value,0,At Risk
CUST03515,Female,36,Married,Tier 3,Desktop,UPI,Electronics,2022-12-30,24,3.7,2464.29,89,219321.81,9117.87,218828.88,72,7.8,5,0,No Complaint,263.94,0,11,3,5,0,,0.124,12-24 Months,High Value,0,At Risk
CUST03516,Female,24,Single,Tier 1,Mobile,COD,Grocery,2023-12-31,12,0.5,923.67,6,5542.02,461.84,0.0,114,2.7,4,2,Yes,118.3,2,1,3,6,1,2024-06-24,0.167,6-12 Months,Low Value,0,Dormant
CUST03517,Male,26,Married,Tier 3,Desktop,UPI,Fashion,2024-04-01,9,5.2,532.91,47,25046.77,2771.13,0.0,163,6.6,5,1,Yes,387.11,1,6,4,2,1,2024-11-07,0.128,6-12 Months,High Value,0,Dormant
CUST03518,Male,36,Married,Tier 1,Mobile,UPI,Electronics,2021-12-29,36,0.5,2037.01,18,36666.18,1018.5,24444.0,53,3.8,3,0,No Complaint,503.12,5,3,6,3,0,,0.167,24+ Months,Mid Value,0,Slipping
CUST03519,Male,62,Married,Tier 1,Mobile,Net Banking,Fashion,2024-03-01,10,2.7,2031.97,27,54863.19,5486.32,0.0,170,2.3,5,0,No Complaint,86.91,3,2,13,3,1,2024-04-26,0.074,6-12 Months,High Value,0,Dormant
CUST03520,Male,57,Married,Tier 2,Mobile,Credit Card,Fashion,2023-07-01,18,0.5,372.09,9,3348.81,186.04,0.0,51,6.9,4,0,No Complaint,31.13,2,2,19,2,1,2024-04-16,0.222,12-24 Months,Low Value,0,Slipping
CUST03521,Male,39,Single,Tier 1,Desktop,UPI,Beauty,2024-12-01,1,0.5,836.12,1,836.12,418.06,0.0,146,3.3,5,0,No Complaint,126.67,5,0,2,3,1,2024-12-22,0.0,0-3 Months,Low Value,0,Dormant
CUST03522,Male,35,Single,Tier 2,Mobile,COD,Home & Kitchen,2024-07-01,6,3.6,1487.09,22,32715.98,5353.52,128484.48,50,6.3,4,0,No Complaint,56.76,0,6,4,7,0,,0.273,3-6 Months,High Value,0,Slipping
CUST03523,Male,40,Married,Tier 2,Mobile,Net Banking,Fashion,2021-12-29,36,1.6,1545.83,58,89658.14,2473.33,59359.92,14,6.4,4,0,No Complaint,100.09,4,2,1,5,0,,0.034,24+ Months,Mid Value,0,Active
CUST03524,Male,19,Single,Tier 1,Mobile,UPI,Grocery,2022-12-30,24,2.3,733.31,55,40332.05,1686.61,0.0,146,8.0,4,3,Yes,85.31,3,5,8,2,1,2024-11-23,0.091,12-24 Months,Mid Value,0,Dormant
CUST03525,Male,28,Single,Tier 1,Mobile,Debit Card,Fashion,2024-01-31,11,1.4,458.96,15,6884.4,642.54,15420.96,81,6.7,5,3,No,107.77,2,2,3,4,0,,0.133,6-12 Months,Low Value,1,At Risk
CUST03526,Male,48,Married,Tier 2,Mobile,COD,Fashion,2021-12-29,36,0.5,2695.87,18,48525.66,1347.94,0.0,70,6.8,3,2,No,124.25,3,3,5,4,1,2024-09-20,0.167,24+ Months,Mid Value,1,At Risk
CUST03527,Female,50,Married,Tier 1,Mobile,UPI,Beauty,2024-03-01,10,3.4,955.81,34,32497.54,3249.75,77994.0,77,6.6,5,1,Yes,177.72,4,2,1,5,0,,0.059,6-12 Months,High Value,0,At Risk
CUST03528,Female,31,Married,Tier 3,Mobile,Credit Card,Beauty,2023-12-31,12,4.3,792.31,52,41200.12,3406.93,81766.32,110,4.9,1,1,Yes,0.69,4,2,15,4,0,,0.038,6-12 Months,High Value,0,Dormant
CUST03529,Female,33,Married,Tier 2,Mobile,UPI,Beauty,2024-05-01,8,0.5,594.81,4,2379.24,297.4,0.0,48,6.9,1,3,No,53.33,3,2,11,10,1,2024-09-12,0.5,6-12 Months,Low Value,1,Slipping
CUST03530,Male,28,Married,Tier 1,Desktop,COD,Electronics,2023-07-01,18,1.2,779.72,22,17153.84,935.66,0.0,43,4.0,4,0,No Complaint,33.59,3,1,1,3,1,2024-05-11,0.045,12-24 Months,Mid Value,0,Slipping
CUST03531,Male,50,Married,Tier 2,Mobile,COD,Home & Kitchen,2024-07-01,6,2.0,298.2,12,3578.4,596.4,0.0,87,3.4,5,0,No Complaint,223.09,2,0,1,6,1,2024-07-12,0.0,3-6 Months,Low Value,0,At Risk
CUST03532,Female,24,Single,Tier 1,Desktop,UPI,Fashion,2024-05-01,8,2.3,1806.77,18,32521.86,4155.57,99733.68,7,5.6,3,0,No Complaint,321.43,3,2,1,3,0,,0.111,6-12 Months,High Value,0,Active
CUST03533,Male,48,Married,Tier 1,Mobile,COD,Fashion,2021-12-29,36,2.2,742.77,79,58678.83,1634.09,39218.16,116,6.7,4,1,No,232.87,3,33,5,6,0,,0.418,24+ Months,Mid Value,1,Dormant
CUST03534,Male,63,Single,Tier 1,Mobile,COD,Fashion,2024-10-31,2,3.0,206.34,6,1238.04,619.02,0.0,148,4.2,4,1,Yes,661.59,5,0,13,5,1,2024-11-14,0.0,0-3 Months,Low Value,0,Dormant
CUST03535,Male,64,Married,Tier 3,Mobile,Credit Card,Beauty,2024-10-31,2,8.5,450.61,17,7660.37,3830.18,91924.32,131,3.8,3,0,No Complaint,14.47,1,1,10,5,0,,0.059,0-3 Months,High Value,0,Dormant
CUST03536,Male,31,Single,Tier 3,Mobile,Debit Card,Fashion,2024-12-01,1,1.2,1755.13,1,1755.13,2106.16,0.0,85,1.9,3,2,No,112.51,2,0,8,2,1,2024-12-13,0.0,0-3 Months,Mid Value,1,At Risk
CUST03537,Male,45,Single,Tier 3,Mobile,UPI,Fashion,2024-07-01,6,2.0,812.75,12,9753.0,1625.5,0.0,102,3.0,1,2,No,413.34,3,0,13,3,1,2024-12-01,0.0,3-6 Months,Mid Value,1,Dormant
CUST03538,Male,60,Married,Tier 1,Desktop,Wallet,Grocery,2024-05-01,8,3.0,516.9,24,12405.6,1550.7,37216.8,5,3.2,4,0,No Complaint,69.18,5,0,6,7,0,,0.0,6-12 Months,Mid Value,0,Active
CUST03539,Female,33,Single,Tier 1,Tablet,Debit Card,Fashion,2024-10-31,2,2.2,985.03,4,3940.12,2167.07,52009.68,164,6.7,4,1,Yes,291.8,3,0,9,0,0,,0.0,0-3 Months,Mid Value,0,Dormant
CUST03540,Male,36,Married,Tier 2,Mobile,Debit Card,Fashion,2023-12-31,12,1.2,728.44,14,10198.16,874.13,0.0,100,3.8,3,2,Yes,148.49,1,1,14,8,1,2024-01-28,0.071,6-12 Months,Mid Value,0,Dormant
CUST03541,Male,34,Married,Tier 2,Mobile,Debit Card,Fashion,2023-07-01,18,2.4,970.04,43,41711.72,2328.1,55874.4,57,5.4,5,0,No Complaint,691.62,4,6,6,7,0,,0.14,12-24 Months,Mid Value,0,Slipping
CUST03542,Female,43,Married,Tier 3,Tablet,Debit Card,Fashion,2022-12-30,24,2.6,1122.94,62,69622.28,2919.64,70071.36,53,1.8,5,0,No Complaint,83.46,2,2,7,4,0,,0.032,12-24 Months,High Value,0,Slipping
CUST03543,Male,23,Single,Tier 1,Mobile,Net Banking,Beauty,2021-12-29,36,2.2,507.02,79,40054.58,1115.44,0.0,119,6.8,4,0,No Complaint,97.17,1,5,8,7,1,2022-01-13,0.063,24+ Months,Mid Value,0,Dormant
CUST03544,Male,60,Single,Tier 1,Mobile,Debit Card,Grocery,2023-07-01,18,0.6,599.89,11,6598.79,359.93,0.0,105,4.9,4,2,Yes,32.2,2,2,21,6,1,2024-01-26,0.182,12-24 Months,Low Value,0,Dormant
CUST03545,Female,26,Married,Tier 2,Tablet,Net Banking,Fashion,2024-10-31,2,1.8,536.95,4,2147.8,966.51,0.0,34,2.1,2,2,No,31.31,1,0,5,4,1,2024-11-19,0.0,0-3 Months,Mid Value,1,Slipping
CUST03546,Male,34,Single,Tier 3,Tablet,Debit Card,Fashion,2024-10-31,2,5.4,548.15,11,6029.65,2960.01,71040.24,74,3.6,4,0,No Complaint,355.19,2,1,1,4,0,,0.091,0-3 Months,High Value,0,At Risk
CUST03547,Male,48,Single,Tier 3,Mobile,UPI,Beauty,2022-12-30,24,5.1,578.49,122,70575.78,2950.3,70807.2,122,3.1,5,0,No Complaint,94.15,7,19,16,2,0,,0.156,12-24 Months,High Value,0,Dormant
CUST03548,Male,29,Married,Tier 2,Mobile,Net Banking,Grocery,2023-07-01,18,3.5,732.71,63,46160.73,2564.48,61547.52,54,4.9,5,0,No Complaint,174.39,4,5,1,6,0,,0.079,12-24 Months,High Value,0,Slipping
CUST03549,Male,40,Married,Tier 3,Mobile,Debit Card,Beauty,2024-10-01,3,3.0,586.7,9,5280.3,1760.1,0.0,92,3.9,2,0,No Complaint,251.16,3,0,1,4,1,2024-10-28,0.0,0-3 Months,Mid Value,0,Dormant
CUST03550,Female,22,Married,Tier 2,Desktop,Debit Card,Electronics,2024-08-01,5,0.5,1004.18,2,2008.36,502.09,12050.16,46,4.0,1,1,Yes,103.8,4,0,2,5,0,,0.0,3-6 Months,Low Value,0,Slipping
CUST03551,Female,60,Single,Tier 3,Desktop,Wallet,Fashion,2022-12-30,24,1.5,720.87,36,25951.32,1081.3,25951.2,13,3.0,5,1,Yes,553.4,3,7,1,4,0,,0.194,12-24 Months,Mid Value,0,Active
CUST03552,Male,53,Married,Tier 3,Mobile,UPI,Sports,2023-12-31,12,0.5,547.52,6,3285.12,273.76,0.0,70,2.3,2,0,No Complaint,501.02,1,0,6,1,1,2024-03-10,0.0,6-12 Months,Low Value,0,At Risk
CUST03553,Female,53,Married,Tier 3,Desktop,Credit Card,Grocery,2023-07-01,18,4.2,233.25,76,17727.0,979.65,23511.6,132,6.0,4,0,No Complaint,205.16,5,2,17,6,0,,0.026,12-24 Months,Mid Value,0,Dormant
CUST03554,Male,20,Married,Tier 1,Desktop,UPI,Fashion,2024-08-31,4,0.9,477.14,4,1908.56,429.43,0.0,39,6.3,1,0,No Complaint,961.34,3,1,2,4,1,2024-12-06,0.25,3-6 Months,Low Value,0,Slipping
CUST03555,Male,41,Married,Tier 1,Desktop,Debit Card,Electronics,2023-07-01,18,3.6,695.64,65,45216.6,2504.3,0.0,136,3.3,5,2,Yes,0.48,2,0,1,4,1,2024-03-18,0.0,12-24 Months,Mid Value,0,Dormant
CUST03556,Female,34,Married,Tier 2,Desktop,COD,Electronics,2022-12-30,24,4.2,1755.16,101,177271.16,7371.67,176920.08,120,5.4,2,0,No Complaint,1.67,2,12,2,5,0,,0.119,12-24 Months,High Value,0,Dormant
CUST03557,Male,56,Married,Tier 2,Desktop,Wallet,Fashion,2021-12-29,36,5.6,854.94,202,172697.88,4787.66,114903.84,91,2.9,4,0,No Complaint,12.59,0,20,3,5,0,,0.099,24+ Months,High Value,0,Dormant
CUST03558,Male,43,Married,Tier 3,Mobile,Credit Card,Home & Kitchen,2022-12-30,24,3.5,311.27,84,26146.68,1089.44,0.0,174,5.9,1,4,No,517.3,2,25,16,7,1,2023-10-22,0.298,12-24 Months,Mid Value,1,Dormant
CUST03559,Male,21,Married,Tier 1,Mobile,COD,Home & Kitchen,2023-12-31,12,2.1,961.58,25,24039.5,2019.32,0.0,159,4.3,2,0,No Complaint,167.12,1,11,9,3,1,2024-06-15,0.44,6-12 Months,Mid Value,0,Dormant
CUST03560,Male,62,Married,Tier 1,Desktop,Net Banking,Fashion,2023-07-01,18,2.3,654.08,41,26817.28,1504.38,36105.12,101,3.2,4,0,No Complaint,472.9,6,10,1,4,0,,0.244,12-24 Months,Mid Value,0,Dormant
CUST03561,Male,29,Married,Tier 3,Mobile,Debit Card,Electronics,2024-03-01,10,1.0,1339.01,10,13390.1,1339.01,0.0,100,2.7,1,0,No Complaint,24.47,1,1,3,4,1,2024-05-01,0.1,6-12 Months,Mid Value,0,Dormant
CUST03562,Female,18,Married,Tier 1,Mobile,UPI,Beauty,2024-08-31,4,0.5,322.56,2,645.12,161.28,3870.72,50,6.5,2,0,No Complaint,5.85,3,0,8,6,0,,0.0,3-6 Months,Low Value,0,Slipping
CUST03563,Male,38,Single,Tier 1,Desktop,Debit Card,Fashion,2021-12-29,36,0.5,2096.08,18,37729.44,1048.04,0.0,165,2.0,2,1,Yes,141.06,7,5,1,3,1,2022-01-13,0.278,24+ Months,Mid Value,0,Dormant
CUST03564,Male,36,Single,Tier 2,Desktop,Wallet,Grocery,2024-01-31,11,0.5,1227.71,6,7366.26,613.86,0.0,161,4.4,1,0,No Complaint,34.67,4,1,9,3,1,2024-10-11,0.167,6-12 Months,Low Value,0,Dormant
CUST03565,Male,38,Married,Tier 2,Tablet,Wallet,Beauty,2023-07-01,18,6.8,775.74,122,94640.28,5275.03,126600.72,133,1.0,5,0,No Complaint,353.69,1,10,17,4,0,,0.082,12-24 Months,High Value,0,Dormant
CUST03566,Female,35,Married,Tier 1,Mobile,Debit Card,Grocery,2021-12-29,36,0.5,304.69,18,5484.42,152.34,3656.16,23,2.8,4,5,No,98.18,2,2,16,5,0,,0.111,24+ Months,Low Value,1,Active
CUST03567,Female,60,Single,Tier 3,Mobile,Net Banking,Beauty,2021-12-29,36,3.2,322.9,115,37133.5,1033.28,24798.72,126,2.2,5,0,No Complaint,264.9,6,14,1,3,0,,0.122,24+ Months,Mid Value,0,Dormant
CUST03568,Female,20,Married,Tier 2,Mobile,UPI,Beauty,2023-07-01,18,0.5,1450.65,9,13055.85,725.32,17407.68,46,1.0,3,1,No,130.78,3,3,13,5,0,,0.333,12-24 Months,Low Value,1,Slipping
CUST03569,Female,61,Single,Tier 3,Desktop,UPI,Sports,2024-12-01,1,9.3,1575.35,9,14178.15,14650.76,0.0,34,3.5,1,3,Yes,135.4,4,1,6,3,1,2024-12-24,0.111,0-3 Months,High Value,0,Slipping
CUST03570,Female,49,Married,Tier 2,Mobile,Wallet,Electronics,2024-05-01,8,1.1,1861.46,9,16753.14,2047.61,49142.64,136,3.9,4,3,Yes,206.14,3,1,6,5,0,,0.111,6-12 Months,Mid Value,0,Dormant
CUST03571,Male,27,Married,Tier 1,Desktop,UPI,Home & Kitchen,2021-12-29,36,1.3,2884.45,47,135569.15,3749.78,0.0,172,2.4,1,0,No Complaint,73.56,2,0,7,4,1,2024-05-28,0.0,24+ Months,High Value,0,Dormant
CUST03572,Male,57,Married,Tier 1,Desktop,UPI,Fashion,2024-08-01,5,1.3,1516.87,6,9101.22,1971.93,47326.32,20,3.4,4,5,Yes,535.13,1,0,4,3,0,,0.0,3-6 Months,Mid Value,0,Active
CUST03573,Female,32,Single,Tier 1,Mobile,Credit Card,Electronics,2021-12-29,36,4.2,1194.22,151,180327.22,5015.72,120377.28,30,4.1,2,1,Yes,92.07,3,4,10,1,0,,0.026,24+ Months,High Value,0,Active
CUST03574,Female,22,Married,Tier 2,Tablet,Debit Card,Fashion,2024-10-31,2,0.6,4778.69,1,4778.69,2867.21,68813.04,40,1.1,4,1,Yes,91.36,2,0,3,4,0,,0.0,0-3 Months,High Value,0,Slipping
CUST03575,Female,21,Married,Tier 1,Desktop,Debit Card,Grocery,2023-12-31,12,4.4,612.89,53,32483.17,2696.72,0.0,173,4.6,5,1,Yes,221.22,3,18,11,5,1,2024-03-29,0.34,6-12 Months,High Value,0,Dormant
CUST03576,Male,45,Married,Tier 2,Mobile,UPI,Fashion,2024-01-31,11,2.7,836.74,30,25102.2,2259.2,54220.8,125,5.6,5,0,No Complaint,182.03,3,2,21,1,0,,0.067,6-12 Months,Mid Value,0,Dormant
CUST03577,Male,21,Married,Tier 2,Mobile,Net Banking,Home & Kitchen,2024-08-01,5,0.6,305.24,3,915.72,183.14,0.0,122,5.0,4,0,No Complaint,984.29,1,0,1,1,1,2024-09-03,0.0,3-6 Months,Low Value,0,Dormant
CUST03578,Male,32,Married,Tier 1,Mobile,Net Banking,Grocery,2021-12-29,36,0.5,1390.11,18,25021.98,695.06,16681.44,91,5.1,4,1,Yes,341.76,3,5,5,3,0,,0.278,24+ Months,Low Value,0,Dormant
CUST03579,Female,34,Married,Tier 1,Mobile,Credit Card,Fashion,2023-07-01,18,3.7,778.67,67,52170.89,2881.08,69145.92,97,4.2,1,0,No Complaint,60.28,4,6,1,4,0,,0.09,12-24 Months,High Value,0,Dormant
CUST03580,Male,61,Married,Tier 3,Desktop,Credit Card,Beauty,2024-08-31,4,0.6,581.66,2,1163.32,349.0,8376.0,52,5.1,4,2,Yes,19.28,2,0,5,2,0,,0.0,3-6 Months,Low Value,0,Slipping
CUST03581,Male,20,Single,Tier 3,Tablet,COD,Home & Kitchen,2024-05-01,8,5.5,590.18,44,25967.92,3245.99,77903.76,28,6.4,5,0,No Complaint,20.3,4,2,5,4,0,,0.045,6-12 Months,High Value,0,Active
CUST03582,Female,27,Married,Tier 1,Mobile,Debit Card,Grocery,2022-12-30,24,0.5,514.66,12,6175.92,257.33,0.0,140,9.0,3,2,Yes,80.78,4,2,10,5,1,2024-01-23,0.167,12-24 Months,Low Value,0,Dormant
CUST03583,Male,64,Married,Tier 1,Mobile,Credit Card,Fashion,2024-07-01,6,2.4,797.71,14,11167.94,1914.5,45948.0,85,2.6,4,0,No Complaint,116.74,2,3,4,5,0,,0.214,3-6 Months,Mid Value,0,At Risk
CUST03584,Female,59,Married,Tier 3,Mobile,Credit Card,Home & Kitchen,2022-06-30,30,2.9,327.25,87,28470.75,949.02,22776.48,46,3.0,4,0,No Complaint,182.46,4,17,17,6,0,,0.195,24+ Months,Mid Value,0,Slipping
CUST03585,Male,40,Single,Tier 1,Mobile,Credit Card,Beauty,2024-10-01,3,2.7,348.55,8,2788.4,941.08,0.0,114,2.8,4,2,Yes,351.0,4,1,4,6,1,2024-12-08,0.125,0-3 Months,Mid Value,0,Dormant
CUST03586,Male,35,Single,Tier 3,Mobile,UPI,Electronics,2024-08-01,5,0.9,413.64,4,1654.56,372.28,0.0,38,6.8,4,0,No Complaint,820.84,1,0,6,2,1,2024-09-28,0.0,3-6 Months,Low Value,0,Slipping
CUST03587,Male,18,Married,Tier 1,Mobile,Credit Card,Electronics,2024-10-01,3,5.2,581.68,16,9306.88,3024.74,72593.76,88,7.3,3,2,No,94.58,2,9,2,3,0,,0.562,0-3 Months,High Value,1,At Risk
CUST03588,Female,52,Married,Tier 3,Mobile,Debit Card,Electronics,2024-10-31,2,3.7,648.86,7,4542.02,2400.78,0.0,35,5.9,4,2,Yes,141.97,1,0,1,3,1,2024-12-02,0.0,0-3 Months,Mid Value,0,Slipping
CUST03589,Male,48,Married,Tier 1,Desktop,COD,Home & Kitchen,2024-07-01,6,1.8,213.96,11,2353.56,385.13,9243.12,136,2.1,2,0,No Complaint,165.27,2,0,9,4,0,,0.0,3-6 Months,Low Value,0,Dormant
CUST03590,Male,61,Single,Tier 3,Desktop,COD,Fashion,2021-12-29,36,2.3,626.02,83,51959.66,1439.85,34556.4,58,4.0,4,0,No Complaint,147.19,4,17,4,5,0,,0.205,24+ Months,Mid Value,0,Slipping
CUST03591,Female,18,Single,Tier 1,Mobile,Credit Card,Fashion,2024-10-31,2,2.1,498.26,4,1993.04,1046.35,25112.4,80,5.1,1,0,No Complaint,17.04,1,0,8,6,0,,0.0,0-3 Months,Mid Value,0,At Risk
CUST03592,Male,20,Single,Tier 2,Desktop,COD,Home & Kitchen,2024-08-31,4,7.3,1552.99,29,45036.71,11336.83,0.0,136,5.1,5,2,Yes,22.0,2,2,8,2,1,2024-11-10,0.069,3-6 Months,High Value,0,Dormant
CUST03593,Female,20,Single,Tier 1,Desktop,UPI,Fashion,2024-08-01,5,5.7,478.19,28,13389.32,2725.68,65416.32,119,8.0,5,2,Yes,395.28,4,3,5,9,0,,0.107,3-6 Months,High Value,0,Dormant
CUST03594,Female,54,Single,Tier 1,Desktop,Credit Card,Home & Kitchen,2023-07-01,18,0.7,1813.08,13,23570.04,1269.16,30459.84,72,6.4,4,0,No Complaint,202.63,1,1,3,4,0,,0.077,12-24 Months,Mid Value,0,At Risk
CUST03595,Male,36,Married,Tier 3,Mobile,COD,Electronics,2022-12-30,24,0.8,3039.1,19,57742.9,2431.28,0.0,13,6.3,2,0,No Complaint,204.4,0,4,2,5,1,2024-11-13,0.211,12-24 Months,Mid Value,0,Active
CUST03596,Female,46,Married,Tier 2,Desktop,Debit Card,Grocery,2022-12-30,24,10.0,2031.99,240,487677.6,20319.9,487677.6,165,3.7,5,0,No Complaint,303.52,2,28,2,3,0,,0.117,12-24 Months,High Value,0,Dormant
CUST03597,Male,42,Single,Tier 3,Desktop,Credit Card,Fashion,2024-12-01,1,0.7,451.59,1,451.59,316.11,7586.64,2,5.2,5,0,No Complaint,15.82,1,0,6,2,0,,0.0,0-3 Months,Low Value,0,Active
CUST03598,Female,50,Married,Tier 2,Mobile,Debit Card,Home & Kitchen,2023-07-01,18,7.7,1291.57,139,179528.23,9945.09,0.0,132,1.5,4,5,Yes,96.65,6,9,3,0,1,2024-06-27,0.065,12-24 Months,High Value,0,Dormant
CUST03599,Male,53,Married,Tier 3,Mobile,Net Banking,Beauty,2023-07-01,18,2.6,457.06,47,21481.82,1188.36,28520.64,170,4.6,5,0,No Complaint,50.99,5,20,7,3,0,,0.426,12-24 Months,Mid Value,0,Dormant
CUST03600,Female,46,Married,Tier 2,Tablet,Debit Card,Home & Kitchen,2024-01-31,11,0.5,503.78,6,3022.68,251.89,0.0,55,4.8,2,0,No Complaint,194.61,2,1,13,2,1,2024-03-07,0.167,6-12 Months,Low Value,0,Slipping
CUST03601,Male,43,Married,Tier 3,Desktop,COD,Beauty,2024-06-01,7,1.0,528.02,7,3696.14,528.02,0.0,14,2.2,4,2,Yes,43.56,1,0,6,3,1,2024-09-10,0.0,6-12 Months,Low Value,0,Active
CUST03602,Female,21,Single,Tier 3,Desktop,Wallet,Fashion,2022-06-30,30,1.6,987.62,48,47405.76,1580.19,0.0,45,4.0,4,1,Yes,212.05,2,4,5,4,1,2024-11-28,0.083,24+ Months,Mid Value,0,Slipping
CUST03603,Male,31,Single,Tier 1,Desktop,COD,Electronics,2024-06-01,7,4.5,486.99,32,15583.68,2191.46,52595.04,57,7.1,2,1,No,88.35,3,5,24,3,0,,0.156,6-12 Months,Mid Value,1,Slipping
CUST03604,Male,44,Single,Tier 3,Mobile,Debit Card,Electronics,2024-08-31,4,1.0,922.49,4,3689.96,922.49,0.0,81,4.4,4,0,No Complaint,104.18,2,1,4,7,1,2024-12-03,0.25,3-6 Months,Mid Value,0,At Risk
CUST03605,Male,50,Married,Tier 3,Mobile,UPI,Grocery,2024-07-01,6,0.9,2172.71,5,10863.55,1955.44,0.0,95,5.6,4,1,Yes,306.69,3,0,1,3,1,2024-07-11,0.0,3-6 Months,Mid Value,0,Dormant
CUST03606,Male,39,Married,Tier 1,Mobile,Credit Card,Home & Kitchen,2024-04-01,9,6.3,415.19,57,23665.83,2615.7,0.0,130,8.8,2,1,Yes,77.03,2,8,17,5,1,2024-11-10,0.14,6-12 Months,High Value,0,Dormant
CUST03607,Female,20,Single,Tier 2,Tablet,Debit Card,Electronics,2024-08-31,4,0.5,291.28,2,582.56,145.64,0.0,162,3.7,4,0,No Complaint,53.37,2,0,2,1,1,2024-09-02,0.0,3-6 Months,Low Value,0,Dormant
CUST03608,Male,40,Married,Tier 1,Mobile,COD,Beauty,2023-07-01,18,2.0,573.58,36,20648.88,1147.16,27531.84,84,6.0,2,0,No Complaint,341.8,4,4,7,4,0,,0.111,12-24 Months,Mid Value,0,At Risk
CUST03609,Female,38,Married,Tier 3,Mobile,Credit Card,Sports,2021-12-29,36,1.8,2439.61,65,158574.65,4391.3,0.0,134,4.2,4,2,No,208.16,2,20,22,5,1,2024-07-27,0.308,24+ Months,High Value,1,Dormant
CUST03610,Female,58,Married,Tier 1,Desktop,Wallet,Fashion,2023-07-01,18,0.5,1453.89,9,13085.01,726.94,17446.56,23,6.5,4,0,No Complaint,93.12,3,1,11,4,0,,0.111,12-24 Months,Low Value,0,Active
CUST03611,Female,40,Single,Tier 1,Desktop,UPI,Home & Kitchen,2024-04-01,9,0.5,493.65,4,1974.6,246.82,5923.68,59,4.4,2,1,Yes,124.25,0,1,14,2,0,,0.25,6-12 Months,Low Value,0,Slipping
CUST03612,Male,21,Single,Tier 2,Mobile,COD,Electronics,2022-06-30,30,1.2,431.89,36,15548.04,518.27,12438.48,22,6.4,4,1,Yes,76.95,4,9,4,4,0,,0.25,24+ Months,Low Value,0,Active
CUST03613,Male,38,Single,Tier 2,Mobile,Credit Card,Beauty,2022-12-30,24,0.5,1126.15,12,13513.8,563.08,0.0,124,7.0,3,1,Yes,144.22,4,2,5,0,1,2023-03-19,0.167,12-24 Months,Low Value,0,Dormant
CUST03614,Female,54,Single,Tier 3,Mobile,Credit Card,Electronics,2024-06-01,7,1.6,961.33,11,10574.63,1538.13,0.0,163,4.1,4,1,No,26.88,2,1,1,4,1,2024-08-20,0.091,6-12 Months,Mid Value,1,Dormant
CUST03615,Male,60,Married,Tier 3,Mobile,COD,Electronics,2023-07-01,18,2.3,1388.45,41,56926.45,3193.44,76642.56,160,6.4,3,1,Yes,394.78,2,2,9,4,0,,0.049,12-24 Months,High Value,0,Dormant
CUST03616,Male,48,Single,Tier 2,Desktop,UPI,Fashion,2022-12-30,24,2.9,399.95,70,27996.5,1159.86,27836.64,59,1.4,3,3,Yes,145.36,2,4,11,5,0,,0.057,12-24 Months,Mid Value,0,Slipping
CUST03617,Female,38,Married,Tier 1,Mobile,UPI,Sports,2024-08-01,5,2.0,846.69,10,8466.9,1693.38,0.0,42,4.7,3,0,No Complaint,87.58,0,3,6,5,1,2024-12-26,0.3,3-6 Months,Mid Value,0,Slipping
CUST03618,Female,43,Single,Tier 2,Desktop,Debit Card,Beauty,2024-06-01,7,1.2,1681.06,8,13448.48,2017.27,48414.48,50,6.9,5,1,No,152.58,2,0,15,7,0,,0.0,6-12 Months,Mid Value,1,Slipping
CUST03619,Female,58,Single,Tier 2,Desktop,Debit Card,Fashion,2024-10-31,2,0.5,1978.4,1,1978.4,989.2,0.0,52,8.8,2,1,Yes,31.64,1,0,1,1,1,2024-11-27,0.0,0-3 Months,Mid Value,0,Slipping
CUST03620,Male,52,Married,Tier 2,Desktop,COD,Sports,2021-12-29,36,0.7,377.23,25,9430.75,264.06,0.0,15,2.2,2,1,Yes,14.71,1,2,1,8,1,2024-04-05,0.08,24+ Months,Low Value,0,Active
CUST03621,Female,55,Married,Tier 1,Mobile,Wallet,Grocery,2024-10-31,2,1.4,845.78,3,2537.34,1184.09,0.0,24,2.5,2,3,No,142.98,4,0,1,4,1,2024-12-15,0.0,0-3 Months,Mid Value,1,Active
CUST03622,Male,41,Single,Tier 2,Mobile,UPI,Home & Kitchen,2024-10-01,3,6.4,734.96,19,13964.24,4703.74,0.0,39,3.6,1,1,Yes,13.16,3,2,16,2,1,2024-12-21,0.105,0-3 Months,High Value,0,Slipping
CUST03623,Male,28,Married,Tier 1,Mobile,Debit Card,Fashion,2024-03-01,10,0.6,499.81,6,2998.86,299.89,7197.36,2,4.8,1,0,No Complaint,194.65,2,0,2,4,0,,0.0,6-12 Months,Low Value,0,Active
CUST03624,Female,58,Married,Tier 3,Mobile,Debit Card,Electronics,2022-06-30,30,1.3,536.56,39,20925.84,697.53,16740.72,9,3.3,2,2,Yes,289.92,2,5,1,3,0,,0.128,24+ Months,Low Value,0,Active
CUST03625,Male,46,Single,Tier 2,Desktop,Wallet,Grocery,2024-06-01,7,3.3,1335.3,23,30711.9,4406.49,0.0,126,6.1,2,1,Yes,801.71,5,4,13,5,1,2024-09-15,0.174,6-12 Months,High Value,0,Dormant
CUST03626,Male,64,Married,Tier 3,Mobile,Wallet,Fashion,2022-12-30,24,3.1,525.22,74,38866.28,1628.18,39076.32,111,4.0,3,1,Yes,263.95,1,21,10,8,0,,0.284,12-24 Months,Mid Value,0,Dormant
CUST03627,Male,20,Single,Tier 2,Desktop,COD,Electronics,2023-07-01,18,8.4,823.64,151,124369.64,6918.58,0.0,170,3.2,2,1,Yes,657.81,2,10,1,3,1,2024-04-22,0.066,12-24 Months,High Value,0,Dormant
CUST03628,Female,18,Single,Tier 1,Mobile,Debit Card,Electronics,2023-07-01,18,0.5,1262.32,9,11360.88,631.16,0.0,72,2.6,2,0,No Complaint,4.04,4,1,12,4,1,2023-10-26,0.111,12-24 Months,Low Value,0,At Risk
CUST03629,Female,36,Married,Tier 3,Mobile,UPI,Fashion,2022-06-30,30,0.5,3061.65,15,45924.75,1530.82,36739.68,80,4.6,4,1,Yes,147.31,4,0,3,5,0,,0.0,24+ Months,Mid Value,0,At Risk
CUST03630,Female,63,Single,Tier 2,Tablet,Credit Card,Electronics,2024-12-01,1,1.0,1107.16,1,1107.16,1107.16,26571.84,13,5.3,4,0,No Complaint,32.4,3,0,1,2,0,,0.0,0-3 Months,Mid Value,0,Active
CUST03631,Female,39,Single,Tier 1,Mobile,Debit Card,Sports,2021-12-29,36,0.5,1487.07,18,26767.26,743.54,17844.96,28,6.1,4,3,Yes,50.62,2,1,1,1,0,,0.056,24+ Months,Low Value,0,Active
CUST03632,Male,31,Single,Tier 2,Mobile,COD,Electronics,2022-06-30,30,2.0,1079.3,60,64758.0,2158.6,0.0,124,3.8,4,2,Yes,238.73,2,23,1,5,1,2023-08-18,0.383,24+ Months,Mid Value,0,Dormant
CUST03633,Male,31,Married,Tier 2,Mobile,Debit Card,Fashion,2021-12-29,36,5.7,777.5,205,159387.5,4431.75,106362.0,43,5.4,3,0,No Complaint,52.46,2,16,14,3,0,,0.078,24+ Months,High Value,0,Slipping
CUST03634,Male,61,Married,Tier 3,Mobile,COD,Grocery,2022-06-30,30,2.9,767.85,87,66802.95,2226.76,53442.24,139,7.3,4,0,No Complaint,35.68,4,9,4,6,0,,0.103,24+ Months,Mid Value,0,Dormant
CUST03635,Male,33,Single,Tier 2,Desktop,Credit Card,Grocery,2022-06-30,30,0.5,827.65,15,12414.75,413.82,0.0,127,6.7,5,0,No Complaint,83.69,5,4,4,5,1,2022-07-21,0.267,24+ Months,Low Value,0,Dormant
CUST03636,Male,50,Married,Tier 2,Mobile,COD,Beauty,2024-08-31,4,0.5,200.8,2,401.6,100.4,0.0,134,3.7,4,2,No,15.65,7,0,13,5,1,2024-10-11,0.0,3-6 Months,Low Value,1,Dormant
CUST03637,Female,30,Single,Tier 1,Mobile,UPI,Beauty,2024-07-01,6,6.1,714.14,37,26423.18,4356.25,0.0,124,5.7,1,0,No Complaint,28.51,4,3,8,2,1,2024-08-13,0.081,3-6 Months,High Value,0,Dormant
CUST03638,Male,55,Married,Tier 2,Mobile,UPI,Fashion,2024-07-01,6,1.7,1220.24,10,12202.4,2074.41,0.0,127,4.2,4,0,No Complaint,28.5,4,1,17,4,1,2024-12-06,0.1,3-6 Months,Mid Value,0,Dormant
CUST03639,Male,29,Married,Tier 3,Desktop,UPI,Electronics,2024-10-31,2,6.4,535.99,13,6967.87,3430.34,0.0,98,3.7,4,0,No Complaint,46.13,3,3,1,4,1,2024-11-29,0.231,0-3 Months,High Value,0,Dormant
CUST03640,Male,55,Married,Tier 3,Mobile,Net Banking,Beauty,2022-12-30,24,3.3,2482.36,79,196106.44,8191.79,0.0,122,2.8,4,3,No,368.21,2,4,1,4,1,2024-12-05,0.051,12-24 Months,High Value,1,Dormant
CUST03641,Male,56,Married,Tier 1,Mobile,UPI,Home & Kitchen,2024-10-01,3,12.5,980.08,38,37243.04,12251.0,294024.0,95,7.7,4,0,No Complaint,62.98,2,0,15,1,0,,0.0,0-3 Months,High Value,0,Dormant
CUST03642,Female,50,Married,Tier 1,Mobile,COD,Grocery,2024-12-01,1,5.1,819.08,5,4095.4,4177.31,0.0,37,3.2,4,1,Yes,57.6,3,1,26,6,1,2024-12-30,0.2,0-3 Months,High Value,0,Slipping
CUST03643,Male,50,Single,Tier 1,Mobile,UPI,Fashion,2022-12-30,24,1.3,1611.8,31,49965.8,2095.34,50288.16,39,4.2,1,0,No Complaint,24.24,5,5,3,1,0,,0.161,12-24 Months,Mid Value,0,Slipping
CUST03644,Male,46,Married,Tier 2,Mobile,Credit Card,Electronics,2021-12-29,36,3.5,1332.55,126,167901.3,4663.92,111934.08,73,1.1,4,0,No Complaint,2.92,4,0,1,3,0,,0.0,24+ Months,High Value,0,At Risk
CUST03645,Female,22,Single,Tier 3,Mobile,Net Banking,Fashion,2022-12-30,24,1.6,1984.21,38,75399.98,3174.74,76193.76,3,6.5,5,0,No Complaint,31.46,2,11,1,5,0,,0.289,12-24 Months,High Value,0,Active
CUST03646,Male,23,Single,Tier 2,Mobile,Debit Card,Beauty,2022-06-30,30,0.7,2274.05,21,47755.05,1591.84,38204.16,160,4.4,4,1,No,231.05,4,5,1,7,0,,0.238,24+ Months,Mid Value,1,Dormant
CUST03647,Male,48,Single,Tier 2,Mobile,UPI,Fashion,2023-07-01,18,0.7,2504.17,13,32554.21,1752.92,0.0,49,6.6,1,4,Yes,630.26,4,2,9,7,1,2024-07-05,0.154,12-24 Months,Mid Value,0,Slipping
CUST03648,Male,33,Single,Tier 3,Mobile,UPI,Fashion,2021-12-29,36,1.3,1236.2,47,58101.4,1607.06,38569.44,10,5.1,4,0,No Complaint,245.13,2,4,2,4,0,,0.085,24+ Months,Mid Value,0,Active
CUST03649,Female,48,Married,Tier 2,Tablet,Net Banking,Electronics,2024-03-01,10,0.5,434.47,5,2172.35,217.24,5213.76,76,4.7,5,1,Yes,345.4,3,1,4,6,0,,0.2,6-12 Months,Low Value,0,At Risk
CUST03650,Female,42,Married,Tier 1,Desktop,Credit Card,Electronics,2021-12-29,36,0.5,759.89,18,13678.02,379.94,9118.56,146,6.0,5,0,No Complaint,278.15,3,1,4,2,0,,0.056,24+ Months,Low Value,0,Dormant
CUST03651,Female,63,Single,Tier 2,Mobile,Debit Card,Electronics,2024-10-31,2,1.7,2827.93,3,8483.79,4807.48,0.0,72,4.5,3,1,No,63.19,3,1,2,6,1,2024-11-05,0.333,0-3 Months,High Value,1,At Risk
CUST03652,Male,50,Single,Tier 3,Mobile,Credit Card,Electronics,2022-06-30,30,7.7,1076.61,231,248696.91,8289.9,0.0,48,1.2,4,1,Yes,236.5,3,87,2,5,1,2023-09-20,0.377,24+ Months,High Value,0,Slipping
CUST03653,Female,30,Married,Tier 3,Desktop,Credit Card,Beauty,2023-07-01,18,2.2,662.54,40,26501.6,1457.59,34982.16,98,5.0,4,0,No Complaint,249.96,1,4,6,7,0,,0.1,12-24 Months,Mid Value,0,Dormant
CUST03654,Male,27,Married,Tier 2,Desktop,UPI,Electronics,2023-07-01,18,1.3,613.13,23,14101.99,797.07,19129.68,103,6.5,4,1,No,53.85,3,0,1,5,0,,0.0,12-24 Months,Low Value,1,Dormant
CUST03655,Male,41,Single,Tier 2,Mobile,Debit Card,Grocery,2022-12-30,24,0.7,422.33,17,7179.61,295.63,7095.12,136,2.9,4,3,Yes,456.11,2,4,5,5,0,,0.235,12-24 Months,Low Value,0,Dormant
CUST03656,Male,27,Single,Tier 3,Desktop,COD,Electronics,2022-06-30,30,0.5,1708.78,15,25631.7,854.39,0.0,144,1.0,2,0,No Complaint,1113.94,5,2,4,1,1,2024-11-10,0.133,24+ Months,Low Value,0,Dormant
CUST03657,Male,58,Married,Tier 2,Mobile,UPI,Electronics,2022-06-30,30,2.7,654.46,81,53011.26,1767.04,42408.96,127,3.2,5,2,No,148.31,3,14,3,2,0,,0.173,24+ Months,Mid Value,1,Dormant
CUST03658,Male,48,Married,Tier 1,Mobile,COD,Grocery,2024-10-01,3,4.7,451.26,14,6317.64,2120.92,50902.08,1,5.1,5,0,No Complaint,68.52,2,2,1,6,0,,0.143,0-3 Months,Mid Value,0,Active
CUST03659,Female,30,Single,Tier 3,Tablet,Net Banking,Electronics,2024-08-31,4,1.3,488.37,5,2441.85,634.88,0.0,1,2.4,3,0,No Complaint,79.66,3,0,9,4,1,2024-09-13,0.0,3-6 Months,Low Value,0,Active
CUST03660,Female,20,Single,Tier 3,Desktop,Net Banking,Beauty,2024-12-01,1,2.0,150.0,2,300.0,300.0,0.0,175,4.3,2,0,No Complaint,157.2,3,0,7,3,1,2024-12-08,0.0,0-3 Months,Low Value,0,Dormant
CUST03661,Male,51,Married,Tier 1,Desktop,UPI,Grocery,2024-10-01,3,3.1,1471.86,9,13246.74,4562.77,109506.48,48,5.2,4,2,Yes,1.41,2,1,11,3,0,,0.111,0-3 Months,High Value,0,Slipping
CUST03662,Male,45,Single,Tier 2,Mobile,UPI,Beauty,2024-08-01,5,0.5,760.39,2,1520.78,380.2,0.0,51,2.9,3,1,Yes,66.36,4,1,6,5,1,2024-11-20,0.5,3-6 Months,Low Value,0,Slipping
CUST03663,Male,36,Single,Tier 2,Mobile,Net Banking,Electronics,2022-12-30,24,1.1,379.9,26,9877.4,417.89,0.0,132,6.8,4,1,Yes,9.04,5,0,6,3,1,2024-08-24,0.0,12-24 Months,Low Value,0,Dormant
CUST03664,Male,40,Married,Tier 1,Mobile,UPI,Electronics,2024-03-01,10,3.3,2370.85,33,78238.05,7823.8,187771.2,105,5.7,3,0,No Complaint,176.16,3,1,2,5,0,,0.03,6-12 Months,High Value,0,Dormant
CUST03665,Female,62,Married,Tier 3,Mobile,UPI,Grocery,2022-12-30,24,2.9,927.56,70,64929.2,2689.92,64558.08,83,2.7,3,0,No Complaint,166.77,4,11,4,3,0,,0.157,12-24 Months,High Value,0,At Risk
CUST03666,Male,49,Single,Tier 2,Mobile,Net Banking,Fashion,2024-03-01,10,0.5,186.97,5,934.85,93.48,0.0,21,5.8,5,3,Yes,160.95,2,0,6,0,1,2024-09-22,0.0,6-12 Months,Low Value,0,Active
CUST03667,Female,30,Married,Tier 3,Mobile,Credit Card,Electronics,2023-12-31,12,0.7,1488.12,8,11904.96,1041.68,25000.32,15,3.0,4,4,Yes,29.46,3,1,1,4,0,,0.125,6-12 Months,Mid Value,0,Active
CUST03668,Male,50,Single,Tier 1,Mobile,Credit Card,Grocery,2024-10-31,2,2.8,442.51,6,2655.06,1239.03,0.0,126,3.6,2,2,No,520.64,1,1,10,4,1,2024-12-03,0.167,0-3 Months,Mid Value,1,Dormant
CUST03669,Male,51,Married,Tier 2,Mobile,Credit Card,Fashion,2022-12-30,24,0.8,1362.13,19,25880.47,1089.7,26152.8,23,4.6,4,2,Yes,137.53,2,0,21,7,0,,0.0,12-24 Months,Mid Value,0,Active
CUST03670,Male,50,Single,Tier 1,Desktop,COD,Electronics,2022-12-30,24,4.2,1278.68,101,129146.68,5370.46,0.0,79,6.0,4,1,No,146.09,2,19,28,9,1,2023-03-20,0.188,12-24 Months,High Value,1,At Risk
CUST03671,Male,22,Married,Tier 3,Desktop,Credit Card,Grocery,2024-07-01,6,0.5,988.47,3,2965.41,494.24,0.0,132,4.4,3,1,Yes,141.45,4,0,13,6,1,2024-10-10,0.0,3-6 Months,Low Value,0,Dormant
CUST03672,Male,20,Married,Tier 2,Mobile,Net Banking,Sports,2024-07-01,6,0.5,373.83,3,1121.49,186.92,0.0,166,5.2,5,1,Yes,133.78,1,1,13,7,1,2024-09-18,0.333,3-6 Months,Low Value,0,Dormant
CUST03673,Female,24,Married,Tier 2,Mobile,Debit Card,Home & Kitchen,2024-08-31,4,0.8,378.86,3,1136.58,303.09,0.0,157,7.1,3,4,Yes,501.76,2,0,1,5,1,2024-12-04,0.0,3-6 Months,Low Value,0,Dormant
CUST03674,Male,41,Married,Tier 1,Mobile,Debit Card,Electronics,2022-06-30,30,6.5,867.63,195,169187.85,5639.6,0.0,155,5.0,5,2,Yes,165.85,1,4,3,2,1,2023-06-12,0.021,24+ Months,High Value,0,Dormant
CUST03675,Female,39,Single,Tier 1,Desktop,Credit Card,Grocery,2022-12-30,24,4.0,464.54,96,44595.84,1858.16,44595.84,65,3.4,3,1,Yes,119.49,3,8,11,7,0,,0.083,12-24 Months,Mid Value,0,At Risk
CUST03676,Male,62,Single,Tier 1,Mobile,UPI,Fashion,2023-07-01,18,5.4,2108.07,97,204482.79,11383.58,0.0,166,5.8,4,0,No Complaint,261.78,3,7,1,5,1,2024-02-12,0.072,12-24 Months,High Value,0,Dormant
CUST03677,Male,40,Single,Tier 1,Desktop,Debit Card,Fashion,2024-08-31,4,1.5,836.29,6,5017.74,1254.44,0.0,123,3.5,4,5,No,52.13,4,1,1,6,1,2024-10-12,0.167,3-6 Months,Mid Value,1,Dormant
CUST03678,Male,47,Married,Tier 2,Desktop,Credit Card,Beauty,2024-10-01,3,4.3,444.34,13,5776.42,1910.66,45855.84,159,4.0,5,1,Yes,38.38,2,1,8,3,0,,0.077,0-3 Months,Mid Value,0,Dormant
CUST03679,Female,35,Married,Tier 2,Mobile,Net Banking,Fashion,2024-12-01,1,4.8,1806.22,5,9031.1,8669.86,0.0,16,5.5,3,4,Yes,104.11,5,0,5,3,1,2024-12-25,0.0,0-3 Months,High Value,0,Active
CUST03680,Male,49,Married,Tier 2,Mobile,Credit Card,Fashion,2024-12-01,1,1.3,235.68,1,235.68,306.38,0.0,8,5.6,2,1,No,2.85,1,0,9,5,1,2024-12-06,0.0,0-3 Months,Low Value,1,Active
CUST03681,Female,24,Single,Tier 2,Tablet,Credit Card,Sports,2024-10-01,3,13.0,818.7,39,31929.3,10643.1,255434.4,77,4.2,5,0,No Complaint,62.54,5,6,2,3,0,,0.154,0-3 Months,High Value,0,At Risk
CUST03682,Male,50,Married,Tier 1,Mobile,Credit Card,Home & Kitchen,2024-10-31,2,4.8,1325.2,10,13252.0,6360.96,0.0,149,3.9,1,1,Yes,98.07,5,0,1,4,1,2024-11-04,0.0,0-3 Months,High Value,0,Dormant
CUST03683,Female,22,Married,Tier 1,Desktop,COD,Beauty,2023-12-31,12,9.1,436.91,109,47623.19,3975.88,0.0,74,7.8,5,3,No,155.59,3,8,14,3,1,2024-09-17,0.073,6-12 Months,High Value,1,At Risk
CUST03684,Male,45,Married,Tier 1,Tablet,Credit Card,Home & Kitchen,2024-06-01,7,5.0,663.35,35,23217.25,3316.75,0.0,159,1.0,2,0,No Complaint,141.03,3,5,12,4,1,2024-11-10,0.143,6-12 Months,High Value,0,Dormant
CUST03685,Female,25,Married,Tier 3,Mobile,UPI,Beauty,2024-04-01,9,3.7,559.99,33,18479.67,2071.96,49727.04,43,5.2,4,3,Yes,82.43,1,4,5,4,0,,0.121,6-12 Months,Mid Value,0,Slipping
CUST03686,Female,32,Married,Tier 2,Desktop,Net Banking,Fashion,2023-07-01,18,7.2,408.66,130,53125.8,2942.35,70616.4,8,4.5,4,1,No,75.68,3,9,17,5,0,,0.069,12-24 Months,High Value,1,Active
CUST03687,Female,21,Married,Tier 1,Tablet,Debit Card,Grocery,2023-07-01,18,1.4,947.21,25,23680.25,1326.09,0.0,137,3.7,3,0,No Complaint,0.24,3,4,2,6,1,2023-10-25,0.16,12-24 Months,Mid Value,0,Dormant
CUST03688,Male,51,Single,Tier 1,Desktop,Debit Card,Electronics,2023-07-01,18,3.8,1628.99,68,110771.32,6190.16,0.0,113,5.0,5,0,No Complaint,383.32,4,2,4,1,1,2024-12-25,0.029,12-24 Months,High Value,0,Dormant
CUST03689,Male,22,Single,Tier 3,Mobile,Debit Card,Electronics,2024-08-01,5,0.6,3650.51,3,10951.53,2190.31,0.0,79,2.7,4,0,No Complaint,47.34,3,1,2,3,1,2024-12-09,0.333,3-6 Months,Mid Value,0,At Risk
CUST03690,Male,50,Married,Tier 2,Mobile,COD,Home & Kitchen,2022-06-30,30,3.3,1530.53,99,151522.47,5050.75,121218.0,152,2.2,3,0,No Complaint,79.77,3,1,1,1,0,,0.01,24+ Months,High Value,0,Dormant
CUST03691,Female,22,Single,Tier 2,Mobile,UPI,Electronics,2021-12-29,36,3.8,743.57,137,101869.09,2825.57,67813.68,148,6.4,3,3,Yes,3.68,3,7,8,0,0,,0.051,24+ Months,High Value,0,Dormant
CUST03692,Male,55,Married,Tier 2,Desktop,UPI,Fashion,2024-07-01,6,3.2,1959.13,19,37223.47,6269.22,0.0,59,3.3,2,2,Yes,565.72,3,1,7,1,1,2024-08-19,0.053,3-6 Months,High Value,0,Slipping
CUST03693,Female,51,Married,Tier 1,Desktop,COD,Fashion,2024-12-01,1,4.7,407.32,5,2036.6,1914.4,0.0,150,4.3,4,0,No Complaint,122.82,1,0,5,4,1,2024-12-29,0.0,0-3 Months,Mid Value,0,Dormant
CUST03694,Male,43,Married,Tier 3,Mobile,UPI,Fashion,2021-12-29,36,1.3,616.83,47,28991.01,801.88,19245.12,62,1.0,3,0,No Complaint,4.24,4,5,16,5,0,,0.106,24+ Months,Low Value,0,At Risk
CUST03695,Male,18,Single,Tier 3,Mobile,COD,Home & Kitchen,2021-12-29,36,2.0,1749.07,72,125933.04,3498.14,83955.36,112,1.4,3,0,No Complaint,52.07,3,4,5,6,0,,0.056,24+ Months,High Value,0,Dormant
CUST03696,Male,21,Single,Tier 1,Mobile,UPI,Grocery,2024-12-01,1,0.5,566.44,1,566.44,283.22,0.0,35,5.0,5,3,Yes,380.54,3,0,5,3,1,2024-12-25,0.0,0-3 Months,Low Value,0,Slipping
CUST03697,Female,56,Single,Tier 3,Desktop,Credit Card,Grocery,2024-12-01,1,0.5,934.9,1,934.9,467.45,0.0,48,6.5,3,1,Yes,84.8,1,0,9,4,1,2024-12-12,0.0,0-3 Months,Low Value,0,Slipping
CUST03698,Female,43,Single,Tier 3,Desktop,UPI,Grocery,2022-06-30,30,2.6,549.61,78,42869.58,1428.99,34295.76,81,3.3,5,0,No Complaint,210.47,2,8,1,1,0,,0.103,24+ Months,Mid Value,0,At Risk
CUST03699,Female,50,Married,Tier 1,Desktop,Debit Card,Grocery,2024-07-01,6,2.1,772.05,13,10036.65,1621.3,38911.2,57,7.4,5,1,Yes,171.28,4,1,3,4,0,,0.077,3-6 Months,Mid Value,0,Slipping
CUST03700,Male,50,Single,Tier 2,Desktop,Debit Card,Beauty,2021-12-29,36,0.5,855.37,18,15396.66,427.68,10264.32,24,6.8,5,5,No,114.94,0,4,14,6,0,,0.222,24+ Months,Low Value,1,Active
CUST03701,Female,25,Single,Tier 1,Desktop,UPI,Grocery,2024-08-31,4,0.7,1248.8,3,3746.4,874.16,0.0,87,6.1,1,2,Yes,322.39,5,0,1,2,1,2024-10-14,0.0,3-6 Months,Mid Value,0,At Risk
CUST03702,Female,37,Single,Tier 1,Desktop,Credit Card,Home & Kitchen,2022-06-30,30,1.1,1008.27,33,33272.91,1109.1,26618.4,92,6.5,5,0,No Complaint,7.41,4,3,14,4,0,,0.091,24+ Months,Mid Value,0,Dormant
CUST03703,Male,33,Married,Tier 2,Mobile,Wallet,Sports,2024-12-01,1,3.2,1481.03,3,4443.09,4739.3,113743.2,29,6.9,3,2,Yes,438.34,2,0,8,3,0,,0.0,0-3 Months,High Value,0,Active
CUST03704,Female,38,Married,Tier 1,Mobile,Credit Card,Sports,2024-08-01,5,2.4,1181.43,12,14177.16,2835.43,0.0,32,3.6,3,2,Yes,227.89,1,2,13,3,1,2024-09-07,0.167,3-6 Months,High Value,0,Slipping
CUST03705,Female,62,Single,Tier 3,Desktop,COD,Grocery,2021-12-29,36,0.5,780.63,18,14051.34,390.32,9367.68,6,3.6,5,0,No Complaint,358.74,4,2,1,7,0,,0.111,24+ Months,Low Value,0,Active
CUST03706,Female,43,Married,Tier 3,Desktop,Net Banking,Home & Kitchen,2024-08-31,4,3.6,586.11,14,8205.54,2110.0,50640.0,6,5.8,3,3,No,3.07,4,0,10,5,0,,0.0,3-6 Months,Mid Value,1,Active
CUST03707,Female,40,Married,Tier 1,Mobile,Wallet,Electronics,2024-10-01,3,0.8,473.33,2,946.66,378.66,9087.84,65,2.3,4,3,Yes,15.95,5,0,12,7,0,,0.0,0-3 Months,Low Value,0,At Risk
CUST03708,Male,35,Single,Tier 2,Mobile,Net Banking,Home & Kitchen,2022-06-30,30,2.8,150.0,84,12600.0,420.0,10080.0,27,5.1,3,1,No,41.49,2,2,1,4,0,,0.024,24+ Months,Low Value,1,Active
CUST03709,Male,48,Married,Tier 3,Mobile,UPI,Home & Kitchen,2024-10-31,2,0.5,828.35,1,828.35,414.18,0.0,165,5.3,3,1,Yes,162.06,2,0,10,4,1,2024-11-15,0.0,0-3 Months,Low Value,0,Dormant
CUST03710,Female,59,Married,Tier 3,Mobile,Wallet,Home & Kitchen,2024-10-31,2,15.0,403.37,30,12101.1,6050.55,0.0,36,5.8,4,0,No Complaint,17.46,4,2,5,2,1,2024-11-06,0.067,0-3 Months,High Value,0,Slipping
CUST03711,Male,29,Single,Tier 3,Mobile,COD,Home & Kitchen,2024-07-01,6,0.5,486.24,3,1458.72,243.12,5834.88,12,5.5,5,2,Yes,482.69,2,0,1,5,0,,0.0,3-6 Months,Low Value,0,Active
CUST03712,Female,18,Married,Tier 1,Mobile,COD,Electronics,2023-07-01,18,3.4,727.51,61,44378.11,2473.53,0.0,73,2.2,3,0,No Complaint,248.52,1,18,8,4,1,2023-11-27,0.295,12-24 Months,Mid Value,0,At Risk
CUST03713,Female,59,Single,Tier 2,Mobile,UPI,Fashion,2022-12-30,24,1.9,623.44,46,28678.24,1184.54,28428.96,35,1.4,3,1,Yes,296.67,5,8,2,4,0,,0.174,12-24 Months,Mid Value,0,Slipping
CUST03714,Female,26,Single,Tier 2,Mobile,Wallet,Electronics,2021-12-29,36,0.5,1317.28,18,23711.04,658.64,15807.36,12,4.6,1,0,No Complaint,157.81,5,5,27,3,0,,0.278,24+ Months,Low Value,0,Active
CUST03715,Female,20,Single,Tier 3,Desktop,COD,Beauty,2023-12-31,12,0.5,799.0,6,4794.0,399.5,0.0,135,8.9,3,0,No Complaint,179.43,1,0,31,6,1,2024-05-10,0.0,6-12 Months,Low Value,0,Dormant
CUST03716,Male,43,Married,Tier 1,Mobile,COD,Fashion,2024-05-01,8,1.1,2803.88,9,25234.92,3084.27,0.0,100,2.8,3,5,Yes,44.97,3,0,1,4,1,2024-06-20,0.0,6-12 Months,High Value,0,Dormant
CUST03717,Male,26,Married,Tier 3,Mobile,UPI,Electronics,2024-06-01,7,4.1,4170.7,29,120950.3,17099.87,0.0,11,3.9,1,1,Yes,433.51,3,0,1,2,1,2024-07-15,0.0,6-12 Months,High Value,0,Active
CUST03718,Male,59,Single,Tier 1,Mobile,UPI,Grocery,2022-06-30,30,0.5,724.68,15,10870.2,362.34,8696.16,84,5.0,4,2,Yes,188.41,5,1,6,6,0,,0.067,24+ Months,Low Value,0,At Risk
CUST03719,Male,33,Single,Tier 3,Mobile,Wallet,Grocery,2022-12-30,24,3.0,496.26,72,35730.72,1488.78,0.0,7,3.5,2,2,Yes,97.35,3,9,8,4,1,2024-09-06,0.125,12-24 Months,Mid Value,0,Active
CUST03720,Male,41,Married,Tier 2,Mobile,Credit Card,Home & Kitchen,2021-12-29,36,2.7,261.32,97,25348.04,705.56,16933.44,64,5.7,4,5,Yes,384.17,6,6,8,6,0,,0.062,24+ Months,Low Value,0,At Risk
CUST03721,Male,31,Single,Tier 2,Desktop,Credit Card,Grocery,2021-12-29,36,0.8,3227.5,29,93597.5,2582.0,61968.0,66,5.8,2,5,No,358.88,1,1,10,0,0,,0.034,24+ Months,High Value,1,At Risk
CUST03722,Female,20,Single,Tier 2,Desktop,COD,Beauty,2024-07-01,6,0.5,540.91,3,1622.73,270.46,6491.04,148,7.3,5,0,No Complaint,0.1,4,0,2,6,0,,0.0,3-6 Months,Low Value,0,Dormant
CUST03723,Female,51,Single,Tier 1,Mobile,UPI,Grocery,2024-01-31,11,6.2,615.11,68,41827.48,3813.68,0.0,132,5.5,3,4,Yes,465.86,5,5,3,1,1,2024-04-18,0.074,6-12 Months,High Value,0,Dormant
CUST03724,Male,50,Single,Tier 1,Mobile,Credit Card,Home & Kitchen,2023-07-01,18,0.9,550.18,16,8802.88,495.16,0.0,161,3.9,2,0,No Complaint,81.3,2,1,6,5,1,2023-09-16,0.062,12-24 Months,Low Value,0,Dormant
CUST03725,Male,41,Single,Tier 1,Mobile,Credit Card,Fashion,2024-10-01,3,0.5,714.32,2,1428.64,357.16,8571.84,26,6.1,5,1,No,98.72,4,0,1,2,0,,0.0,0-3 Months,Low Value,1,Active
CUST03726,Female,26,Single,Tier 1,Tablet,Credit Card,Fashion,2024-12-01,1,2.9,643.0,3,1929.0,1864.7,0.0,96,4.4,3,2,Yes,16.05,3,0,13,5,1,2024-12-06,0.0,0-3 Months,Mid Value,0,Dormant
CUST03727,Male,30,Single,Tier 1,Tablet,UPI,Home & Kitchen,2022-06-30,30,0.6,1601.6,18,28828.8,960.96,23063.04,4,3.8,5,3,Yes,378.05,1,7,12,3,0,,0.389,24+ Months,Mid Value,0,Active
CUST03728,Male,19,Married,Tier 3,Mobile,UPI,Beauty,2024-01-31,11,1.6,150.0,18,2700.0,240.0,0.0,148,3.8,3,1,Yes,139.46,2,1,9,4,1,2024-12-17,0.056,6-12 Months,Low Value,0,Dormant
CUST03729,Male,24,Single,Tier 2,Desktop,UPI,Grocery,2023-12-31,12,0.5,787.34,6,4724.04,393.67,9448.08,66,3.6,4,0,No Complaint,425.04,1,1,3,3,0,,0.167,6-12 Months,Low Value,0,At Risk
CUST03730,Female,38,Married,Tier 1,Desktop,Debit Card,Electronics,2023-12-31,12,12.4,1484.15,149,221138.35,18403.46,441683.04,13,6.5,3,1,Yes,273.21,4,8,7,3,0,,0.054,6-12 Months,High Value,0,Active
CUST03731,Male,36,Single,Tier 3,Desktop,Net Banking,Electronics,2022-12-30,24,1.5,553.76,36,19935.36,830.64,19935.36,59,6.4,4,0,No Complaint,410.87,5,5,1,5,0,,0.139,12-24 Months,Low Value,0,Slipping
CUST03732,Female,42,Married,Tier 2,Desktop,Credit Card,Grocery,2024-10-01,3,15.0,1355.36,45,60991.2,20330.4,487929.6,52,5.0,3,1,Yes,533.07,7,2,7,3,0,,0.044,0-3 Months,High Value,0,Slipping
CUST03733,Male,64,Married,Tier 3,Tablet,UPI,Fashion,2023-07-01,18,1.2,955.9,22,21029.8,1147.08,27529.92,138,3.7,4,2,No,390.73,3,4,1,8,0,,0.182,12-24 Months,Mid Value,1,Dormant
CUST03734,Male,39,Single,Tier 2,Mobile,UPI,Electronics,2024-03-01,10,1.1,543.23,11,5975.53,597.55,14341.2,23,4.8,4,2,No,42.39,2,1,2,2,0,,0.091,6-12 Months,Low Value,1,Active
CUST03735,Male,28,Married,Tier 1,Mobile,COD,Electronics,2021-12-29,36,6.2,252.51,223,56309.73,1565.56,0.0,100,3.2,3,0,No Complaint,13.08,3,30,3,6,1,2024-10-05,0.135,24+ Months,Mid Value,0,Dormant
CUST03736,Male,50,Married,Tier 2,Desktop,Wallet,Grocery,2024-01-31,11,1.0,1193.41,11,13127.51,1193.41,0.0,143,4.3,4,1,Yes,174.29,2,2,8,5,1,2024-09-24,0.182,6-12 Months,Mid Value,0,Dormant
CUST03737,Female,49,Single,Tier 2,Desktop,Credit Card,Grocery,2021-12-29,36,1.4,1121.94,50,56097.0,1570.72,37697.28,133,1.8,4,0,No Complaint,30.33,2,5,2,4,0,,0.1,24+ Months,Mid Value,0,Dormant
CUST03738,Female,38,Married,Tier 1,Desktop,UPI,Sports,2024-06-01,7,0.5,534.62,4,2138.48,267.31,0.0,168,4.3,4,2,Yes,357.94,3,1,1,5,1,2024-12-11,0.25,6-12 Months,Low Value,0,Dormant
CUST03739,Female,56,Single,Tier 1,Mobile,Debit Card,Grocery,2021-12-29,36,7.8,1528.31,281,429455.11,11920.82,286099.68,1,6.1,4,0,No Complaint,530.3,1,68,5,5,0,,0.242,24+ Months,High Value,0,Active
CUST03740,Female,37,Single,Tier 1,Mobile,COD,Home & Kitchen,2022-06-30,30,0.5,639.35,15,9590.25,319.68,0.0,64,3.5,1,3,No,23.27,3,3,11,3,1,2024-01-28,0.2,24+ Months,Low Value,1,At Risk
CUST03741,Female,25,Married,Tier 1,Mobile,Credit Card,Grocery,2023-07-01,18,3.7,1852.15,67,124094.05,6852.96,164471.04,67,6.4,4,0,No Complaint,48.42,1,5,4,5,0,,0.075,12-24 Months,High Value,0,At Risk
CUST03742,Female,59,Single,Tier 2,Mobile,Debit Card,Grocery,2024-06-01,7,1.9,1109.98,13,14429.74,2108.96,50615.04,6,5.6,5,0,No Complaint,176.66,3,2,16,2,0,,0.154,6-12 Months,Mid Value,0,Active
CUST03743,Female,54,Married,Tier 2,Mobile,COD,Fashion,2024-06-01,7,0.5,2530.06,4,10120.24,1265.03,0.0,147,5.3,4,2,Yes,232.55,5,1,23,5,1,2024-12-12,0.25,6-12 Months,Mid Value,0,Dormant
CUST03744,Male,26,Married,Tier 1,Tablet,Wallet,Fashion,2022-12-30,24,0.5,1157.61,12,13891.32,578.8,13891.2,124,3.5,4,0,No Complaint,129.25,3,1,10,4,0,,0.083,12-24 Months,Low Value,0,Dormant
CUST03745,Male,42,Married,Tier 2,Mobile,UPI,Grocery,2023-07-01,18,6.9,915.63,124,113538.12,6317.85,151628.4,95,2.9,4,0,No Complaint,82.89,3,10,13,5,0,,0.081,12-24 Months,High Value,0,Dormant
CUST03746,Male,42,Married,Tier 2,Desktop,Wallet,Electronics,2024-05-01,8,3.4,240.04,27,6481.08,816.14,19587.36,73,6.3,4,1,Yes,65.76,3,4,6,1,0,,0.148,6-12 Months,Low Value,0,At Risk
CUST03747,Female,50,Married,Tier 1,Mobile,Credit Card,Beauty,2023-07-01,18,2.9,932.22,52,48475.44,2703.44,64882.56,161,2.4,5,0,No Complaint,197.37,3,19,7,3,0,,0.365,12-24 Months,High Value,0,Dormant
CUST03748,Male,19,Single,Tier 1,Desktop,COD,Grocery,2022-12-30,24,1.4,759.41,34,25819.94,1063.17,25516.08,48,3.8,1,0,No Complaint,245.66,1,12,1,8,0,,0.353,12-24 Months,Mid Value,0,Slipping
CUST03749,Male,36,Single,Tier 1,Mobile,Debit Card,Home & Kitchen,2024-12-01,1,0.7,2781.13,1,2781.13,1946.79,0.0,60,4.9,1,0,No Complaint,61.35,2,0,6,3,1,2024-12-19,0.0,0-3 Months,Mid Value,0,Slipping
CUST03750,Female,63,Married,Tier 2,Desktop,Credit Card,Sports,2024-10-31,2,2.8,1042.55,6,6255.3,2919.14,0.0,171,8.8,5,0,No Complaint,71.01,4,1,6,3,1,2024-11-28,0.167,0-3 Months,High Value,0,Dormant
CUST03751,Female,37,Married,Tier 1,Mobile,Debit Card,Fashion,2024-10-31,2,2.3,1552.71,5,7763.55,3571.23,0.0,12,5.8,3,1,No,110.94,1,0,7,7,1,2024-12-13,0.0,0-3 Months,High Value,1,Active
CUST03752,Female,59,Married,Tier 2,Mobile,Credit Card,Electronics,2024-08-31,4,3.2,2398.79,13,31184.27,7676.13,184227.12,140,3.3,4,0,No Complaint,107.68,3,1,2,3,0,,0.077,3-6 Months,High Value,0,Dormant
CUST03753,Male,58,Married,Tier 2,Mobile,UPI,Grocery,2024-04-01,9,1.1,2293.11,10,22931.1,2522.42,0.0,129,4.5,4,1,Yes,332.88,3,0,4,1,1,2024-09-13,0.0,6-12 Months,Mid Value,0,Dormant
CUST03754,Female,59,Single,Tier 2,Mobile,Credit Card,Electronics,2022-06-30,30,10.8,844.8,324,273715.2,9123.84,0.0,162,4.1,4,1,No,103.38,2,44,24,1,1,2024-11-30,0.136,24+ Months,High Value,1,Dormant
CUST03755,Male,46,Married,Tier 1,Desktop,Debit Card,Fashion,2024-06-01,7,0.5,3984.82,4,15939.28,1992.41,0.0,17,5.1,4,4,Yes,690.39,3,1,15,3,1,2024-11-08,0.25,6-12 Months,Mid Value,0,Active
CUST03756,Male,23,Married,Tier 1,Desktop,UPI,Beauty,2024-12-01,1,0.5,630.01,1,630.01,315.0,0.0,174,6.3,4,0,No Complaint,67.04,1,0,5,3,1,2024-12-11,0.0,0-3 Months,Low Value,0,Dormant
CUST03757,Male,34,Married,Tier 2,Tablet,Wallet,Sports,2024-03-01,10,6.2,2278.66,62,141276.92,14127.69,0.0,6,3.4,4,4,Yes,212.46,2,7,4,5,1,2024-05-17,0.113,6-12 Months,High Value,0,Active
CUST03758,Male,42,Single,Tier 3,Desktop,UPI,Beauty,2021-12-29,36,2.6,532.4,94,50045.6,1384.24,33221.76,61,4.9,4,0,No Complaint,256.08,2,10,12,4,0,,0.106,24+ Months,Mid Value,0,At Risk
CUST03759,Male,55,Married,Tier 3,Tablet,Credit Card,Grocery,2024-06-01,7,1.0,1639.29,7,11475.03,1639.29,39342.96,16,6.3,5,2,No,179.16,2,1,4,5,0,,0.143,6-12 Months,Mid Value,1,Active
CUST03760,Female,21,Single,Tier 2,Desktop,UPI,Electronics,2021-12-29,36,3.6,457.3,130,59449.0,1646.28,0.0,10,2.3,2,0,No Complaint,82.32,3,30,7,2,1,2024-06-16,0.231,24+ Months,Mid Value,0,Active
CUST03761,Male,47,Married,Tier 2,Mobile,Debit Card,Grocery,2024-10-31,2,1.5,1384.53,3,4153.59,2076.8,0.0,173,4.3,3,5,Yes,53.57,6,1,16,4,1,2024-11-04,0.333,0-3 Months,Mid Value,0,Dormant
CUST03762,Female,37,Single,Tier 2,Mobile,UPI,Electronics,2024-10-01,3,0.5,493.86,2,987.72,246.93,0.0,129,3.8,3,2,Yes,166.87,4,1,2,4,1,2024-11-30,0.5,0-3 Months,Low Value,0,Dormant
CUST03763,Male,20,Single,Tier 3,Mobile,Credit Card,Grocery,2022-12-30,24,2.6,434.54,62,26941.48,1129.8,27115.2,91,4.5,4,0,No Complaint,193.46,2,4,11,3,0,,0.065,12-24 Months,Mid Value,0,Dormant
CUST03764,Male,40,Single,Tier 1,Mobile,UPI,Fashion,2024-01-31,11,0.7,456.5,8,3652.0,319.55,7669.2,20,1.0,3,0,No Complaint,53.62,3,1,48,4,0,,0.125,6-12 Months,Low Value,0,Active
CUST03765,Male,35,Single,Tier 3,Mobile,UPI,Home & Kitchen,2022-12-30,24,0.5,1272.3,12,15267.6,636.15,0.0,95,3.2,3,1,Yes,73.84,3,5,1,3,1,2024-03-26,0.417,12-24 Months,Low Value,0,Dormant
CUST03766,Male,43,Married,Tier 2,Mobile,COD,Beauty,2022-06-30,30,0.6,1269.2,18,22845.6,761.52,18276.48,58,1.0,1,1,Yes,356.57,1,0,1,4,0,,0.0,24+ Months,Low Value,0,Slipping
CUST03767,Female,53,Single,Tier 2,Desktop,Debit Card,Beauty,2024-08-01,5,1.6,1265.39,8,10123.12,2024.62,48590.88,49,2.6,5,1,Yes,299.42,2,1,10,6,0,,0.125,3-6 Months,Mid Value,0,Slipping
CUST03768,Male,25,Married,Tier 1,Mobile,Credit Card,Sports,2022-12-30,24,0.5,1048.31,12,12579.72,524.16,12579.84,111,4.7,3,0,No Complaint,36.55,5,1,5,3,0,,0.083,12-24 Months,Low Value,0,Dormant
CUST03769,Male,34,Married,Tier 2,Mobile,UPI,Electronics,2023-07-01,18,5.4,639.81,97,62061.57,3454.97,0.0,142,5.2,3,2,No,487.51,2,16,2,5,1,2024-05-06,0.165,12-24 Months,High Value,1,Dormant
CUST03770,Male,48,Single,Tier 2,Desktop,Net Banking,Fashion,2022-06-30,30,2.1,541.86,63,34137.18,1137.91,27309.84,80,3.8,4,0,No Complaint,178.01,4,7,6,6,0,,0.111,24+ Months,Mid Value,0,At Risk
CUST03771,Female,54,Married,Tier 1,Desktop,UPI,Home & Kitchen,2024-04-01,9,0.9,435.05,8,3480.4,391.54,0.0,89,1.0,2,0,No Complaint,123.6,4,1,18,4,1,2024-08-19,0.125,6-12 Months,Low Value,0,At Risk
CUST03772,Female,62,Married,Tier 1,Tablet,Wallet,Sports,2024-12-01,1,2.9,417.18,3,1251.54,1209.82,29035.68,117,3.4,3,0,No Complaint,40.36,1,0,6,5,0,,0.0,0-3 Months,Mid Value,0,Dormant
CUST03773,Male,50,Married,Tier 3,Mobile,Credit Card,Grocery,2023-12-31,12,4.1,2098.8,49,102841.2,8605.08,206521.92,23,2.2,4,0,No Complaint,235.81,6,15,23,6,0,,0.306,6-12 Months,High Value,0,Active
CUST03774,Female,44,Married,Tier 2,Mobile,Credit Card,Fashion,2021-12-29,36,2.4,427.87,86,36796.82,1026.89,0.0,149,4.0,4,0,No Complaint,456.43,0,21,7,2,1,2022-04-23,0.244,24+ Months,Mid Value,0,Dormant
CUST03775,Female,62,Single,Tier 2,Mobile,COD,Beauty,2024-12-01,1,0.6,467.55,1,467.55,280.53,0.0,150,4.7,4,1,Yes,12.09,2,0,2,2,1,2024-12-12,0.0,0-3 Months,Low Value,0,Dormant
CUST03776,Female,21,Married,Tier 1,Mobile,Net Banking,Fashion,2024-08-01,5,0.5,446.43,2,892.86,223.22,0.0,97,1.6,4,2,Yes,132.39,2,0,15,4,1,2024-12-08,0.0,3-6 Months,Low Value,0,Dormant
CUST03777,Female,39,Single,Tier 2,Mobile,Credit Card,Grocery,2024-07-01,6,4.9,354.71,29,10286.59,1738.08,41713.92,34,3.8,3,0,No Complaint,377.4,3,10,4,1,0,,0.345,3-6 Months,Mid Value,0,Slipping
CUST03778,Female,43,Married,Tier 2,Mobile,Credit Card,Fashion,2022-12-30,24,0.7,1111.27,17,18891.59,777.89,18669.36,90,1.0,5,1,No,548.55,2,3,7,3,0,,0.176,12-24 Months,Low Value,1,At Risk
CUST03779,Female,49,Married,Tier 2,Tablet,Credit Card,Home & Kitchen,2024-07-01,6,0.5,616.99,3,1850.97,308.5,0.0,19,4.2,2,0,No Complaint,13.48,1,1,4,4,1,2024-07-19,0.333,3-6 Months,Low Value,0,Active
CUST03780,Female,41,Single,Tier 2,Mobile,Net Banking,Electronics,2024-08-31,4,2.6,800.58,10,8005.8,2081.51,0.0,137,4.1,4,4,Yes,281.82,2,1,4,2,1,2024-10-09,0.1,3-6 Months,Mid Value,0,Dormant
CUST03781,Male,63,Married,Tier 2,Mobile,Debit Card,Home & Kitchen,2023-07-01,18,0.5,827.51,9,7447.59,413.76,9930.24,56,1.8,5,1,Yes,59.48,4,1,2,2,0,,0.111,12-24 Months,Low Value,0,Slipping
CUST03782,Male,52,Single,Tier 2,Mobile,UPI,Electronics,2024-12-01,1,11.8,1098.9,12,13186.8,12967.02,311208.48,56,1.9,3,1,Yes,140.36,1,1,8,4,0,,0.083,0-3 Months,High Value,0,Slipping
CUST03783,Male,54,Single,Tier 1,Desktop,UPI,Electronics,2024-10-01,3,5.1,963.81,15,14457.15,4915.43,0.0,170,7.7,2,1,Yes,275.62,1,2,3,6,1,2024-11-29,0.133,0-3 Months,High Value,0,Dormant
CUST03784,Female,49,Married,Tier 3,Mobile,UPI,Sports,2024-05-01,8,2.3,2056.29,18,37013.22,4729.47,113507.28,76,5.1,4,0,No Complaint,141.8,1,2,3,4,0,,0.111,6-12 Months,High Value,0,At Risk
CUST03785,Female,24,Married,Tier 2,Mobile,UPI,Fashion,2024-06-01,7,4.5,562.54,32,18001.28,2531.43,0.0,142,3.2,3,0,No Complaint,20.99,4,7,2,3,1,2024-09-24,0.219,6-12 Months,Mid Value,0,Dormant
CUST03786,Male,50,Single,Tier 1,Mobile,UPI,Grocery,2024-06-01,7,1.6,593.19,11,6525.09,949.1,0.0,115,3.9,5,1,No,160.72,1,1,3,4,1,2024-06-10,0.091,6-12 Months,Mid Value,1,Dormant
CUST03787,Female,48,Single,Tier 2,Mobile,Debit Card,Electronics,2024-10-31,2,3.9,843.66,8,6749.28,3290.27,78966.48,57,2.4,3,3,Yes,22.56,3,2,14,5,0,,0.25,0-3 Months,High Value,0,Slipping
CUST03788,Male,29,Married,Tier 3,Mobile,UPI,Beauty,2024-06-01,7,2.6,852.95,18,15353.1,2217.67,53224.08,23,4.9,3,0,No Complaint,76.83,6,1,25,6,0,,0.056,6-12 Months,Mid Value,0,Active
CUST03789,Male,28,Single,Tier 1,Mobile,Credit Card,Fashion,2022-06-30,30,0.5,317.97,15,4769.55,158.99,0.0,143,4.3,5,1,Yes,147.05,2,5,5,5,1,2022-08-27,0.333,24+ Months,Low Value,0,Dormant
CUST03790,Female,41,Single,Tier 1,Mobile,Debit Card,Electronics,2024-05-01,8,7.4,297.78,59,17569.02,2203.57,52885.68,137,5.8,3,1,Yes,856.39,4,9,11,1,0,,0.153,6-12 Months,Mid Value,0,Dormant
CUST03791,Male,25,Married,Tier 2,Desktop,UPI,Beauty,2023-07-01,18,4.9,813.59,88,71595.92,3986.59,95678.16,31,6.3,5,1,No,233.65,3,18,19,2,0,,0.205,12-24 Months,High Value,1,Slipping
CUST03792,Male,49,Married,Tier 1,Mobile,UPI,Electronics,2024-10-01,3,7.7,2368.61,23,54478.03,18238.3,437719.2,45,6.9,3,1,Yes,65.05,3,0,2,6,0,,0.0,0-3 Months,High Value,0,Slipping
CUST03793,Female,55,Single,Tier 3,Desktop,UPI,Fashion,2024-12-01,1,3.3,2538.5,3,7615.5,8377.05,0.0,138,6.0,5,0,No Complaint,376.55,3,1,1,8,1,2024-12-12,0.333,0-3 Months,High Value,0,Dormant
CUST03794,Female,39,Married,Tier 1,Mobile,UPI,Beauty,2022-06-30,30,1.3,410.74,39,16018.86,533.96,0.0,177,4.1,3,1,Yes,46.15,1,13,2,3,1,2024-10-28,0.333,24+ Months,Low Value,0,Dormant
CUST03795,Male,51,Single,Tier 3,Mobile,COD,Grocery,2024-07-01,6,0.6,664.24,4,2656.96,398.54,0.0,152,2.1,3,0,No Complaint,87.21,3,0,18,2,1,2024-09-12,0.0,3-6 Months,Low Value,0,Dormant
CUST03796,Female,36,Single,Tier 1,Mobile,Debit Card,Fashion,2024-06-01,7,0.5,1006.03,4,4024.12,503.02,0.0,123,4.0,4,1,Yes,187.44,1,0,3,4,1,2024-06-20,0.0,6-12 Months,Low Value,0,Dormant
CUST03797,Male,37,Married,Tier 1,Mobile,UPI,Grocery,2022-06-30,30,0.5,1110.7,15,16660.5,555.35,13328.4,164,4.4,3,0,No Complaint,95.15,5,3,6,6,0,,0.2,24+ Months,Low Value,0,Dormant
CUST03798,Male,31,Married,Tier 3,Mobile,Credit Card,Home & Kitchen,2022-12-30,24,0.6,454.17,14,6358.38,272.5,6540.0,52,5.2,3,0,No Complaint,235.4,2,3,27,3,0,,0.214,12-24 Months,Low Value,0,Slipping
CUST03799,Male,50,Single,Tier 2,Mobile,UPI,Fashion,2022-12-30,24,2.0,2956.44,48,141909.12,5912.88,141909.12,2,3.5,3,0,No Complaint,189.28,3,4,5,1,0,,0.083,12-24 Months,High Value,0,Active
CUST03800,Female,27,Single,Tier 2,Desktop,Debit Card,Grocery,2022-12-30,24,2.9,602.34,70,42163.8,1746.79,41922.96,58,2.3,4,2,Yes,198.08,4,7,4,3,0,,0.1,12-24 Months,Mid Value,0,Slipping
CUST03801,Male,33,Single,Tier 1,Desktop,Debit Card,Beauty,2024-10-31,2,0.9,1162.38,2,2324.76,1046.14,0.0,174,5.0,5,0,No Complaint,98.13,2,0,20,5,1,2024-12-11,0.0,0-3 Months,Mid Value,0,Dormant
CUST03802,Female,21,Single,Tier 2,Desktop,Credit Card,Fashion,2021-12-29,36,2.0,713.02,72,51337.44,1426.04,34224.96,158,8.9,5,0,No Complaint,10.21,8,5,1,5,0,,0.069,24+ Months,Mid Value,0,Dormant
CUST03803,Female,44,Married,Tier 2,Mobile,UPI,Fashion,2021-12-29,36,1.0,715.48,36,25757.28,715.48,17171.52,10,7.1,4,0,No Complaint,371.03,1,5,10,5,0,,0.139,24+ Months,Low Value,0,Active
CUST03804,Female,45,Married,Tier 3,Mobile,UPI,Electronics,2024-08-31,4,3.0,1524.91,12,18298.92,4574.73,0.0,90,6.6,1,0,No Complaint,13.84,2,1,5,8,1,2024-12-19,0.083,3-6 Months,High Value,0,At Risk
CUST03805,Male,60,Married,Tier 3,Mobile,COD,Beauty,2022-06-30,30,11.2,1789.13,336,601147.68,20038.26,480918.24,15,3.8,3,1,Yes,112.26,3,94,12,4,0,,0.28,24+ Months,High Value,0,Active
CUST03806,Female,33,Married,Tier 2,Desktop,Net Banking,Fashion,2024-05-01,8,2.9,1445.95,23,33256.85,4193.26,100638.24,142,3.1,2,2,Yes,64.7,1,9,5,4,0,,0.391,6-12 Months,High Value,0,Dormant
CUST03807,Male,50,Married,Tier 2,Mobile,Wallet,Home & Kitchen,2022-12-30,24,0.5,483.85,12,5806.2,241.92,0.0,67,5.9,1,5,Yes,63.26,8,4,14,5,1,2023-04-01,0.333,12-24 Months,Low Value,0,At Risk
CUST03808,Male,36,Single,Tier 2,Mobile,UPI,Grocery,2024-10-01,3,1.6,350.05,5,1750.25,560.08,0.0,164,6.8,4,4,Yes,46.26,4,1,5,4,1,2024-12-18,0.2,0-3 Months,Low Value,0,Dormant
CUST03809,Male,38,Married,Tier 2,Desktop,COD,Electronics,2024-01-31,11,3.7,5780.36,41,236994.76,21387.33,513295.92,10,4.0,4,0,No Complaint,57.06,4,4,1,3,0,,0.098,6-12 Months,High Value,0,Active
CUST03810,Male,39,Married,Tier 1,Mobile,COD,Grocery,2024-10-31,2,2.0,1113.07,4,4452.28,2226.14,0.0,132,3.4,5,0,No Complaint,559.57,3,1,4,2,1,2024-12-08,0.25,0-3 Months,Mid Value,0,Dormant
CUST03811,Female,26,Single,Tier 1,Mobile,Wallet,Sports,2024-01-31,11,7.5,478.9,82,39269.8,3591.75,86202.0,72,3.5,5,0,No Complaint,643.94,1,6,1,7,0,,0.073,6-12 Months,High Value,0,At Risk
CUST03812,Male,26,Married,Tier 1,Mobile,UPI,Fashion,2024-08-01,5,0.5,1736.37,2,3472.74,868.18,20836.32,49,4.9,4,3,Yes,152.3,2,0,1,5,0,,0.0,3-6 Months,Low Value,0,Slipping
CUST03813,Male,26,Married,Tier 1,Mobile,COD,Electronics,2024-04-01,9,0.9,476.22,8,3809.76,428.6,0.0,93,4.4,5,0,No Complaint,133.87,5,1,2,4,1,2024-12-16,0.125,6-12 Months,Low Value,0,Dormant
CUST03814,Female,44,Single,Tier 1,Desktop,UPI,Grocery,2023-07-01,18,0.6,3561.35,11,39174.85,2136.81,51283.44,87,4.5,4,1,Yes,8.92,3,0,4,7,0,,0.0,12-24 Months,Mid Value,0,At Risk
CUST03815,Male,34,Single,Tier 2,Mobile,Debit Card,Fashion,2022-06-30,30,3.6,674.92,108,72891.36,2429.71,58313.04,63,6.7,5,1,Yes,293.09,3,15,1,3,0,,0.139,24+ Months,Mid Value,0,At Risk
CUST03816,Female,61,Married,Tier 3,Tablet,Credit Card,Fashion,2024-10-01,3,1.9,1637.98,6,9827.88,3112.16,74691.84,117,6.1,2,0,No Complaint,33.66,2,1,9,5,0,,0.167,0-3 Months,High Value,0,Dormant
CUST03817,Male,62,Married,Tier 2,Mobile,COD,Fashion,2021-12-29,36,0.5,870.07,18,15661.26,435.04,10440.96,119,4.2,2,1,Yes,27.69,3,0,8,2,0,,0.0,24+ Months,Low Value,0,Dormant
CUST03818,Female,25,Married,Tier 1,Mobile,Net Banking,Electronics,2024-05-01,8,0.8,308.93,6,1853.58,247.14,5931.36,14,4.5,4,0,No Complaint,99.32,2,0,13,5,0,,0.0,6-12 Months,Low Value,0,Active
CUST03819,Female,33,Single,Tier 1,Desktop,Credit Card,Fashion,2022-06-30,30,1.8,450.9,54,24348.6,811.62,0.0,107,6.3,2,1,Yes,76.86,3,5,2,3,1,2023-07-28,0.093,24+ Months,Low Value,0,Dormant
CUST03820,Male,35,Married,Tier 2,Mobile,Debit Card,Beauty,2024-01-31,11,13.9,524.64,153,80269.92,7292.5,175020.0,128,5.5,1,0,No Complaint,18.29,3,2,4,3,0,,0.013,6-12 Months,High Value,0,Dormant
CUST03821,Male,50,Single,Tier 1,Mobile,UPI,Sports,2022-06-30,30,1.1,555.92,33,18345.36,611.51,14676.24,14,7.5,2,0,No Complaint,28.82,4,8,9,3,0,,0.242,24+ Months,Low Value,0,Active
CUST03822,Male,18,Single,Tier 2,Mobile,Credit Card,Fashion,2023-07-01,18,0.5,1023.75,9,9213.75,511.88,0.0,118,5.7,4,0,No Complaint,876.85,4,1,4,7,1,2024-10-16,0.111,12-24 Months,Low Value,0,Dormant
CUST03823,Female,29,Single,Tier 3,Mobile,Credit Card,Electronics,2024-01-31,11,1.7,163.65,19,3109.35,278.2,0.0,144,5.0,5,2,No,238.93,3,8,4,4,1,2024-11-23,0.421,6-12 Months,Low Value,1,Dormant
CUST03824,Male,23,Married,Tier 1,Desktop,UPI,Fashion,2024-07-01,6,0.9,1028.64,5,5143.2,925.78,0.0,149,3.6,3,3,Yes,164.28,4,1,3,7,1,2024-11-19,0.2,3-6 Months,Mid Value,0,Dormant
CUST03825,Male,58,Single,Tier 1,Desktop,Net Banking,Fashion,2021-12-29,36,2.1,225.19,76,17114.44,472.9,11349.6,8,1.7,5,3,Yes,65.13,4,1,5,3,0,,0.013,24+ Months,Low Value,0,Active
CUST03826,Male,22,Single,Tier 2,Desktop,UPI,Electronics,2022-06-30,30,1.6,1153.5,48,55368.0,1845.6,44294.4,125,6.4,5,0,No Complaint,100.69,1,2,4,1,0,,0.042,24+ Months,Mid Value,0,Dormant
CUST03827,Male,33,Single,Tier 3,Desktop,Debit Card,Electronics,2024-05-01,8,2.9,512.66,23,11791.18,1486.71,35681.04,143,6.4,3,0,No Complaint,177.99,2,1,6,3,0,,0.043,6-12 Months,Mid Value,0,Dormant
CUST03828,Male,35,Single,Tier 3,Mobile,Net Banking,Home & Kitchen,2024-10-01,3,6.1,986.57,18,17758.26,6018.08,144433.92,72,7.0,4,0,No Complaint,276.08,4,2,35,6,0,,0.111,0-3 Months,High Value,0,At Risk
CUST03829,Female,35,Single,Tier 3,Mobile,Net Banking,Electronics,2022-12-30,24,0.6,352.92,14,4940.88,211.75,0.0,98,2.3,5,1,No,526.75,3,3,5,2,1,2023-02-10,0.214,12-24 Months,Low Value,1,Dormant
CUST03830,Male,18,Married,Tier 1,Desktop,COD,Electronics,2021-12-29,36,4.3,577.94,155,89580.7,2485.14,59643.36,48,5.2,5,0,No Complaint,23.56,1,20,12,5,0,,0.129,24+ Months,Mid Value,0,Slipping
CUST03831,Male,36,Married,Tier 3,Tablet,UPI,Fashion,2024-08-01,5,7.5,214.33,38,8144.54,1607.48,38579.52,56,3.3,3,0,No Complaint,38.29,5,5,9,6,0,,0.132,3-6 Months,Mid Value,0,Slipping
CUST03832,Female,25,Married,Tier 1,Mobile,COD,Fashion,2021-12-29,36,1.2,375.27,43,16136.61,450.32,10807.68,90,4.3,3,0,No Complaint,150.9,7,16,7,4,0,,0.372,24+ Months,Low Value,0,At Risk
CUST03833,Female,20,Married,Tier 1,Mobile,UPI,Home & Kitchen,2024-10-31,2,0.5,2394.67,1,2394.67,1197.34,28736.16,28,1.7,5,1,Yes,501.95,2,0,11,7,0,,0.0,0-3 Months,Mid Value,0,Active
CUST03834,Male,42,Single,Tier 3,Mobile,Net Banking,Fashion,2021-12-29,36,4.3,2439.35,155,378099.25,10489.2,251740.8,67,3.3,4,0,No Complaint,108.44,2,13,8,9,0,,0.084,24+ Months,High Value,0,At Risk
CUST03835,Male,22,Married,Tier 3,Mobile,COD,Sports,2022-12-30,24,3.0,375.8,72,27057.6,1127.4,0.0,54,4.3,2,4,No,180.9,4,3,1,4,1,2024-04-03,0.042,12-24 Months,Mid Value,1,Slipping
CUST03836,Male,57,Single,Tier 1,Mobile,COD,Fashion,2024-06-01,7,0.6,708.4,4,2833.6,425.04,10200.96,43,5.2,3,2,Yes,62.6,4,1,11,8,0,,0.25,6-12 Months,Low Value,0,Slipping
CUST03837,Female,36,Married,Tier 1,Mobile,UPI,Grocery,2024-07-01,6,1.5,1237.47,9,11137.23,1856.2,44548.8,87,5.8,4,0,No Complaint,300.59,4,0,19,0,0,,0.0,3-6 Months,Mid Value,0,At Risk
CUST03838,Male,35,Married,Tier 1,Mobile,Debit Card,Sports,2023-07-01,18,2.2,949.88,40,37995.2,2089.74,0.0,151,7.4,2,0,No Complaint,167.32,5,10,13,1,1,2024-01-09,0.25,12-24 Months,Mid Value,0,Dormant
CUST03839,Female,48,Married,Tier 1,Desktop,COD,Fashion,2023-07-01,18,0.5,599.96,9,5399.64,299.98,7199.52,44,4.3,4,0,No Complaint,86.57,3,2,4,4,0,,0.222,12-24 Months,Low Value,0,Slipping
CUST03840,Female,50,Single,Tier 1,Desktop,Net Banking,Electronics,2021-12-29,36,3.1,301.88,112,33810.56,935.83,22459.92,119,3.7,4,0,No Complaint,140.8,3,11,19,5,0,,0.098,24+ Months,Mid Value,0,Dormant
CUST03841,Male,64,Single,Tier 3,Tablet,UPI,Beauty,2022-12-30,24,2.9,1658.92,70,116124.4,4810.87,115460.88,46,5.1,3,0,No Complaint,213.6,3,13,1,2,0,,0.186,12-24 Months,High Value,0,Slipping
CUST03842,Male,35,Single,Tier 2,Mobile,Wallet,Fashion,2023-12-31,12,5.5,629.24,66,41529.84,3460.82,83059.68,26,5.0,3,1,Yes,43.23,1,5,4,5,0,,0.076,6-12 Months,High Value,0,Active
CUST03843,Male,56,Married,Tier 3,Mobile,UPI,Beauty,2021-12-29,36,2.1,283.77,76,21566.52,595.92,14302.08,169,2.5,5,1,No,75.19,3,8,1,8,0,,0.105,24+ Months,Low Value,1,Dormant
CUST03844,Male,33,Married,Tier 3,Mobile,Debit Card,Fashion,2023-07-01,18,2.1,869.89,38,33055.82,1826.77,43842.48,114,2.3,4,0,No Complaint,51.91,4,6,4,3,0,,0.158,12-24 Months,Mid Value,0,Dormant
CUST03845,Male,33,Married,Tier 2,Mobile,Debit Card,Fashion,2022-06-30,30,2.4,705.92,72,50826.24,1694.21,40661.04,19,8.6,4,1,Yes,580.12,1,7,1,3,0,,0.097,24+ Months,Mid Value,0,Active
CUST03846,Female,64,Single,Tier 3,Mobile,UPI,Fashion,2022-06-30,30,0.8,628.89,24,15093.36,503.11,0.0,114,5.0,4,4,Yes,7.91,2,1,11,2,1,2023-05-25,0.042,24+ Months,Low Value,0,Dormant
CUST03847,Female,55,Married,Tier 2,Desktop,UPI,Home & Kitchen,2021-12-29,36,3.6,981.02,130,127532.6,3531.67,84760.08,32,5.9,3,1,No,10.46,1,7,3,7,0,,0.054,24+ Months,High Value,1,Slipping
CUST03848,Female,58,Married,Tier 1,Mobile,COD,Fashion,2024-12-01,1,2.7,773.56,3,2320.68,2088.61,0.0,159,5.5,4,4,No,79.14,4,0,6,5,1,2024-12-20,0.0,0-3 Months,Mid Value,1,Dormant
CUST03849,Female,24,Single,Tier 2,Tablet,Credit Card,Fashion,2023-07-01,18,4.6,1968.27,83,163366.41,9054.04,217296.96,45,5.4,4,0,No Complaint,139.0,5,4,7,1,0,,0.048,12-24 Months,High Value,0,Slipping
CUST03850,Male,31,Single,Tier 2,Desktop,UPI,Grocery,2024-03-01,10,3.7,473.78,37,17529.86,1752.99,0.0,145,6.8,1,0,No Complaint,71.79,3,1,3,2,1,2024-10-30,0.027,6-12 Months,Mid Value,0,Dormant
CUST03851,Male,60,Married,Tier 3,Desktop,COD,Electronics,2024-03-01,10,2.5,523.44,25,13086.0,1308.6,0.0,36,8.5,2,1,Yes,350.0,8,4,2,4,1,2024-11-12,0.16,6-12 Months,Mid Value,0,Slipping
CUST03852,Male,42,Married,Tier 3,Desktop,COD,Electronics,2024-04-01,9,0.5,1540.86,4,6163.44,770.43,18490.32,100,5.5,4,3,Yes,33.41,6,0,6,4,0,,0.0,6-12 Months,Low Value,0,Dormant
CUST03853,Female,49,Single,Tier 2,Mobile,Debit Card,Fashion,2022-06-30,30,6.3,5149.9,189,973331.1,32444.37,778664.88,164,4.7,3,0,No Complaint,81.64,2,16,2,1,0,,0.085,24+ Months,High Value,0,Dormant
CUST03854,Female,55,Single,Tier 3,Desktop,UPI,Beauty,2024-07-01,6,1.1,4615.62,7,32309.34,5077.18,121852.32,53,6.3,5,5,Yes,120.48,4,1,1,3,0,,0.143,3-6 Months,High Value,0,Slipping
CUST03855,Female,39,Married,Tier 1,Mobile,UPI,Grocery,2024-03-01,10,8.3,1498.66,83,124388.78,12438.88,0.0,15,4.1,2,1,No,40.65,3,16,11,6,1,2024-05-17,0.193,6-12 Months,High Value,1,Active
CUST03856,Male,33,Single,Tier 3,Desktop,COD,Electronics,2024-08-31,4,1.3,702.48,5,3512.4,913.22,0.0,99,2.3,3,0,No Complaint,61.67,6,0,3,5,1,2024-12-31,0.0,3-6 Months,Mid Value,0,Dormant
CUST03857,Male,46,Single,Tier 2,Mobile,Debit Card,Fashion,2024-08-01,5,0.5,617.8,2,1235.6,308.9,7413.6,31,5.7,5,0,No Complaint,530.14,2,0,5,6,0,,0.0,3-6 Months,Low Value,0,Slipping
CUST03858,Female,33,Married,Tier 1,Mobile,Debit Card,Grocery,2023-07-01,18,5.4,684.74,97,66419.78,3697.6,88742.4,131,2.9,4,0,No Complaint,132.2,5,8,19,3,0,,0.082,12-24 Months,High Value,0,Dormant
CUST03859,Male,29,Married,Tier 2,Mobile,COD,Beauty,2024-10-31,2,4.0,265.37,8,2122.96,1061.48,25475.52,106,3.1,4,0,No Complaint,366.78,1,1,1,7,0,,0.125,0-3 Months,Mid Value,0,Dormant
CUST03860,Female,34,Married,Tier 2,Mobile,Credit Card,Electronics,2024-10-01,3,3.9,1448.18,12,17378.16,5647.9,0.0,63,2.2,4,1,Yes,56.49,4,2,1,6,1,2024-10-08,0.167,0-3 Months,High Value,0,At Risk
CUST03861,Female,54,Married,Tier 1,Mobile,UPI,Fashion,2024-01-31,11,0.5,2264.13,6,13584.78,1132.06,0.0,127,1.0,1,1,Yes,170.59,5,0,4,7,1,2024-09-17,0.0,6-12 Months,Mid Value,0,Dormant
CUST03862,Female,44,Married,Tier 3,Mobile,Wallet,Fashion,2024-12-01,1,5.3,816.86,5,4084.3,4329.36,103904.64,43,2.1,5,2,No,259.33,5,0,8,6,0,,0.0,0-3 Months,High Value,1,Slipping
CUST03863,Male,42,Married,Tier 1,Desktop,Debit Card,Beauty,2024-10-31,2,2.3,3885.6,5,19428.0,8936.88,0.0,165,4.7,2,2,Yes,98.54,5,0,5,8,1,2024-11-06,0.0,0-3 Months,High Value,0,Dormant
CUST03864,Male,30,Married,Tier 3,Mobile,Debit Card,Sports,2022-06-30,30,1.6,6052.67,48,290528.16,9684.27,0.0,63,6.7,2,4,Yes,176.41,7,4,1,2,1,2024-10-07,0.083,24+ Months,High Value,0,At Risk
CUST03865,Male,25,Single,Tier 2,Mobile,Wallet,Fashion,2022-06-30,30,6.1,1668.3,183,305298.9,10176.63,0.0,137,3.5,3,0,No Complaint,358.09,2,1,4,2,1,2024-11-03,0.005,24+ Months,High Value,0,Dormant
CUST03866,Male,22,Single,Tier 1,Mobile,Wallet,Electronics,2024-06-01,7,2.7,561.57,19,10669.83,1516.24,36389.76,47,3.3,4,0,No Complaint,27.31,2,4,5,4,0,,0.211,6-12 Months,Mid Value,0,Slipping
CUST03867,Male,29,Single,Tier 2,Mobile,Debit Card,Fashion,2024-06-01,7,0.5,492.38,4,1969.52,246.19,0.0,128,4.4,3,1,Yes,78.86,5,0,23,3,1,2024-08-27,0.0,6-12 Months,Low Value,0,Dormant
CUST03868,Female,58,Married,Tier 2,Mobile,UPI,Electronics,2021-12-29,36,1.8,1543.56,65,100331.4,2778.41,66681.84,6,4.4,1,0,No Complaint,312.61,5,8,1,1,0,,0.123,24+ Months,High Value,0,Active
CUST03869,Female,20,Married,Tier 2,Desktop,Wallet,Electronics,2024-12-01,1,2.5,1876.74,2,3753.48,4691.85,112604.4,53,4.4,1,0,No Complaint,47.26,3,0,9,7,0,,0.0,0-3 Months,High Value,0,Slipping
CUST03870,Male,52,Single,Tier 2,Mobile,Debit Card,Home & Kitchen,2023-07-01,18,5.7,566.91,103,58391.73,3231.39,77553.36,17,6.4,3,1,No,146.19,4,16,4,2,0,,0.155,12-24 Months,High Value,1,Active
CUST03871,Male,50,Single,Tier 2,Mobile,Credit Card,Fashion,2023-07-01,18,0.8,398.74,14,5582.36,318.99,0.0,81,3.9,2,1,Yes,103.73,1,1,17,5,1,2023-09-25,0.071,12-24 Months,Low Value,0,At Risk
CUST03872,Male,39,Single,Tier 2,Mobile,Debit Card,Beauty,2022-06-30,30,4.0,271.1,120,32532.0,1084.4,26025.6,78,3.6,3,2,Yes,196.8,1,12,9,1,0,,0.1,24+ Months,Mid Value,0,At Risk
CUST03873,Male,61,Single,Tier 3,Mobile,Credit Card,Electronics,2021-12-29,36,4.0,432.44,144,62271.36,1729.76,0.0,65,4.5,2,3,Yes,198.47,3,28,4,5,1,2024-10-27,0.194,24+ Months,Mid Value,0,At Risk
CUST03874,Female,26,Married,Tier 1,Mobile,Net Banking,Beauty,2024-06-01,7,0.5,669.99,4,2679.96,335.0,0.0,176,5.7,3,0,No Complaint,155.5,4,0,8,5,1,2024-11-13,0.0,6-12 Months,Low Value,0,Dormant
CUST03875,Male,58,Married,Tier 2,Desktop,Credit Card,Grocery,2024-04-01,9,0.5,1926.25,4,7705.0,963.12,0.0,44,9.7,3,5,Yes,528.0,1,1,5,3,1,2024-06-28,0.25,6-12 Months,Mid Value,0,Slipping
CUST03876,Male,35,Single,Tier 1,Mobile,COD,Fashion,2023-07-01,18,2.2,601.3,40,24052.0,1322.86,0.0,142,7.6,4,0,No Complaint,34.7,4,4,10,3,1,2023-08-10,0.1,12-24 Months,Mid Value,0,Dormant
CUST03877,Male,46,Single,Tier 3,Mobile,COD,Sports,2021-12-29,36,3.9,150.0,140,21000.0,585.0,14040.0,81,4.9,3,3,Yes,324.42,2,6,12,6,0,,0.043,24+ Months,Low Value,0,At Risk
CUST03878,Female,56,Single,Tier 3,Mobile,COD,Fashion,2021-12-29,36,2.0,567.56,72,40864.32,1135.12,27242.88,60,3.6,4,0,No Complaint,121.0,2,2,9,11,0,,0.028,24+ Months,Mid Value,0,Slipping
CUST03879,Female,44,Married,Tier 1,Mobile,COD,Grocery,2023-07-01,18,4.2,711.09,76,54042.84,2986.58,71677.92,37,4.3,5,3,Yes,195.15,2,6,4,2,0,,0.079,12-24 Months,High Value,0,Slipping
CUST03880,Male,53,Married,Tier 1,Desktop,Net Banking,Home & Kitchen,2022-06-30,30,2.4,700.26,72,50418.72,1680.62,40334.88,114,3.3,5,0,No Complaint,57.57,3,2,1,3,0,,0.028,24+ Months,Mid Value,0,Dormant
CUST03881,Male,62,Married,Tier 1,Mobile,Credit Card,Fashion,2024-10-31,2,2.6,150.0,5,750.0,390.0,0.0,60,4.9,4,2,No,17.89,6,0,1,5,1,2024-11-15,0.0,0-3 Months,Low Value,1,Slipping
CUST03882,Female,34,Married,Tier 2,Mobile,UPI,Grocery,2024-06-01,7,0.5,707.12,4,2828.48,353.56,8485.44,146,5.1,3,0,No Complaint,270.68,6,1,5,7,0,,0.25,6-12 Months,Low Value,0,Dormant
CUST03883,Female,51,Married,Tier 2,Desktop,COD,Home & Kitchen,2024-12-01,1,0.5,2262.04,1,2262.04,1131.02,0.0,174,5.6,4,0,No Complaint,52.2,1,0,7,4,1,2024-12-23,0.0,0-3 Months,Mid Value,0,Dormant
CUST03884,Male,63,Married,Tier 3,Mobile,Credit Card,Sports,2024-10-01,3,3.2,647.87,10,6478.7,2073.18,49756.32,41,1.0,4,0,No Complaint,89.06,2,3,1,5,0,,0.3,0-3 Months,Mid Value,0,Slipping
CUST03885,Female,20,Married,Tier 2,Desktop,UPI,Beauty,2023-07-01,18,3.6,559.83,65,36388.95,2015.39,0.0,24,2.9,2,1,No,8.76,4,2,5,4,1,2024-09-21,0.031,12-24 Months,Mid Value,1,Active
CUST03886,Female,22,Single,Tier 1,Mobile,UPI,Fashion,2021-12-29,36,2.0,522.95,72,37652.4,1045.9,25101.6,57,7.1,4,0,No Complaint,189.07,5,16,3,4,0,,0.222,24+ Months,Mid Value,0,Slipping
CUST03887,Female,31,Married,Tier 3,Mobile,UPI,Beauty,2023-07-01,18,2.2,999.5,40,39980.0,2198.9,52773.6,84,2.5,5,0,No Complaint,209.34,5,2,1,8,0,,0.05,12-24 Months,Mid Value,0,At Risk
CUST03888,Female,20,Married,Tier 2,Desktop,COD,Beauty,2023-07-01,18,2.4,309.1,43,13291.3,741.84,17804.16,54,3.1,4,0,No Complaint,417.48,2,2,3,5,0,,0.047,12-24 Months,Low Value,0,Slipping
CUST03889,Female,40,Married,Tier 2,Desktop,COD,Beauty,2024-10-31,2,0.5,406.08,1,406.08,203.04,0.0,174,3.9,3,1,Yes,398.99,3,0,8,2,1,2024-11-28,0.0,0-3 Months,Low Value,0,Dormant
CUST03890,Male,56,Single,Tier 1,Mobile,UPI,Home & Kitchen,2023-07-01,18,2.8,1969.36,50,98468.0,5514.21,132341.04,140,7.1,5,0,No Complaint,219.82,4,14,12,6,0,,0.28,12-24 Months,High Value,0,Dormant
CUST03891,Female,47,Single,Tier 2,Desktop,COD,Fashion,2024-04-01,9,1.6,1436.18,14,20106.52,2297.89,55149.36,173,5.7,3,1,Yes,69.98,2,3,11,3,0,,0.214,6-12 Months,Mid Value,0,Dormant
CUST03892,Male,62,Single,Tier 3,Mobile,UPI,Fashion,2023-07-01,18,2.3,614.19,41,25181.79,1412.64,0.0,67,4.0,3,4,Yes,84.49,2,2,6,3,1,2024-12-18,0.049,12-24 Months,Mid Value,0,At Risk
CUST03893,Female,40,Single,Tier 2,Mobile,COD,Grocery,2024-07-01,6,2.1,1261.97,13,16405.61,2650.14,63603.36,55,3.7,4,3,Yes,86.54,7,4,1,3,0,,0.308,3-6 Months,High Value,0,Slipping
CUST03894,Male,44,Married,Tier 1,Mobile,Credit Card,Sports,2023-07-01,18,3.6,471.65,65,30657.25,1697.94,40750.56,73,3.3,4,0,No Complaint,24.99,2,1,7,3,0,,0.015,12-24 Months,Mid Value,0,At Risk
CUST03895,Female,27,Married,Tier 2,Mobile,COD,Electronics,2024-04-01,9,1.0,467.56,9,4208.04,467.56,11221.44,94,2.2,3,0,No Complaint,529.72,4,2,1,4,0,,0.222,6-12 Months,Low Value,0,Dormant
CUST03896,Female,42,Married,Tier 3,Desktop,Credit Card,Sports,2023-12-31,12,1.2,460.95,14,6453.3,553.14,0.0,133,3.0,4,0,No Complaint,306.84,4,3,4,7,1,2024-09-23,0.214,6-12 Months,Low Value,0,Dormant
CUST03897,Male,30,Married,Tier 1,Mobile,Credit Card,Home & Kitchen,2024-10-01,3,1.2,299.21,4,1196.84,359.05,0.0,158,7.7,3,2,Yes,28.25,4,0,9,7,1,2024-12-18,0.0,0-3 Months,Low Value,0,Dormant
CUST03898,Female,33,Married,Tier 2,Mobile,COD,Home & Kitchen,2024-05-01,8,3.6,840.25,29,24367.25,3024.9,72597.6,83,7.2,4,0,No Complaint,526.93,0,4,1,4,0,,0.138,6-12 Months,High Value,0,At Risk
CUST03899,Female,58,Married,Tier 3,Desktop,UPI,Home & Kitchen,2024-06-01,7,1.4,3615.97,10,36159.7,5062.36,121496.64,52,3.9,2,0,No Complaint,333.53,2,0,8,4,0,,0.0,6-12 Months,High Value,0,Slipping
CUST03900,Female,51,Single,Tier 1,Mobile,Wallet,Home & Kitchen,2022-12-30,24,0.5,221.78,12,2661.36,110.89,2661.36,58,3.6,4,0,No Complaint,452.07,6,1,9,5,0,,0.083,12-24 Months,Low Value,0,Slipping
CUST03901,Male,54,Married,Tier 2,Mobile,Debit Card,Beauty,2022-12-30,24,10.2,2922.53,245,716019.85,29809.81,0.0,125,6.6,2,2,Yes,60.55,5,84,18,1,1,2023-06-10,0.343,12-24 Months,High Value,0,Dormant
CUST03902,Male,39,Single,Tier 2,Mobile,Credit Card,Beauty,2021-12-29,36,1.7,150.0,61,9150.0,255.0,0.0,102,3.4,3,5,Yes,73.59,4,4,2,2,1,2024-01-13,0.066,24+ Months,Low Value,0,Dormant
CUST03903,Female,34,Married,Tier 2,Mobile,Debit Card,Fashion,2023-07-01,18,0.5,1273.29,9,11459.61,636.64,0.0,88,5.7,3,2,No,114.25,3,1,14,3,1,2024-07-16,0.111,12-24 Months,Low Value,1,At Risk
CUST03904,Male,40,Married,Tier 2,Desktop,UPI,Fashion,2024-07-01,6,2.8,244.68,17,4159.56,685.1,0.0,37,2.5,5,2,Yes,45.7,5,1,3,5,1,2024-09-11,0.059,3-6 Months,Low Value,0,Slipping
CUST03905,Female,53,Married,Tier 1,Mobile,Credit Card,Fashion,2022-06-30,30,3.4,1284.11,102,130979.22,4365.97,0.0,157,4.8,4,1,Yes,112.73,3,49,4,2,1,2023-07-31,0.48,24+ Months,High Value,0,Dormant
CUST03906,Male,26,Single,Tier 2,Mobile,Wallet,Fashion,2024-03-01,10,1.7,508.24,17,8640.08,864.01,0.0,140,3.7,4,1,No,1.66,5,0,27,7,1,2024-09-26,0.0,6-12 Months,Low Value,1,Dormant
CUST03907,Male,19,Single,Tier 1,Desktop,UPI,Fashion,2024-08-31,4,2.6,1484.31,10,14843.1,3859.21,92621.04,26,5.3,4,1,Yes,377.99,2,5,6,4,0,,0.5,3-6 Months,High Value,0,Active
CUST03908,Male,49,Single,Tier 2,Mobile,COD,Home & Kitchen,2022-12-30,24,0.5,511.16,12,6133.92,255.58,6133.92,66,6.8,5,0,No Complaint,31.88,6,1,16,2,0,,0.083,12-24 Months,Low Value,0,At Risk
CUST03909,Female,39,Married,Tier 1,Mobile,Credit Card,Grocery,2024-10-01,3,1.1,1268.11,3,3804.33,1394.92,33478.08,98,3.4,2,0,No Complaint,125.07,5,0,10,7,0,,0.0,0-3 Months,Mid Value,0,Dormant
CUST03910,Male,60,Married,Tier 1,Desktop,Debit Card,Electronics,2024-10-01,3,0.5,771.63,2,1543.26,385.82,0.0,82,2.6,4,1,No,475.67,2,0,4,7,1,2024-11-13,0.0,0-3 Months,Low Value,1,At Risk
CUST03911,Male,30,Single,Tier 3,Mobile,UPI,Beauty,2022-12-30,24,1.2,2091.61,29,60656.69,2509.93,60238.32,72,4.0,4,0,No Complaint,309.65,3,0,1,3,0,,0.0,12-24 Months,Mid Value,0,At Risk
CUST03912,Male,25,Married,Tier 2,Mobile,Credit Card,Electronics,2022-12-30,24,2.1,783.71,50,39185.5,1645.79,39498.96,129,6.9,4,1,Yes,269.4,3,1,5,6,0,,0.02,12-24 Months,Mid Value,0,Dormant
CUST03913,Male,18,Single,Tier 3,Mobile,Wallet,Fashion,2022-06-30,30,1.5,1037.68,45,46695.6,1556.52,0.0,10,4.7,5,2,Yes,167.4,2,2,4,5,1,2024-05-25,0.044,24+ Months,Mid Value,0,Active
CUST03914,Female,34,Married,Tier 1,Mobile,UPI,Home & Kitchen,2024-07-01,6,2.2,933.42,13,12134.46,2053.52,0.0,85,4.4,4,1,No,103.17,1,1,6,6,1,2024-12-01,0.077,3-6 Months,Mid Value,1,At Risk
CUST03915,Female,29,Single,Tier 2,Mobile,Debit Card,Electronics,2022-06-30,30,1.7,1654.25,51,84366.75,2812.22,67493.28,47,6.6,5,2,Yes,106.32,3,9,11,6,0,,0.176,24+ Months,High Value,0,Slipping
CUST03916,Male,21,Single,Tier 1,Mobile,Debit Card,Beauty,2022-12-30,24,1.0,1722.29,24,41334.96,1722.29,41334.96,16,5.4,2,0,No Complaint,16.38,4,1,6,8,0,,0.042,12-24 Months,Mid Value,0,Active
CUST03917,Female,30,Married,Tier 3,Desktop,Debit Card,Electronics,2022-06-30,30,0.5,920.69,15,13810.35,460.34,0.0,84,8.7,3,0,No Complaint,12.06,4,2,9,3,1,2022-08-22,0.133,24+ Months,Low Value,0,At Risk
CUST03918,Male,48,Married,Tier 3,Mobile,Debit Card,Grocery,2022-12-30,24,0.7,266.24,17,4526.08,186.37,4472.88,31,2.5,3,0,No Complaint,333.78,6,2,10,3,0,,0.118,12-24 Months,Low Value,0,Slipping
CUST03919,Female,58,Single,Tier 1,Mobile,Credit Card,Beauty,2023-12-31,12,0.6,452.39,7,3166.73,271.43,6514.32,47,4.5,5,0,No Complaint,94.56,3,3,12,2,0,,0.429,6-12 Months,Low Value,0,Slipping
CUST03920,Female,24,Married,Tier 3,Desktop,UPI,Fashion,2024-10-31,2,3.1,1550.66,6,9303.96,4807.05,0.0,91,2.0,3,0,No Complaint,10.0,4,1,8,2,1,2024-12-20,0.167,0-3 Months,High Value,0,Dormant
CUST03921,Female,40,Married,Tier 1,Mobile,Net Banking,Sports,2022-12-30,24,4.3,302.77,103,31185.31,1301.91,31245.84,175,2.5,4,0,No Complaint,195.81,1,1,17,5,0,,0.01,12-24 Months,Mid Value,0,Dormant
CUST03922,Male,41,Married,Tier 2,Desktop,COD,Fashion,2022-12-30,24,3.2,534.73,77,41174.21,1711.14,41067.36,123,6.9,3,0,No Complaint,206.97,4,6,3,7,0,,0.078,12-24 Months,Mid Value,0,Dormant
CUST03923,Female,22,Married,Tier 3,Mobile,UPI,Grocery,2024-07-01,6,2.6,584.02,16,9344.32,1518.45,36442.8,51,2.9,5,0,No Complaint,46.45,3,2,14,1,0,,0.125,3-6 Months,Mid Value,0,Slipping
CUST03924,Male,22,Married,Tier 3,Mobile,Credit Card,Home & Kitchen,2022-12-30,24,0.9,760.0,22,16720.0,684.0,16416.0,69,7.3,3,0,No Complaint,95.19,2,0,8,5,0,,0.0,12-24 Months,Low Value,0,At Risk
CUST03925,Female,34,Married,Tier 3,Desktop,COD,Sports,2023-12-31,12,3.1,687.71,37,25445.27,2131.9,51165.6,73,2.5,4,1,Yes,153.35,1,11,8,5,0,,0.297,6-12 Months,Mid Value,0,At Risk
CUST03926,Male,47,Married,Tier 1,Mobile,Wallet,Fashion,2023-12-31,12,2.3,918.17,28,25708.76,2111.79,50682.96,28,4.3,4,2,Yes,163.27,2,4,2,2,0,,0.143,6-12 Months,Mid Value,0,Active
CUST03927,Female,26,Married,Tier 1,Tablet,Wallet,Fashion,2024-06-01,7,0.5,423.16,4,1692.64,211.58,5077.92,29,2.4,3,0,No Complaint,128.81,2,0,15,5,0,,0.0,6-12 Months,Low Value,0,Active
CUST03928,Female,23,Married,Tier 1,Mobile,Net Banking,Beauty,2024-10-31,2,6.0,486.49,12,5837.88,2918.94,70054.56,27,5.7,4,2,Yes,81.52,0,2,7,4,0,,0.167,0-3 Months,High Value,0,Active
CUST03929,Female,42,Married,Tier 2,Mobile,UPI,Fashion,2024-08-31,4,0.5,3100.4,2,6200.8,1550.2,0.0,94,4.9,1,0,No Complaint,12.83,3,0,2,1,1,2024-11-19,0.0,3-6 Months,Mid Value,0,Dormant
CUST03930,Male,36,Married,Tier 3,Mobile,Net Banking,Electronics,2022-12-30,24,1.7,2386.35,41,97840.35,4056.79,0.0,121,6.8,5,5,Yes,4.06,7,4,1,6,1,2024-10-22,0.098,12-24 Months,High Value,0,Dormant
CUST03931,Female,33,Single,Tier 1,Mobile,Net Banking,Beauty,2024-08-01,5,1.8,1280.68,9,11526.12,2305.22,0.0,106,6.0,3,0,No Complaint,110.76,0,1,5,4,1,2024-10-25,0.111,3-6 Months,Mid Value,0,Dormant
CUST03932,Male,38,Married,Tier 2,Desktop,Credit Card,Grocery,2024-12-01,1,4.5,1375.34,4,5501.36,6189.03,0.0,176,4.7,4,2,Yes,40.83,0,1,3,4,1,2024-12-03,0.25,0-3 Months,High Value,0,Dormant
CUST03933,Female,19,Married,Tier 1,Desktop,Credit Card,Fashion,2021-12-29,36,6.1,1073.81,220,236238.2,6550.24,157205.76,23,4.7,3,0,No Complaint,501.94,7,8,3,2,0,,0.036,24+ Months,High Value,0,Active
CUST03934,Male,27,Single,Tier 1,Desktop,Credit Card,Electronics,2024-08-31,4,7.0,854.35,28,23921.8,5980.45,0.0,177,2.2,2,4,Yes,184.11,4,4,1,6,1,2024-10-12,0.143,3-6 Months,High Value,0,Dormant
CUST03935,Male,33,Single,Tier 2,Mobile,Debit Card,Home & Kitchen,2023-07-01,18,2.1,482.27,38,18326.26,1012.77,0.0,84,5.2,3,2,No,158.53,1,2,2,7,1,2023-10-05,0.053,12-24 Months,Mid Value,1,At Risk
CUST03936,Female,54,Married,Tier 2,Mobile,UPI,Grocery,2021-12-29,36,2.8,2444.08,101,246852.08,6843.42,164242.08,40,4.3,4,0,No Complaint,93.92,6,16,27,3,0,,0.158,24+ Months,High Value,0,Slipping
CUST03937,Male,32,Married,Tier 3,Desktop,UPI,Beauty,2023-07-01,18,0.5,3276.52,9,29488.68,1638.26,39318.24,169,5.7,4,0,No Complaint,71.96,3,1,7,3,0,,0.111,12-24 Months,Mid Value,0,Dormant
CUST03938,Male,30,Single,Tier 1,Mobile,UPI,Electronics,2022-06-30,30,1.7,601.31,51,30666.81,1022.23,0.0,84,5.8,3,0,No Complaint,35.68,2,3,6,2,1,2024-01-22,0.059,24+ Months,Mid Value,0,At Risk
CUST03939,Male,30,Single,Tier 3,Desktop,Credit Card,Fashion,2021-12-29,36,5.7,1909.03,205,391351.15,10881.47,261155.28,63,3.3,5,0,No Complaint,11.16,1,29,6,3,0,,0.141,24+ Months,High Value,0,At Risk
CUST03940,Male,49,Married,Tier 1,Mobile,UPI,Fashion,2022-06-30,30,1.5,651.41,45,29313.45,977.12,23450.88,39,3.2,3,0,No Complaint,181.17,5,2,12,1,0,,0.044,24+ Months,Mid Value,0,Slipping
CUST03941,Female,62,Single,Tier 1,Mobile,COD,Grocery,2023-12-31,12,0.5,506.02,6,3036.12,253.01,0.0,48,4.6,3,0,No Complaint,271.89,3,0,9,1,1,2024-12-12,0.0,6-12 Months,Low Value,0,Slipping
CUST03942,Female,64,Married,Tier 2,Desktop,UPI,Electronics,2024-06-01,7,0.6,646.61,4,2586.44,387.97,9311.28,176,4.0,2,0,No Complaint,351.05,3,0,2,5,0,,0.0,6-12 Months,Low Value,0,Dormant
CUST03943,Male,63,Married,Tier 3,Desktop,Net Banking,Grocery,2024-03-01,10,1.4,673.74,14,9432.36,943.24,0.0,55,1.9,1,0,No Complaint,231.92,2,1,6,5,1,2024-09-14,0.071,6-12 Months,Mid Value,0,Slipping
CUST03944,Male,25,Married,Tier 1,Desktop,Net Banking,Beauty,2022-06-30,30,0.7,1332.23,21,27976.83,932.56,0.0,176,2.7,3,1,Yes,409.06,2,1,10,4,1,2023-04-16,0.048,24+ Months,Mid Value,0,Dormant
CUST03945,Male,60,Single,Tier 1,Mobile,Net Banking,Beauty,2022-06-30,30,1.2,639.83,36,23033.88,767.8,0.0,60,6.4,2,0,No Complaint,731.38,3,11,5,4,1,2023-03-15,0.306,24+ Months,Low Value,0,Slipping
CUST03946,Male,35,Single,Tier 2,Mobile,COD,Fashion,2022-06-30,30,1.0,1589.28,30,47678.4,1589.28,38142.72,42,5.3,4,0,No Complaint,587.06,3,2,6,2,0,,0.067,24+ Months,Mid Value,0,Slipping
CUST03947,Female,53,Married,Tier 1,Mobile,UPI,Beauty,2023-07-01,18,1.0,523.85,18,9429.3,523.85,12572.4,33,4.5,5,1,Yes,161.47,5,6,1,6,0,,0.333,12-24 Months,Low Value,0,Slipping
CUST03948,Female,43,Married,Tier 3,Mobile,Credit Card,Grocery,2024-03-01,10,0.5,837.74,5,4188.7,418.87,10052.88,74,6.8,4,0,No Complaint,45.69,3,0,1,4,0,,0.0,6-12 Months,Low Value,0,At Risk
CUST03949,Male,27,Single,Tier 3,Mobile,UPI,Fashion,2024-07-01,6,5.4,395.28,32,12648.96,2134.51,51228.24,43,4.4,4,0,No Complaint,20.24,7,5,12,4,0,,0.156,3-6 Months,Mid Value,0,Slipping
CUST03950,Male,48,Single,Tier 1,Desktop,Wallet,Fashion,2024-12-01,1,2.9,350.59,3,1051.77,1016.71,0.0,125,5.8,3,1,Yes,918.64,10,1,12,2,1,2024-12-24,0.333,0-3 Months,Mid Value,0,Dormant
CUST03951,Male,50,Married,Tier 2,Mobile,Credit Card,Grocery,2022-12-30,24,2.4,1129.05,58,65484.9,2709.72,65033.28,43,4.4,2,0,No Complaint,66.37,4,4,6,4,0,,0.069,12-24 Months,High Value,0,Slipping
CUST03952,Female,46,Married,Tier 3,Mobile,Debit Card,Electronics,2024-08-01,5,2.3,941.97,12,11303.64,2166.53,0.0,150,4.6,3,0,No Complaint,6.22,3,1,14,3,1,2024-09-08,0.083,3-6 Months,Mid Value,0,Dormant
CUST03953,Female,22,Married,Tier 1,Mobile,COD,Fashion,2024-07-01,6,1.3,632.63,8,5061.04,822.42,0.0,150,10.2,4,2,Yes,89.28,5,0,12,4,1,2024-09-24,0.0,3-6 Months,Low Value,0,Dormant
CUST03954,Male,30,Single,Tier 2,Desktop,Net Banking,Fashion,2022-06-30,30,4.3,456.34,129,58867.86,1962.26,47094.24,52,3.3,4,4,Yes,248.17,5,12,4,6,0,,0.093,24+ Months,Mid Value,0,Slipping
CUST03955,Male,18,Single,Tier 1,Mobile,COD,Fashion,2024-12-01,1,6.6,387.37,7,2711.59,2556.64,0.0,135,5.5,3,2,No,398.62,1,2,5,5,1,2024-12-03,0.286,0-3 Months,High Value,1,Dormant
CUST03956,Female,40,Single,Tier 2,Desktop,Debit Card,Sports,2021-12-29,36,0.5,1121.97,18,20195.46,560.98,0.0,154,5.5,3,0,No Complaint,116.87,1,5,5,3,1,2022-10-14,0.278,24+ Months,Low Value,0,Dormant
CUST03957,Female,57,Single,Tier 1,Tablet,Credit Card,Beauty,2024-12-01,1,0.5,538.85,1,538.85,269.42,6466.08,106,6.6,4,0,No Complaint,62.67,2,0,1,3,0,,0.0,0-3 Months,Low Value,0,Dormant
CUST03958,Male,20,Married,Tier 3,Desktop,Debit Card,Grocery,2021-12-29,36,2.8,2742.65,101,277007.65,7679.42,184306.08,66,4.4,4,1,Yes,271.24,2,5,1,3,0,,0.05,24+ Months,High Value,0,At Risk
CUST03959,Male,20,Married,Tier 2,Tablet,UPI,Sports,2024-04-01,9,0.7,992.27,6,5953.62,694.59,0.0,79,8.1,3,5,No,126.13,7,0,15,6,1,2024-09-27,0.0,6-12 Months,Low Value,1,At Risk
CUST03960,Male,24,Single,Tier 1,Desktop,Net Banking,Grocery,2024-10-31,2,6.1,1269.22,12,15230.64,7742.24,0.0,141,3.9,3,0,No Complaint,16.19,3,0,30,3,1,2024-11-19,0.0,0-3 Months,High Value,0,Dormant
CUST03961,Female,53,Married,Tier 3,Mobile,Debit Card,Beauty,2023-07-01,18,2.8,2354.92,50,117746.0,6593.78,158250.72,53,3.7,4,3,Yes,393.66,1,5,11,7,0,,0.1,12-24 Months,High Value,0,Slipping
CUST03962,Male,52,Married,Tier 1,Mobile,UPI,Electronics,2021-12-29,36,1.1,491.98,40,19679.2,541.18,12988.32,60,6.0,4,2,Yes,191.98,5,2,1,7,0,,0.05,24+ Months,Low Value,0,Slipping
CUST03963,Male,32,Married,Tier 2,Mobile,Net Banking,Grocery,2024-04-01,9,1.3,1202.89,12,14434.68,1563.76,37530.24,29,6.7,5,5,Yes,6.75,4,2,8,3,0,,0.167,6-12 Months,Mid Value,0,Active
CUST03964,Female,57,Married,Tier 2,Mobile,Credit Card,Fashion,2022-12-30,24,2.9,1248.55,70,87398.5,3620.79,86898.96,72,2.3,3,0,No Complaint,1.64,5,1,8,6,0,,0.014,12-24 Months,High Value,0,At Risk
CUST03965,Male,20,Married,Tier 1,Desktop,Net Banking,Electronics,2021-12-29,36,0.5,611.86,18,11013.48,305.93,7342.32,16,3.1,4,0,No Complaint,16.53,6,2,3,4,0,,0.111,24+ Months,Low Value,0,Active
CUST03966,Female,46,Married,Tier 3,Mobile,Net Banking,Fashion,2024-08-01,5,5.4,300.09,27,8102.43,1620.49,38891.76,58,4.8,2,0,No Complaint,310.63,3,9,5,4,0,,0.333,3-6 Months,Mid Value,0,Slipping
CUST03967,Male,47,Single,Tier 3,Desktop,COD,Fashion,2022-06-30,30,0.5,194.24,15,2913.6,97.12,0.0,67,5.6,4,1,No,118.16,4,4,1,3,1,2024-05-01,0.267,24+ Months,Low Value,1,At Risk
CUST03968,Male,56,Single,Tier 1,Mobile,UPI,Fashion,2024-07-01,6,9.7,465.95,58,27025.1,4519.71,0.0,46,6.9,3,1,Yes,73.52,2,4,5,2,1,2024-12-26,0.069,3-6 Months,High Value,0,Slipping
CUST03969,Female,35,Married,Tier 2,Mobile,UPI,Electronics,2024-04-01,9,0.5,1920.1,4,7680.4,960.05,0.0,19,4.7,2,3,Yes,51.61,6,1,3,5,1,2024-10-18,0.25,6-12 Months,Mid Value,0,Active
CUST03970,Male,28,Married,Tier 2,Tablet,Net Banking,Home & Kitchen,2024-08-01,5,3.4,508.35,17,8641.95,1728.39,41481.36,94,6.6,4,2,Yes,127.25,3,2,2,5,0,,0.118,3-6 Months,Mid Value,0,Dormant
CUST03971,Female,60,Single,Tier 3,Mobile,Net Banking,Electronics,2024-04-01,9,0.5,1722.56,4,6890.24,861.28,0.0,155,1.3,4,0,No Complaint,15.6,2,1,29,4,1,2024-06-06,0.25,6-12 Months,Low Value,0,Dormant
CUST03972,Female,55,Married,Tier 1,Desktop,Credit Card,Home & Kitchen,2024-12-01,1,1.4,515.76,1,515.76,722.06,17329.44,61,2.3,4,1,Yes,172.83,1,0,9,0,0,,0.0,0-3 Months,Low Value,0,At Risk
CUST03973,Male,57,Single,Tier 2,Desktop,Credit Card,Grocery,2024-07-01,6,2.5,907.69,15,13615.35,2269.23,54461.52,43,4.5,4,0,No Complaint,86.2,2,1,18,6,0,,0.067,3-6 Months,Mid Value,0,Slipping
CUST03974,Female,18,Married,Tier 2,Mobile,UPI,Grocery,2024-04-01,9,0.5,1274.32,4,5097.28,637.16,0.0,52,6.4,3,5,No,351.91,3,1,1,3,1,2024-05-14,0.25,6-12 Months,Low Value,1,Slipping
CUST03975,Male,46,Married,Tier 2,Mobile,Wallet,Fashion,2023-07-01,18,1.5,1809.94,27,48868.38,2714.91,65157.84,155,3.9,4,0,No Complaint,252.75,3,6,2,0,0,,0.222,12-24 Months,High Value,0,Dormant
CUST03976,Female,27,Married,Tier 2,Mobile,UPI,Home & Kitchen,2023-07-01,18,0.9,637.18,16,10194.88,573.46,0.0,95,4.0,2,1,Yes,3.34,4,1,21,9,1,2024-05-13,0.062,12-24 Months,Low Value,0,Dormant
CUST03977,Male,45,Married,Tier 1,Desktop,UPI,Fashion,2023-07-01,18,1.7,561.68,31,17412.08,954.86,22916.64,24,5.2,4,0,No Complaint,32.78,1,13,3,6,0,,0.419,12-24 Months,Mid Value,0,Active
CUST03978,Female,48,Married,Tier 3,Mobile,Debit Card,Beauty,2024-07-01,6,1.8,220.09,11,2420.99,396.16,0.0,127,4.1,4,1,No,115.65,1,0,17,4,1,2024-11-21,0.0,3-6 Months,Low Value,1,Dormant
CUST03979,Male,36,Single,Tier 2,Mobile,UPI,Grocery,2021-12-29,36,3.8,651.38,137,89239.06,2475.24,59405.76,28,7.0,4,0,No Complaint,193.49,0,60,11,3,0,,0.438,24+ Months,Mid Value,0,Active
CUST03980,Male,20,Married,Tier 3,Desktop,Wallet,Electronics,2024-05-01,8,0.5,8995.85,4,35983.4,4497.92,0.0,11,4.7,2,1,No,226.03,1,0,1,3,1,2024-08-05,0.0,6-12 Months,High Value,1,Active
CUST03981,Female,53,Single,Tier 1,Mobile,UPI,Fashion,2024-08-31,4,0.5,755.46,2,1510.92,377.73,0.0,46,8.9,3,3,No,304.95,1,0,1,3,1,2024-11-21,0.0,3-6 Months,Low Value,1,Slipping
CUST03982,Female,60,Married,Tier 2,Desktop,UPI,Electronics,2023-12-31,12,1.3,325.36,16,5205.76,422.97,10151.28,31,4.8,3,0,No Complaint,9.08,4,3,7,6,0,,0.188,6-12 Months,Low Value,0,Slipping
CUST03983,Male,32,Married,Tier 3,Desktop,Credit Card,Home & Kitchen,2022-12-30,24,5.5,791.59,132,104489.88,4353.74,0.0,109,3.8,3,1,Yes,3.36,2,42,20,7,1,2023-12-01,0.318,12-24 Months,High Value,0,Dormant
CUST03984,Male,50,Married,Tier 2,Desktop,Credit Card,Home & Kitchen,2024-12-01,1,4.8,1477.67,5,7388.35,7092.82,170227.68,87,4.7,5,5,No,165.16,2,2,7,6,0,,0.4,0-3 Months,High Value,1,At Risk
CUST03985,Female,58,Married,Tier 3,Desktop,UPI,Sports,2024-08-01,5,2.1,578.68,10,5786.8,1215.23,0.0,130,6.5,5,0,No Complaint,231.61,4,2,10,5,1,2024-09-02,0.2,3-6 Months,Mid Value,0,Dormant
CUST03986,Female,60,Married,Tier 3,Mobile,Credit Card,Electronics,2022-06-30,30,5.5,411.15,165,67839.75,2261.32,54271.68,92,4.2,4,0,No Complaint,278.11,2,42,9,3,0,,0.255,24+ Months,Mid Value,0,Dormant
CUST03987,Male,62,Single,Tier 2,Tablet,Credit Card,Electronics,2024-01-31,11,4.1,5212.44,45,234559.8,21371.0,512904.0,76,1.0,3,0,No Complaint,30.47,2,5,1,8,0,,0.111,6-12 Months,High Value,0,At Risk
CUST03988,Male,43,Married,Tier 2,Mobile,Net Banking,Fashion,2024-05-01,8,0.8,1164.88,6,6989.28,931.9,22365.6,95,3.6,5,3,No,623.75,8,1,14,2,0,,0.167,6-12 Months,Mid Value,1,Dormant
CUST03989,Male,33,Single,Tier 1,Mobile,UPI,Sports,2021-12-29,36,0.5,2623.18,18,47217.24,1311.59,31478.16,78,1.0,4,1,Yes,46.91,3,2,11,3,0,,0.111,24+ Months,Mid Value,0,At Risk
CUST03990,Female,53,Single,Tier 2,Mobile,Wallet,Electronics,2024-10-31,2,0.9,678.43,2,1356.86,610.59,0.0,7,5.4,1,1,Yes,51.86,5,0,3,7,1,2024-12-12,0.0,0-3 Months,Low Value,0,Active
CUST03991,Male,50,Single,Tier 1,Tablet,Debit Card,Electronics,2023-07-01,18,0.6,3106.89,11,34175.79,1864.13,44739.12,122,2.5,4,0,No Complaint,30.16,2,3,5,6,0,,0.273,12-24 Months,Mid Value,0,Dormant
CUST03992,Male,37,Married,Tier 2,Desktop,UPI,Home & Kitchen,2024-06-01,7,2.4,1694.6,17,28808.2,4067.04,0.0,173,4.6,4,4,Yes,7.96,2,4,5,6,1,2024-11-27,0.235,6-12 Months,High Value,0,Dormant
CUST03993,Female,30,Married,Tier 2,Desktop,UPI,Grocery,2024-10-31,2,2.2,1284.11,4,5136.44,2825.04,0.0,76,1.9,1,0,No Complaint,298.67,1,0,13,5,1,2024-12-23,0.0,0-3 Months,High Value,0,At Risk
CUST03994,Male,50,Single,Tier 2,Mobile,Debit Card,Grocery,2024-08-31,4,2.3,379.89,9,3419.01,873.75,0.0,76,4.3,1,0,No Complaint,1.02,4,0,24,7,1,2024-12-30,0.0,3-6 Months,Low Value,0,At Risk
CUST03995,Male,22,Single,Tier 1,Desktop,UPI,Fashion,2023-07-01,18,0.5,536.46,9,4828.14,268.23,6437.52,9,4.8,4,0,No Complaint,112.18,4,1,16,5,0,,0.111,12-24 Months,Low Value,0,Active
CUST03996,Male,54,Married,Tier 3,Desktop,UPI,Electronics,2024-12-01,1,3.9,1230.33,4,4921.32,4798.29,0.0,160,3.6,1,0,No Complaint,17.37,8,0,5,7,1,2024-12-24,0.0,0-3 Months,High Value,0,Dormant
CUST03997,Male,31,Married,Tier 1,Desktop,UPI,Home & Kitchen,2023-07-01,18,1.4,704.09,25,17602.25,985.73,23657.52,167,4.4,1,0,No Complaint,8.25,5,3,3,6,0,,0.12,12-24 Months,Mid Value,0,Dormant
CUST03998,Male,44,Married,Tier 1,Mobile,Debit Card,Grocery,2021-12-29,36,1.6,1165.35,58,67590.3,1864.56,44749.44,146,1.5,2,1,No,491.06,7,2,2,4,0,,0.034,24+ Months,Mid Value,1,Dormant
CUST03999,Male,40,Married,Tier 1,Mobile,Debit Card,Fashion,2022-06-30,30,14.5,643.07,435,279735.45,9324.52,223788.48,20,4.6,5,3,No,314.15,1,88,9,5,0,,0.202,24+ Months,High Value,1,Active
CUST04000,Male,31,Married,Tier 3,Mobile,UPI,Fashion,2024-06-01,7,0.8,1205.98,6,7235.88,964.78,0.0,162,3.4,4,0,No Complaint,90.42,7,0,4,3,1,2024-11-23,0.0,6-12 Months,Mid Value,0,Dormant
CUST04001,Female,57,Married,Tier 3,Mobile,Debit Card,Electronics,2024-10-01,3,1.3,567.55,4,2270.2,737.82,17707.68,5,4.7,4,1,No,110.45,2,0,1,3,0,,0.0,0-3 Months,Low Value,1,Active
CUST04002,Female,21,Married,Tier 2,Mobile,COD,Grocery,2024-03-01,10,2.8,1230.51,28,34454.28,3445.43,0.0,80,4.3,4,0,No Complaint,364.65,2,6,1,4,1,2024-11-25,0.214,6-12 Months,High Value,0,At Risk
CUST04003,Female,56,Married,Tier 3,Mobile,UPI,Fashion,2024-05-01,8,5.3,443.21,42,18614.82,2349.01,56376.24,90,4.1,4,0,No Complaint,286.87,3,5,7,3,0,,0.119,6-12 Months,Mid Value,0,At Risk
CUST04004,Male,36,Single,Tier 1,Mobile,Net Banking,Grocery,2021-12-29,36,0.5,706.3,18,12713.4,353.15,0.0,150,3.7,4,2,Yes,211.75,5,3,17,7,1,2022-07-08,0.167,24+ Months,Low Value,0,Dormant
CUST04005,Male,64,Married,Tier 3,Mobile,Debit Card,Grocery,2021-12-29,36,3.3,772.39,119,91914.41,2548.89,0.0,135,5.0,1,0,No Complaint,138.44,3,26,3,2,1,2024-05-14,0.218,24+ Months,High Value,0,Dormant
CUST04006,Male,21,Married,Tier 1,Mobile,Wallet,Beauty,2024-05-01,8,6.3,477.58,50,23879.0,3008.75,72210.0,143,7.5,4,0,No Complaint,168.49,0,5,2,10,0,,0.1,6-12 Months,High Value,0,Dormant
CUST04007,Male,47,Single,Tier 1,Desktop,UPI,Fashion,2024-10-01,3,1.4,572.94,4,2291.76,802.12,0.0,156,4.3,1,0,No Complaint,89.97,6,0,6,7,1,2024-12-05,0.0,0-3 Months,Low Value,0,Dormant
CUST04008,Male,36,Married,Tier 1,Mobile,Wallet,Beauty,2021-12-29,36,0.8,1092.3,29,31676.7,873.84,0.0,86,5.5,4,0,No Complaint,135.18,3,8,11,1,1,2024-01-09,0.276,24+ Months,Low Value,0,At Risk
CUST04009,Female,48,Married,Tier 2,Mobile,Debit Card,Grocery,2022-06-30,30,2.8,1473.64,84,123785.76,4126.19,99028.56,140,7.3,5,0,No Complaint,139.66,4,7,1,5,0,,0.083,24+ Months,High Value,0,Dormant
CUST04010,Male,48,Married,Tier 3,Mobile,Debit Card,Electronics,2024-01-31,11,0.7,1070.09,8,8560.72,749.06,0.0,13,5.2,2,0,No Complaint,360.23,2,4,17,6,1,2024-02-09,0.5,6-12 Months,Low Value,0,Active
CUST04011,Male,26,Single,Tier 2,Mobile,Credit Card,Sports,2024-06-01,7,1.2,1280.15,8,10241.2,1536.18,36868.32,80,5.9,4,1,Yes,44.41,4,0,38,1,0,,0.0,6-12 Months,Mid Value,0,At Risk
CUST04012,Male,30,Married,Tier 3,Desktop,UPI,Fashion,2024-04-01,9,5.7,953.43,51,48624.93,5434.55,130429.2,6,3.0,1,0,No Complaint,50.97,1,12,5,4,0,,0.235,6-12 Months,High Value,0,Active
CUST04013,Female,31,Single,Tier 2,Mobile,Wallet,Grocery,2021-12-29,36,2.2,552.01,79,43608.79,1214.42,0.0,164,5.2,5,3,Yes,42.64,3,16,15,4,1,2024-01-10,0.203,24+ Months,Mid Value,0,Dormant
CUST04014,Male,63,Single,Tier 1,Mobile,Debit Card,Electronics,2024-10-01,3,0.5,268.06,2,536.12,134.03,0.0,172,5.1,4,0,No Complaint,155.79,2,1,4,2,1,2024-11-09,0.5,0-3 Months,Low Value,0,Dormant
CUST04015,Female,27,Married,Tier 2,Tablet,UPI,Grocery,2022-06-30,30,1.0,619.75,30,18592.5,619.75,14874.0,16,7.7,5,1,Yes,213.83,4,2,1,1,0,,0.067,24+ Months,Low Value,0,Active
CUST04016,Male,48,Married,Tier 2,Mobile,UPI,Grocery,2024-12-01,1,2.5,824.57,2,1649.14,2061.43,49474.32,96,2.3,4,0,No Complaint,49.04,3,0,6,3,0,,0.0,0-3 Months,Mid Value,0,Dormant
CUST04017,Female,54,Married,Tier 3,Mobile,UPI,Fashion,2021-12-29,36,1.6,578.56,58,33556.48,925.7,0.0,59,8.4,3,0,No Complaint,203.4,4,9,2,1,1,2023-01-02,0.155,24+ Months,Mid Value,0,Slipping
CUST04018,Female,40,Married,Tier 2,Mobile,Debit Card,Grocery,2024-01-31,11,2.7,2662.45,30,79873.5,7188.62,172526.88,62,6.6,5,0,No Complaint,178.04,3,5,2,7,0,,0.167,6-12 Months,High Value,0,At Risk
CUST04019,Male,44,Married,Tier 2,Mobile,Debit Card,Grocery,2024-08-31,4,3.6,1089.5,14,15253.0,3922.2,0.0,81,6.2,4,0,No Complaint,69.7,6,1,13,3,1,2024-12-30,0.071,3-6 Months,High Value,0,At Risk
CUST04020,Male,23,Married,Tier 1,Tablet,Credit Card,Beauty,2024-12-01,1,1.6,842.13,2,1684.26,1347.41,0.0,23,2.4,4,0,No Complaint,47.0,2,0,1,6,1,2024-12-07,0.0,0-3 Months,Mid Value,0,Active
CUST04021,Male,43,Single,Tier 2,Mobile,UPI,Fashion,2023-12-31,12,10.8,1316.79,130,171182.7,14221.33,341311.92,33,2.9,3,1,Yes,384.38,1,21,3,5,0,,0.162,6-12 Months,High Value,0,Slipping
CUST04022,Male,19,Married,Tier 3,Desktop,Debit Card,Electronics,2024-08-01,5,6.2,3698.64,31,114657.84,22931.57,550357.68,104,5.6,3,0,No Complaint,151.78,0,1,4,3,0,,0.032,3-6 Months,High Value,0,Dormant
CUST04023,Female,62,Married,Tier 1,Tablet,Credit Card,Grocery,2023-07-01,18,0.5,737.24,9,6635.16,368.62,8846.88,4,1.0,4,2,Yes,219.07,5,1,19,2,0,,0.111,12-24 Months,Low Value,0,Active
CUST04024,Female,30,Married,Tier 3,Mobile,UPI,Fashion,2024-08-01,5,0.8,457.16,4,1828.64,365.73,0.0,108,1.8,3,0,No Complaint,467.06,2,0,8,3,1,2024-10-27,0.0,3-6 Months,Low Value,0,Dormant
CUST04025,Female,36,Single,Tier 2,Mobile,UPI,Grocery,2024-10-31,2,0.9,1124.72,2,2249.44,1012.25,24294.0,58,5.9,5,0,No Complaint,41.38,2,1,1,6,0,,0.5,0-3 Months,Mid Value,0,Slipping
CUST04026,Female,18,Single,Tier 1,Mobile,UPI,Fashion,2024-01-31,11,0.5,401.62,6,2409.72,200.81,0.0,149,6.6,1,0,No Complaint,77.69,1,0,3,0,1,2024-10-05,0.0,6-12 Months,Low Value,0,Dormant
CUST04027,Male,57,Single,Tier 3,Mobile,Net Banking,Electronics,2023-12-31,12,0.9,460.65,11,5067.15,414.58,0.0,108,8.4,4,1,Yes,102.59,4,1,1,4,1,2024-04-07,0.091,6-12 Months,Low Value,0,Dormant
CUST04028,Male,49,Married,Tier 2,Mobile,COD,Home & Kitchen,2024-04-01,9,1.4,2432.81,13,31626.53,3405.93,0.0,127,3.9,5,5,No,47.72,2,1,11,7,1,2024-07-25,0.077,6-12 Months,High Value,1,Dormant
CUST04029,Female,39,Married,Tier 1,Mobile,Wallet,Beauty,2024-04-01,9,0.5,2224.01,4,8896.04,1112.01,26688.24,21,2.9,1,0,No Complaint,330.34,2,1,2,9,0,,0.25,6-12 Months,Mid Value,0,Active
CUST04030,Male,46,Married,Tier 1,Mobile,UPI,Grocery,2023-07-01,18,0.5,1415.4,9,12738.6,707.7,0.0,48,3.1,3,0,No Complaint,15.68,2,3,2,4,1,2023-11-18,0.333,12-24 Months,Low Value,0,Slipping
CUST04031,Female,19,Single,Tier 1,Tablet,Net Banking,Home & Kitchen,2024-01-31,11,0.5,1179.58,6,7077.48,589.79,0.0,179,5.3,1,0,No Complaint,49.2,3,0,1,4,1,2024-04-19,0.0,6-12 Months,Low Value,0,Dormant
CUST04032,Male,57,Single,Tier 3,Mobile,Debit Card,Beauty,2024-10-01,3,0.5,381.95,2,763.9,190.98,0.0,78,4.1,4,2,No,38.16,0,0,9,7,1,2024-10-10,0.0,0-3 Months,Low Value,1,At Risk
CUST04033,Male,55,Single,Tier 2,Desktop,Credit Card,Grocery,2024-08-31,4,1.6,509.76,6,3058.56,815.62,0.0,65,2.1,3,0,No Complaint,551.88,1,2,6,10,1,2024-10-07,0.333,3-6 Months,Low Value,0,At Risk
CUST04034,Female,28,Single,Tier 3,Desktop,UPI,Sports,2024-10-01,3,1.0,2266.78,3,6800.34,2266.78,0.0,157,5.4,5,2,Yes,177.68,2,0,2,5,1,2024-10-13,0.0,0-3 Months,Mid Value,0,Dormant
CUST04035,Male,34,Married,Tier 1,Mobile,COD,Beauty,2022-12-30,24,6.9,629.64,166,104520.24,4344.52,104268.48,6,2.7,4,3,Yes,226.72,3,51,13,1,0,,0.307,12-24 Months,High Value,0,Active
CUST04036,Female,60,Married,Tier 1,Mobile,Net Banking,Grocery,2024-01-31,11,0.5,512.89,6,3077.34,256.44,6154.56,96,5.8,4,2,No,20.66,4,2,7,5,0,,0.333,6-12 Months,Low Value,1,Dormant
CUST04037,Female,25,Single,Tier 1,Mobile,UPI,Electronics,2024-04-01,9,6.5,786.07,58,45592.06,5109.46,122627.04,38,5.8,5,1,No,38.82,0,8,2,6,0,,0.138,6-12 Months,High Value,1,Slipping
CUST04038,Female,39,Single,Tier 2,Mobile,UPI,Home & Kitchen,2022-06-30,30,0.5,1344.7,15,20170.5,672.35,0.0,66,4.0,3,1,No,298.83,2,0,1,3,1,2023-12-01,0.0,24+ Months,Low Value,1,At Risk
CUST04039,Female,21,Single,Tier 3,Mobile,Debit Card,Electronics,2024-07-01,6,2.4,776.46,14,10870.44,1863.5,0.0,36,5.0,4,0,No Complaint,150.97,3,2,1,3,1,2024-11-16,0.143,3-6 Months,Mid Value,0,Slipping
CUST04040,Female,28,Single,Tier 2,Mobile,Wallet,Fashion,2023-12-31,12,0.7,792.67,8,6341.36,554.87,13316.88,7,4.0,4,0,No Complaint,8.31,3,1,3,6,0,,0.125,6-12 Months,Low Value,0,Active
CUST04041,Female,25,Married,Tier 1,Mobile,COD,Fashion,2024-10-31,2,4.4,195.46,9,1759.14,860.02,20640.48,75,4.4,2,2,Yes,150.11,4,2,1,4,0,,0.222,0-3 Months,Low Value,0,At Risk
CUST04042,Male,26,Married,Tier 3,Tablet,UPI,Fashion,2022-12-30,24,0.5,854.43,12,10253.16,427.22,10253.28,142,2.2,5,0,No Complaint,116.12,2,1,2,4,0,,0.083,12-24 Months,Low Value,0,Dormant
CUST04043,Male,43,Married,Tier 3,Mobile,Credit Card,Electronics,2022-12-30,24,7.6,1804.77,182,328468.14,13716.25,0.0,171,1.0,4,1,Yes,30.04,3,32,1,7,1,2024-06-21,0.176,12-24 Months,High Value,0,Dormant
CUST04044,Female,19,Married,Tier 1,Mobile,Credit Card,Home & Kitchen,2022-06-30,30,0.5,855.75,15,12836.25,427.88,10269.12,112,4.3,5,0,No Complaint,161.78,2,1,1,6,0,,0.067,24+ Months,Low Value,0,Dormant
CUST04045,Male,33,Single,Tier 3,Mobile,Net Banking,Grocery,2021-12-29,36,0.7,3823.63,25,95590.75,2676.54,64236.96,70,2.7,5,0,No Complaint,34.37,3,4,3,5,0,,0.16,24+ Months,High Value,0,At Risk
CUST04046,Male,48,Single,Tier 1,Mobile,COD,Fashion,2022-12-30,24,1.6,541.52,38,20577.76,866.43,0.0,138,3.0,4,2,Yes,300.31,2,5,6,4,1,2023-02-06,0.132,12-24 Months,Low Value,0,Dormant
CUST04047,Male,23,Single,Tier 1,Mobile,Debit Card,Beauty,2022-06-30,30,3.5,637.36,105,66922.8,2230.76,53538.24,91,2.9,5,0,No Complaint,173.45,2,26,3,2,0,,0.248,24+ Months,Mid Value,0,Dormant
CUST04048,Female,38,Married,Tier 1,Tablet,UPI,Grocery,2024-06-01,7,7.5,561.51,52,29198.52,4211.32,101071.68,66,6.2,4,3,No,369.07,2,3,1,1,0,,0.058,6-12 Months,High Value,1,At Risk
CUST04049,Female,43,Married,Tier 2,Mobile,Wallet,Grocery,2024-06-01,7,1.4,550.63,10,5506.3,770.88,18501.12,33,6.4,5,4,No,99.5,2,1,1,5,0,,0.1,6-12 Months,Low Value,1,Slipping
CUST04050,Male,36,Married,Tier 2,Mobile,Debit Card,Electronics,2021-12-29,36,3.5,1307.47,126,164741.22,4576.15,109827.6,143,5.1,3,2,Yes,129.11,2,16,2,4,0,,0.127,24+ Months,High Value,0,Dormant
CUST04051,Female,45,Single,Tier 1,Mobile,Wallet,Home & Kitchen,2021-12-29,36,3.2,740.68,115,85178.2,2370.18,56884.32,90,3.9,1,0,No Complaint,257.32,1,1,10,8,0,,0.009,24+ Months,Mid Value,0,At Risk
CUST04052,Female,25,Married,Tier 1,Mobile,Debit Card,Electronics,2023-12-31,12,2.1,3501.83,25,87545.75,7353.84,176492.16,173,5.1,2,2,Yes,142.25,4,2,9,5,0,,0.08,6-12 Months,High Value,0,Dormant
CUST04053,Female,31,Single,Tier 3,Mobile,COD,Fashion,2024-06-01,7,2.9,1067.45,20,21349.0,3095.6,74294.4,144,6.5,2,1,Yes,152.75,4,3,18,4,0,,0.15,6-12 Months,High Value,0,Dormant
CUST04054,Female,41,Single,Tier 3,Mobile,COD,Electronics,2022-06-30,30,0.5,487.66,15,7314.9,243.83,5851.92,76,7.5,3,0,No Complaint,145.07,2,1,19,5,0,,0.067,24+ Months,Low Value,0,At Risk
CUST04055,Female,61,Single,Tier 3,Mobile,Credit Card,Beauty,2024-07-01,6,1.5,448.17,9,4033.53,672.26,0.0,133,3.1,1,0,No Complaint,121.67,2,2,12,6,1,2024-12-17,0.222,3-6 Months,Low Value,0,Dormant
CUST04056,Male,54,Married,Tier 1,Mobile,Wallet,Grocery,2024-10-01,3,3.9,2883.28,12,34599.36,11244.79,269874.96,82,1.8,3,0,No Complaint,294.9,4,0,1,4,0,,0.0,0-3 Months,High Value,0,At Risk
CUST04057,Female,43,Married,Tier 1,Mobile,UPI,Fashion,2023-07-01,18,1.6,1047.86,29,30387.94,1676.58,40237.92,15,5.1,2,0,No Complaint,119.52,4,0,1,1,0,,0.0,12-24 Months,Mid Value,0,Active
CUST04058,Male,48,Married,Tier 1,Mobile,COD,Fashion,2024-12-01,1,5.2,2238.74,5,11193.7,11641.45,279394.8,93,1.3,4,0,No Complaint,415.9,4,1,11,6,0,,0.2,0-3 Months,High Value,0,Dormant
CUST04059,Female,49,Single,Tier 1,Mobile,Wallet,Grocery,2024-06-01,7,4.5,942.61,32,30163.52,4241.74,0.0,155,5.0,3,5,Yes,297.63,2,1,14,3,1,2024-08-26,0.031,6-12 Months,High Value,0,Dormant
CUST04060,Female,58,Single,Tier 2,Tablet,Credit Card,Grocery,2022-06-30,30,5.0,907.88,150,136182.0,4539.4,0.0,154,4.9,4,2,Yes,212.24,3,4,8,6,1,2024-12-13,0.027,24+ Months,High Value,0,Dormant
CUST04061,Male,19,Single,Tier 2,Mobile,Debit Card,Electronics,2024-07-01,6,0.5,2293.53,3,6880.59,1146.77,0.0,103,4.3,2,2,Yes,412.07,3,1,4,0,1,2024-12-06,0.333,3-6 Months,Mid Value,0,Dormant
CUST04062,Male,42,Single,Tier 2,Desktop,Debit Card,Home & Kitchen,2021-12-29,36,0.7,1165.56,25,29139.0,815.89,19581.36,69,7.7,4,0,No Complaint,138.64,2,5,2,7,0,,0.2,24+ Months,Low Value,0,At Risk
CUST04063,Female,61,Single,Tier 2,Mobile,COD,Sports,2021-12-29,36,0.5,1156.61,18,20818.98,578.3,13879.2,2,4.6,2,0,No Complaint,310.51,5,0,9,5,0,,0.0,24+ Months,Low Value,0,Active
CUST04064,Male,19,Married,Tier 1,Mobile,Net Banking,Fashion,2022-06-30,30,10.2,676.08,306,206880.48,6896.02,165504.48,56,5.5,2,1,Yes,49.83,2,24,4,4,0,,0.078,24+ Months,High Value,0,Slipping
CUST04065,Female,59,Single,Tier 1,Mobile,Debit Card,Grocery,2021-12-29,36,0.7,1652.42,25,41310.5,1156.69,0.0,178,6.6,3,2,Yes,13.64,1,2,4,8,1,2022-09-23,0.08,24+ Months,Mid Value,0,Dormant
CUST04066,Male,18,Married,Tier 2,Mobile,COD,Fashion,2024-01-31,11,1.1,852.37,12,10228.44,937.61,0.0,131,4.4,5,4,No,207.93,3,0,5,2,1,2024-12-01,0.0,6-12 Months,Mid Value,1,Dormant
CUST04067,Male,53,Married,Tier 1,Mobile,UPI,Beauty,2023-12-31,12,0.8,608.78,10,6087.8,487.02,0.0,129,3.8,4,2,No,64.62,2,2,14,10,1,2024-07-10,0.2,6-12 Months,Low Value,1,Dormant
CUST04068,Female,29,Single,Tier 1,Mobile,UPI,Electronics,2022-06-30,30,0.5,4051.09,15,60766.35,2025.54,48612.96,137,3.8,5,3,Yes,181.22,0,1,8,6,0,,0.067,24+ Months,Mid Value,0,Dormant
CUST04069,Female,26,Single,Tier 2,Desktop,Credit Card,Fashion,2024-03-01,10,0.8,727.98,8,5823.84,582.38,13977.12,112,5.3,4,0,No Complaint,14.5,1,0,6,2,0,,0.0,6-12 Months,Low Value,0,Dormant
CUST04070,Female,53,Married,Tier 1,Desktop,Debit Card,Beauty,2024-05-01,8,0.5,516.33,4,2065.32,258.17,0.0,105,5.1,3,0,No Complaint,560.81,4,1,3,0,1,2024-06-09,0.25,6-12 Months,Low Value,0,Dormant
CUST04071,Male,58,Married,Tier 1,Mobile,UPI,Beauty,2023-07-01,18,1.3,1990.62,23,45784.26,2587.81,62107.44,82,7.6,5,0,No Complaint,130.29,4,0,3,8,0,,0.0,12-24 Months,High Value,0,At Risk
CUST04072,Female,45,Single,Tier 3,Mobile,Debit Card,Fashion,2023-07-01,18,8.5,1443.91,153,220918.23,12273.24,0.0,80,3.4,3,0,No Complaint,1.72,4,52,35,6,1,2023-12-14,0.34,12-24 Months,High Value,0,At Risk
CUST04073,Female,55,Married,Tier 3,Desktop,Credit Card,Fashion,2022-12-30,24,3.0,564.52,72,40645.44,1693.56,0.0,156,4.1,1,2,Yes,116.35,5,13,5,7,1,2023-07-03,0.181,12-24 Months,Mid Value,0,Dormant
CUST04074,Female,50,Single,Tier 1,Desktop,COD,Electronics,2023-07-01,18,3.1,849.63,56,47579.28,2633.85,0.0,71,6.2,5,3,Yes,280.68,2,14,2,3,1,2023-12-17,0.25,12-24 Months,High Value,0,At Risk
CUST04075,Female,59,Married,Tier 1,Mobile,UPI,Grocery,2022-12-30,24,1.5,1434.03,36,51625.08,2151.04,51624.96,151,5.7,2,0,No Complaint,360.74,4,10,10,6,0,,0.278,12-24 Months,Mid Value,0,Dormant
CUST04076,Female,63,Single,Tier 2,Desktop,Debit Card,Beauty,2023-07-01,18,4.2,1040.97,76,79113.72,4372.07,0.0,150,4.4,4,3,Yes,111.33,1,14,11,5,1,2024-09-21,0.184,12-24 Months,High Value,0,Dormant
CUST04077,Male,39,Married,Tier 1,Mobile,Debit Card,Grocery,2024-03-01,10,6.0,1556.5,60,93390.0,9339.0,0.0,138,4.1,1,0,No Complaint,24.23,4,5,4,1,1,2024-03-23,0.083,6-12 Months,High Value,0,Dormant
CUST04078,Male,42,Married,Tier 2,Mobile,Wallet,Grocery,2024-10-01,3,8.1,893.72,24,21449.28,7239.13,0.0,7,3.6,2,1,Yes,425.93,1,2,12,4,1,2024-11-22,0.083,0-3 Months,High Value,0,Active
CUST04079,Female,35,Married,Tier 1,Mobile,COD,Beauty,2022-06-30,30,0.5,1591.86,15,23877.9,795.93,19102.32,27,2.9,4,1,Yes,715.02,1,3,16,2,0,,0.2,24+ Months,Low Value,0,Active
CUST04080,Male,23,Single,Tier 1,Desktop,COD,Grocery,2024-12-01,1,5.3,723.25,5,3616.25,3833.22,91997.28,57,4.5,1,0,No Complaint,11.75,2,0,14,5,0,,0.0,0-3 Months,High Value,0,Slipping
CUST04081,Female,35,Single,Tier 3,Tablet,Net Banking,Grocery,2021-12-29,36,0.6,571.26,22,12567.72,342.76,0.0,152,5.6,5,2,Yes,14.63,3,1,1,6,1,2024-01-14,0.045,24+ Months,Low Value,0,Dormant
CUST04082,Male,33,Married,Tier 3,Desktop,Debit Card,Grocery,2022-06-30,30,1.3,1876.39,39,73179.21,2439.31,58543.44,157,5.2,4,0,No Complaint,150.08,3,2,13,6,0,,0.051,24+ Months,Mid Value,0,Dormant
CUST04083,Female,32,Married,Tier 1,Mobile,UPI,Home & Kitchen,2023-07-01,18,1.1,1100.76,20,22015.2,1210.84,29060.16,8,4.4,3,0,No Complaint,137.4,7,2,4,5,0,,0.1,12-24 Months,Mid Value,0,Active
CUST04084,Female,25,Married,Tier 1,Desktop,Net Banking,Fashion,2021-12-29,36,2.8,1452.26,101,146678.26,4066.33,97591.92,59,5.1,4,1,No,159.9,5,23,1,6,0,,0.228,24+ Months,High Value,1,Slipping
CUST04085,Male,30,Single,Tier 1,Mobile,COD,Fashion,2023-07-01,18,2.3,2115.47,41,86734.27,4865.58,0.0,153,2.8,4,0,No Complaint,68.66,2,4,18,3,1,2024-02-29,0.098,12-24 Months,High Value,0,Dormant
CUST04086,Male,60,Single,Tier 1,Mobile,Credit Card,Fashion,2024-12-01,1,0.5,601.36,1,601.36,300.68,0.0,45,5.5,4,2,Yes,9.3,7,0,5,3,1,2024-12-15,0.0,0-3 Months,Low Value,0,Slipping
CUST04087,Male,24,Married,Tier 3,Mobile,COD,Beauty,2023-12-31,12,3.8,1303.31,46,59952.26,4952.58,0.0,175,1.9,3,3,Yes,156.3,3,17,17,3,1,2024-11-07,0.37,6-12 Months,High Value,0,Dormant
CUST04088,Female,34,Single,Tier 2,Mobile,Net Banking,Electronics,2024-08-01,5,1.4,4555.06,7,31885.42,6377.08,153049.92,88,5.0,5,0,No Complaint,29.56,1,2,7,5,0,,0.286,3-6 Months,High Value,0,At Risk
CUST04089,Female,49,Single,Tier 2,Mobile,Wallet,Electronics,2024-06-01,7,0.5,802.64,4,3210.56,401.32,9631.68,168,5.6,5,0,No Complaint,75.14,4,0,3,3,0,,0.0,6-12 Months,Low Value,0,Dormant
CUST04090,Male,39,Married,Tier 3,Mobile,Wallet,Sports,2024-04-01,9,1.3,385.88,12,4630.56,501.64,12039.36,77,4.7,2,0,No Complaint,157.2,4,3,7,9,0,,0.25,6-12 Months,Low Value,0,At Risk
CUST04091,Female,30,Married,Tier 3,Tablet,Credit Card,Home & Kitchen,2022-12-30,24,1.8,1596.28,43,68640.04,2873.3,0.0,58,4.5,5,0,No Complaint,42.09,3,10,25,6,1,2023-10-17,0.233,12-24 Months,High Value,0,Slipping
CUST04092,Male,64,Single,Tier 3,Mobile,Credit Card,Sports,2024-01-31,11,0.5,279.96,6,1679.76,139.98,0.0,65,2.6,4,1,Yes,140.74,4,2,8,4,1,2024-09-16,0.333,6-12 Months,Low Value,0,At Risk
CUST04093,Male,40,Single,Tier 1,Mobile,UPI,Fashion,2024-03-01,10,0.5,416.4,5,2082.0,208.2,4996.8,159,4.4,5,0,No Complaint,225.77,2,1,13,3,0,,0.2,6-12 Months,Low Value,0,Dormant
CUST04094,Female,46,Married,Tier 1,Desktop,UPI,Home & Kitchen,2024-07-01,6,12.6,901.76,76,68533.76,11362.18,272692.32,60,8.1,3,3,Yes,12.25,2,3,16,3,0,,0.039,3-6 Months,High Value,0,Slipping
CUST04095,Male,39,Single,Tier 2,Mobile,Net Banking,Electronics,2024-01-31,11,5.1,879.96,56,49277.76,4487.8,107707.2,120,4.4,4,0,No Complaint,173.92,2,1,4,3,0,,0.018,6-12 Months,High Value,0,Dormant
CUST04096,Male,18,Married,Tier 2,Mobile,Credit Card,Fashion,2024-08-01,5,0.5,1024.29,2,2048.58,512.14,12291.36,85,4.0,3,0,No Complaint,128.2,7,0,1,2,0,,0.0,3-6 Months,Low Value,0,At Risk
CUST04097,Male,46,Single,Tier 3,Desktop,Debit Card,Electronics,2024-08-01,5,2.2,4208.32,11,46291.52,9258.3,222199.2,169,1.6,4,1,No,18.45,3,0,30,5,0,,0.0,3-6 Months,High Value,1,Dormant
CUST04098,Male,22,Single,Tier 2,Mobile,Debit Card,Grocery,2022-12-30,24,1.2,952.63,29,27626.27,1143.16,0.0,29,5.2,4,1,Yes,220.56,4,10,18,0,1,2023-08-26,0.345,12-24 Months,Mid Value,0,Active
CUST04099,Male,52,Married,Tier 3,Desktop,COD,Fashion,2024-06-01,7,2.0,599.35,14,8390.9,1198.7,0.0,77,5.3,4,5,Yes,67.02,1,1,7,3,1,2024-10-15,0.071,6-12 Months,Mid Value,0,At Risk
CUST04100,Male,27,Married,Tier 1,Mobile,UPI,Grocery,2024-12-01,1,1.6,573.18,2,1146.36,917.09,0.0,23,3.6,4,1,No,36.23,3,0,23,3,1,2024-12-08,0.0,0-3 Months,Mid Value,1,Active
CUST04101,Female,36,Single,Tier 3,Desktop,UPI,Beauty,2024-06-01,7,0.5,652.45,4,2609.8,326.23,7829.52,104,4.1,4,0,No Complaint,59.75,4,1,8,3,0,,0.25,6-12 Months,Low Value,0,Dormant
CUST04102,Male,54,Single,Tier 1,Mobile,Credit Card,Electronics,2023-07-01,18,0.9,383.91,16,6142.56,345.52,8292.48,73,2.1,4,4,Yes,142.22,2,1,8,4,0,,0.062,12-24 Months,Low Value,0,At Risk
CUST04103,Female,24,Single,Tier 3,Mobile,Credit Card,Electronics,2022-06-30,30,0.5,1328.81,15,19932.15,664.4,15945.6,11,4.7,5,0,No Complaint,156.17,1,8,8,2,0,,0.533,24+ Months,Low Value,0,Active
CUST04104,Male,63,Married,Tier 1,Mobile,Wallet,Electronics,2021-12-29,36,1.7,1108.97,61,67647.17,1885.25,0.0,153,5.4,5,2,Yes,33.46,7,6,14,6,1,2023-09-23,0.098,24+ Months,Mid Value,0,Dormant
CUST04105,Male,52,Single,Tier 2,Mobile,COD,Home & Kitchen,2022-12-30,24,5.9,1244.81,142,176763.02,7344.38,176265.12,68,1.0,3,0,No Complaint,496.6,3,7,3,5,0,,0.049,12-24 Months,High Value,0,At Risk
CUST04106,Female,62,Married,Tier 3,Desktop,Credit Card,Fashion,2024-04-01,9,13.5,1572.59,122,191855.98,21229.96,509519.04,89,4.4,5,0,No Complaint,71.8,2,3,3,2,0,,0.025,6-12 Months,High Value,0,At Risk
CUST04107,Female,30,Married,Tier 2,Tablet,Net Banking,Electronics,2024-07-01,6,7.2,1385.05,43,59557.15,9972.36,239336.64,73,7.6,4,2,Yes,56.23,5,4,1,7,0,,0.093,3-6 Months,High Value,0,At Risk
CUST04108,Male,27,Married,Tier 2,Desktop,Credit Card,Fashion,2024-10-31,2,10.6,341.37,21,7168.77,3618.52,0.0,88,4.8,3,0,No Complaint,37.2,10,4,13,1,1,2024-12-31,0.19,0-3 Months,High Value,0,At Risk
CUST04109,Female,19,Married,Tier 3,Mobile,COD,Home & Kitchen,2023-07-01,18,0.5,737.41,9,6636.69,368.7,0.0,3,5.4,1,0,No Complaint,23.12,2,2,2,1,1,2024-10-23,0.222,12-24 Months,Low Value,0,Active
CUST04110,Female,23,Married,Tier 2,Tablet,UPI,Fashion,2024-01-31,11,3.3,758.98,36,27323.28,2504.63,60111.12,146,6.4,5,1,No,723.95,2,0,2,2,0,,0.0,6-12 Months,Mid Value,1,Dormant
CUST04111,Female,25,Single,Tier 2,Mobile,COD,Electronics,2023-07-01,18,0.8,2354.49,14,32962.86,1883.59,45206.16,60,5.5,4,0,No Complaint,202.15,4,1,5,8,0,,0.071,12-24 Months,Mid Value,0,Slipping
CUST04112,Male,53,Single,Tier 1,Mobile,Credit Card,Electronics,2024-08-31,4,5.0,2503.83,20,50076.6,12519.15,300459.6,130,3.9,3,0,No Complaint,278.39,3,0,16,4,0,,0.0,3-6 Months,High Value,0,Dormant
CUST04113,Male,42,Single,Tier 3,Mobile,UPI,Home & Kitchen,2024-07-01,6,4.2,666.33,25,16658.25,2798.59,0.0,12,1.6,4,0,No Complaint,92.4,5,1,7,2,1,2024-08-19,0.04,3-6 Months,High Value,0,Active
CUST04114,Male,61,Married,Tier 2,Mobile,UPI,Fashion,2024-07-01,6,1.4,448.59,8,3588.72,628.03,15072.72,94,9.4,3,2,Yes,96.39,1,1,15,7,0,,0.125,3-6 Months,Low Value,0,Dormant
CUST04115,Female,64,Married,Tier 2,Desktop,Credit Card,Grocery,2022-06-30,30,1.6,1003.22,48,48154.56,1605.15,38523.6,163,5.8,5,0,No Complaint,780.21,2,5,1,5,0,,0.104,24+ Months,Mid Value,0,Dormant
CUST04116,Male,57,Single,Tier 1,Mobile,COD,Fashion,2024-10-01,3,0.8,718.31,2,1436.62,574.65,0.0,72,6.0,4,1,No,40.32,2,0,2,5,1,2024-11-17,0.0,0-3 Months,Low Value,1,At Risk
CUST04117,Female,24,Married,Tier 2,Mobile,UPI,Sports,2023-07-01,18,0.9,846.84,16,13549.44,762.16,18291.84,36,6.4,4,0,No Complaint,71.26,2,1,10,3,0,,0.062,12-24 Months,Low Value,0,Slipping
CUST04118,Male,63,Married,Tier 1,Desktop,Debit Card,Grocery,2024-12-01,1,9.9,2102.58,10,21025.8,20815.54,499572.96,18,6.5,4,0,No Complaint,39.08,7,0,3,2,0,,0.0,0-3 Months,High Value,0,Active
CUST04119,Male,40,Married,Tier 1,Desktop,COD,Grocery,2023-12-31,12,5.5,1083.78,66,71529.48,5960.79,143058.96,154,5.9,3,0,No Complaint,59.79,2,3,22,6,0,,0.045,6-12 Months,High Value,0,Dormant
CUST04120,Female,36,Single,Tier 2,Desktop,Debit Card,Electronics,2024-12-01,1,0.5,641.69,1,641.69,320.85,0.0,43,4.6,2,1,No,196.09,3,0,11,4,1,2024-12-22,0.0,0-3 Months,Low Value,1,Slipping
CUST04121,Male,63,Single,Tier 1,Mobile,COD,Electronics,2024-10-01,3,0.8,566.12,2,1132.24,452.9,0.0,175,3.9,4,0,No Complaint,66.51,3,0,10,1,1,2024-12-13,0.0,0-3 Months,Low Value,0,Dormant
CUST04122,Male,39,Married,Tier 1,Mobile,UPI,Fashion,2024-10-31,2,0.5,328.58,1,328.58,164.29,3942.96,45,5.8,5,0,No Complaint,375.05,3,0,1,2,0,,0.0,0-3 Months,Low Value,0,Slipping
CUST04123,Female,30,Single,Tier 2,Mobile,Debit Card,Grocery,2024-06-01,7,11.2,1331.0,78,103818.0,14907.2,0.0,87,4.8,1,1,No,8.98,2,11,9,3,1,2024-09-21,0.141,6-12 Months,High Value,1,At Risk
CUST04124,Female,38,Married,Tier 1,Mobile,Wallet,Sports,2024-06-01,7,5.9,1093.93,41,44851.13,6454.19,154900.56,82,4.7,5,2,Yes,78.85,1,0,6,4,0,,0.0,6-12 Months,High Value,0,At Risk
CUST04125,Female,18,Married,Tier 1,Desktop,Debit Card,Electronics,2022-06-30,30,2.0,1332.02,60,79921.2,2664.04,63936.96,12,6.3,3,2,Yes,354.81,4,3,2,4,0,,0.05,24+ Months,High Value,0,Active
CUST04126,Female,36,Married,Tier 1,Tablet,Debit Card,Home & Kitchen,2024-08-31,4,3.0,887.36,12,10648.32,2662.08,0.0,96,8.3,3,0,No Complaint,174.82,4,1,7,4,1,2024-10-29,0.083,3-6 Months,High Value,0,Dormant
CUST04127,Female,50,Married,Tier 2,Desktop,COD,Fashion,2024-10-31,2,3.4,428.65,7,3000.55,1457.41,0.0,121,2.8,1,0,No Complaint,265.29,1,1,1,4,1,2024-12-19,0.143,0-3 Months,Mid Value,0,Dormant
CUST04128,Female,21,Married,Tier 2,Mobile,Credit Card,Home & Kitchen,2023-07-01,18,0.6,933.54,11,10268.94,560.12,0.0,133,5.4,3,1,No,70.39,3,5,5,1,1,2024-04-14,0.455,12-24 Months,Low Value,1,Dormant
CUST04129,Male,59,Single,Tier 2,Desktop,COD,Electronics,2022-12-30,24,6.8,1993.49,163,324938.87,13555.73,0.0,94,2.7,3,2,Yes,82.97,4,14,2,7,1,2024-01-25,0.086,12-24 Months,High Value,0,Dormant
CUST04130,Male,20,Married,Tier 1,Tablet,Net Banking,Electronics,2024-07-01,6,1.9,935.21,11,10287.31,1776.9,0.0,146,4.9,1,0,No Complaint,394.43,2,3,1,4,1,2024-11-06,0.273,3-6 Months,Mid Value,0,Dormant
CUST04131,Male,44,Married,Tier 1,Mobile,UPI,Electronics,2023-07-01,18,0.5,2835.24,9,25517.16,1417.62,34022.88,135,1.5,2,1,No,249.23,5,1,4,7,0,,0.111,12-24 Months,Mid Value,1,Dormant
CUST04132,Male,58,Married,Tier 1,Mobile,Net Banking,Beauty,2022-12-30,24,1.3,1071.24,31,33208.44,1392.61,33422.64,35,3.2,4,2,Yes,87.29,6,4,4,4,0,,0.129,12-24 Months,Mid Value,0,Slipping
CUST04133,Female,52,Single,Tier 2,Desktop,UPI,Beauty,2024-06-01,7,2.3,3559.53,16,56952.48,8186.92,196486.08,72,4.5,4,0,No Complaint,43.66,2,7,6,2,0,,0.438,6-12 Months,High Value,0,At Risk
CUST04134,Female,45,Single,Tier 3,Mobile,Credit Card,Electronics,2024-01-31,11,1.1,3768.0,12,45216.0,4144.8,99475.2,26,6.4,4,0,No Complaint,20.23,4,1,26,4,0,,0.083,6-12 Months,High Value,0,Active
CUST04135,Female,23,Single,Tier 1,Tablet,Net Banking,Grocery,2024-10-01,3,3.0,478.99,9,4310.91,1436.97,0.0,24,1.8,2,0,No Complaint,356.27,0,2,1,3,1,2024-12-07,0.222,0-3 Months,Mid Value,0,Active
CUST04136,Male,23,Married,Tier 1,Mobile,COD,Fashion,2024-12-01,1,5.3,570.95,5,2854.75,3026.04,0.0,128,5.3,1,4,Yes,215.31,3,2,2,2,1,2024-12-14,0.4,0-3 Months,High Value,0,Dormant
CUST04137,Female,61,Single,Tier 1,Desktop,Net Banking,Electronics,2021-12-29,36,3.7,652.01,133,86717.33,2412.44,57898.56,95,4.4,4,1,Yes,168.27,2,36,5,3,0,,0.271,24+ Months,Mid Value,0,Dormant
CUST04138,Male,40,Married,Tier 2,Desktop,Wallet,Electronics,2024-07-01,6,2.6,271.63,16,4346.08,706.24,0.0,108,7.1,3,0,No Complaint,269.77,4,3,3,5,1,2024-08-11,0.188,3-6 Months,Low Value,0,Dormant
CUST04139,Female,50,Married,Tier 2,Mobile,Credit Card,Grocery,2024-08-01,5,1.8,1242.37,9,11181.33,2236.27,53670.48,132,3.8,4,0,No Complaint,443.7,6,2,7,5,0,,0.222,3-6 Months,Mid Value,0,Dormant
CUST04140,Female,33,Single,Tier 2,Desktop,Debit Card,Grocery,2021-12-29,36,0.7,1218.8,25,30470.0,853.16,20475.84,50,5.3,4,1,Yes,258.08,2,2,13,4,0,,0.08,24+ Months,Low Value,0,Slipping
CUST04141,Male,41,Married,Tier 3,Mobile,Credit Card,Beauty,2022-12-30,24,1.5,1027.08,36,36974.88,1540.62,36974.88,72,4.2,5,0,No Complaint,98.26,4,1,4,5,0,,0.028,12-24 Months,Mid Value,0,At Risk
CUST04142,Male,22,Single,Tier 2,Mobile,Credit Card,Beauty,2023-07-01,18,0.9,381.28,16,6100.48,343.15,0.0,109,2.7,1,0,No Complaint,34.95,4,2,3,2,1,2024-01-21,0.125,12-24 Months,Low Value,0,Dormant
CUST04143,Male,58,Married,Tier 1,Mobile,Credit Card,Fashion,2022-12-30,24,6.8,2729.69,163,444939.47,18561.89,445485.36,18,3.5,3,1,Yes,225.21,4,14,2,2,0,,0.086,12-24 Months,High Value,0,Active
CUST04144,Female,59,Single,Tier 1,Mobile,COD,Beauty,2022-12-30,24,5.9,240.74,142,34185.08,1420.37,0.0,150,3.1,3,0,No Complaint,51.0,1,16,12,4,1,2024-09-09,0.113,12-24 Months,Mid Value,0,Dormant
CUST04145,Female,30,Single,Tier 2,Desktop,Credit Card,Fashion,2022-12-30,24,0.5,355.64,12,4267.68,177.82,0.0,62,1.4,2,0,No Complaint,274.69,3,1,1,1,1,2023-05-20,0.083,12-24 Months,Low Value,0,At Risk
CUST04146,Female,64,Single,Tier 2,Desktop,COD,Beauty,2024-12-01,1,4.3,1669.57,4,6678.28,7179.15,172299.6,118,7.3,4,1,No,74.45,3,1,5,7,0,,0.25,0-3 Months,High Value,1,Dormant
CUST04147,Male,29,Married,Tier 2,Mobile,COD,Fashion,2024-05-01,8,3.0,1120.07,24,26881.68,3360.21,0.0,179,3.9,1,2,Yes,30.69,2,2,4,2,1,2024-12-10,0.083,6-12 Months,High Value,0,Dormant
CUST04148,Male,22,Married,Tier 2,Mobile,UPI,Beauty,2024-07-01,6,9.2,584.13,55,32127.15,5374.0,128976.0,86,5.4,4,1,Yes,52.9,0,6,8,1,0,,0.109,3-6 Months,High Value,0,At Risk
CUST04149,Female,54,Single,Tier 2,Mobile,Debit Card,Grocery,2024-10-31,2,1.6,933.08,3,2799.24,1492.93,0.0,39,2.5,1,2,Yes,55.82,1,1,6,2,1,2024-11-16,0.333,0-3 Months,Mid Value,0,Slipping
CUST04150,Female,48,Single,Tier 3,Desktop,Credit Card,Electronics,2024-05-01,8,3.2,982.82,26,25553.32,3145.02,75480.48,39,4.6,5,0,No Complaint,85.7,1,3,3,7,0,,0.115,6-12 Months,High Value,0,Slipping
CUST04151,Male,45,Married,Tier 2,Tablet,Credit Card,Beauty,2023-07-01,18,1.8,2047.4,32,65516.8,3685.32,88447.68,11,5.4,1,0,No Complaint,53.54,0,1,1,6,0,,0.031,12-24 Months,High Value,0,Active
CUST04152,Male,45,Single,Tier 3,Mobile,COD,Fashion,2024-10-01,3,0.5,383.21,2,766.42,191.6,0.0,138,4.7,4,0,No Complaint,46.01,2,0,1,4,1,2024-10-07,0.0,0-3 Months,Low Value,0,Dormant
CUST04153,Female,47,Married,Tier 1,Mobile,Debit Card,Fashion,2024-07-01,6,0.5,1101.39,3,3304.17,550.7,13216.8,53,3.0,2,0,No Complaint,89.49,1,0,9,3,0,,0.0,3-6 Months,Low Value,0,Slipping
CUST04154,Male,35,Married,Tier 2,Mobile,Net Banking,Grocery,2023-07-01,18,0.5,1910.54,9,17194.86,955.27,0.0,31,6.0,2,3,Yes,364.63,0,2,5,6,1,2024-11-04,0.222,12-24 Months,Mid Value,0,Slipping
CUST04155,Male,61,Married,Tier 3,Mobile,COD,Home & Kitchen,2023-12-31,12,0.9,446.47,11,4911.17,401.82,0.0,128,1.0,4,1,No,13.15,4,2,12,1,1,2024-07-08,0.182,6-12 Months,Low Value,1,Dormant
CUST04156,Male,44,Married,Tier 2,Desktop,Debit Card,Electronics,2022-06-30,30,0.7,866.02,21,18186.42,606.21,14549.04,56,1.7,4,0,No Complaint,63.24,0,3,21,4,0,,0.143,24+ Months,Low Value,0,Slipping
CUST04157,Female,52,Single,Tier 3,Mobile,COD,Fashion,2022-06-30,30,3.3,861.54,99,85292.46,2843.08,68233.92,108,4.3,4,0,No Complaint,148.72,3,8,9,3,0,,0.081,24+ Months,High Value,0,Dormant
CUST04158,Female,43,Single,Tier 2,Desktop,UPI,Grocery,2021-12-29,36,3.1,290.18,112,32500.16,899.56,21589.44,75,1.0,3,0,No Complaint,373.55,3,2,19,3,0,,0.018,24+ Months,Mid Value,0,At Risk
CUST04159,Female,56,Single,Tier 1,Desktop,UPI,Grocery,2023-07-01,18,8.9,1101.6,160,176256.0,9804.24,235301.76,60,3.1,5,0,No Complaint,60.17,2,14,1,7,0,,0.088,12-24 Months,High Value,0,Slipping
CUST04160,Female,35,Single,Tier 2,Desktop,UPI,Electronics,2022-12-30,24,0.9,1148.61,22,25269.42,1033.75,0.0,88,3.7,3,0,No Complaint,77.19,0,2,6,3,1,2024-07-19,0.091,12-24 Months,Mid Value,0,At Risk
CUST04161,Male,50,Married,Tier 1,Desktop,Credit Card,Home & Kitchen,2022-06-30,30,7.0,2559.04,210,537398.4,17913.28,0.0,57,7.2,3,1,Yes,287.86,2,26,2,3,1,2022-10-13,0.124,24+ Months,High Value,0,Slipping
CUST04162,Male,42,Single,Tier 3,Desktop,UPI,Grocery,2022-06-30,30,2.4,884.55,72,63687.6,2122.92,50950.08,156,3.3,5,0,No Complaint,83.89,1,12,2,10,0,,0.167,24+ Months,Mid Value,0,Dormant
CUST04163,Female,48,Married,Tier 3,Tablet,Wallet,Fashion,2022-12-30,24,1.7,1219.78,41,50010.98,2073.63,49767.12,14,3.6,5,1,Yes,343.36,1,6,3,5,0,,0.146,12-24 Months,Mid Value,0,Active
CUST04164,Male,54,Married,Tier 1,Mobile,Debit Card,Fashion,2024-01-31,11,2.8,2516.29,31,78004.99,7045.61,169094.64,6,1.2,4,2,Yes,109.34,4,5,14,7,0,,0.161,6-12 Months,High Value,0,Active
CUST04165,Female,19,Single,Tier 1,Mobile,Debit Card,Electronics,2024-08-01,5,3.0,572.93,15,8593.95,1718.79,0.0,73,4.6,3,0,No Complaint,151.54,2,5,8,3,1,2024-12-11,0.333,3-6 Months,Mid Value,0,At Risk
CUST04166,Male,50,Single,Tier 2,Mobile,UPI,Beauty,2022-06-30,30,0.5,392.83,15,5892.45,196.42,0.0,31,4.5,3,2,Yes,148.14,5,1,12,5,1,2024-11-17,0.067,24+ Months,Low Value,0,Slipping
CUST04167,Male,56,Single,Tier 1,Desktop,Credit Card,Fashion,2022-12-30,24,3.5,977.94,84,82146.96,3422.79,0.0,134,2.5,4,0,No Complaint,22.87,6,14,6,6,1,2023-05-06,0.167,12-24 Months,High Value,0,Dormant
CUST04168,Male,60,Single,Tier 1,Mobile,Credit Card,Sports,2022-06-30,30,3.2,782.06,96,75077.76,2502.59,60062.16,64,6.1,4,0,No Complaint,78.91,3,12,2,0,0,,0.125,24+ Months,Mid Value,0,At Risk
CUST04169,Male,60,Married,Tier 2,Mobile,Debit Card,Electronics,2024-10-01,3,15.0,842.55,45,37914.75,12638.25,0.0,47,6.0,1,1,No,49.77,4,11,5,5,1,2024-11-06,0.244,0-3 Months,High Value,1,Slipping
CUST04170,Male,49,Married,Tier 2,Mobile,Credit Card,Grocery,2024-07-01,6,6.1,667.74,37,24706.38,4073.21,97757.04,65,3.5,4,5,No,206.81,4,1,2,1,0,,0.027,3-6 Months,High Value,1,At Risk
CUST04171,Male,35,Married,Tier 1,Desktop,Credit Card,Fashion,2024-04-01,9,2.9,498.75,26,12967.5,1446.38,34713.12,40,1.0,2,0,No Complaint,488.3,1,5,38,4,0,,0.192,6-12 Months,Mid Value,0,Slipping
CUST04172,Female,34,Married,Tier 3,Mobile,Debit Card,Home & Kitchen,2022-06-30,30,3.1,1726.72,93,160584.96,5352.83,128467.92,54,2.6,5,1,Yes,42.98,2,30,12,4,0,,0.323,24+ Months,High Value,0,Slipping
CUST04173,Male,51,Single,Tier 3,Mobile,COD,Beauty,2021-12-29,36,7.3,885.11,263,232783.93,6461.3,0.0,102,7.3,4,1,Yes,17.23,2,35,1,4,1,2022-06-18,0.133,24+ Months,High Value,0,Dormant
CUST04174,Male,56,Single,Tier 3,Mobile,UPI,Fashion,2024-08-01,5,8.5,4323.55,42,181589.1,36750.18,882004.32,155,4.8,5,1,Yes,127.15,1,7,49,0,0,,0.167,3-6 Months,High Value,0,Dormant
CUST04175,Female,24,Married,Tier 3,Desktop,COD,Home & Kitchen,2022-12-30,24,4.4,433.55,106,45956.3,1907.62,45782.88,67,3.1,4,0,No Complaint,89.22,4,4,1,3,0,,0.038,12-24 Months,Mid Value,0,At Risk
CUST04176,Female,59,Single,Tier 1,Mobile,Debit Card,Electronics,2024-10-31,2,3.6,3657.18,7,25600.26,13165.85,0.0,58,7.0,4,1,No,6.55,5,0,9,2,1,2024-12-18,0.0,0-3 Months,High Value,1,Slipping
CUST04177,Female,52,Single,Tier 1,Mobile,Debit Card,Beauty,2024-05-01,8,0.5,1101.86,4,4407.44,550.93,0.0,140,4.2,2,0,No Complaint,458.32,4,1,4,3,1,2024-06-11,0.25,6-12 Months,Low Value,0,Dormant
CUST04178,Female,47,Married,Tier 1,Desktop,Credit Card,Beauty,2024-03-01,10,4.4,909.58,44,40021.52,4002.15,96051.6,5,4.5,4,0,No Complaint,506.87,7,15,6,2,0,,0.341,6-12 Months,High Value,0,Active
CUST04179,Male,29,Married,Tier 3,Mobile,Credit Card,Beauty,2022-12-30,24,0.7,415.52,17,7063.84,290.86,0.0,55,8.8,2,1,Yes,341.98,4,3,10,3,1,2023-10-05,0.176,12-24 Months,Low Value,0,Slipping
CUST04180,Male,52,Married,Tier 3,Mobile,UPI,Home & Kitchen,2021-12-29,36,2.1,564.65,76,42913.4,1185.77,0.0,81,6.2,5,1,Yes,59.26,4,22,3,6,1,2024-07-06,0.289,24+ Months,Mid Value,0,At Risk
CUST04181,Male,28,Single,Tier 2,Mobile,Wallet,Home & Kitchen,2024-07-01,6,1.3,2166.88,8,17335.04,2816.94,67606.56,108,4.0,3,3,Yes,23.51,2,0,1,4,0,,0.0,3-6 Months,High Value,0,Dormant
CUST04182,Female,61,Married,Tier 3,Mobile,Credit Card,Sports,2024-01-31,11,1.1,150.0,12,1800.0,165.0,3960.0,28,5.2,5,0,No Complaint,161.59,4,0,9,4,0,,0.0,6-12 Months,Low Value,0,Active
CUST04183,Female,21,Single,Tier 2,Desktop,Wallet,Fashion,2023-07-01,18,0.9,255.53,16,4088.48,229.98,5519.52,78,5.5,3,0,No Complaint,59.51,4,3,1,4,0,,0.188,12-24 Months,Low Value,0,At Risk
CUST04184,Male,42,Married,Tier 2,Mobile,Credit Card,Electronics,2024-07-01,6,4.8,290.52,29,8425.08,1394.5,33468.0,102,6.0,3,0,No Complaint,40.55,1,8,2,3,0,,0.276,3-6 Months,Mid Value,0,Dormant
CUST04185,Male,49,Single,Tier 2,Mobile,UPI,Grocery,2021-12-29,36,3.7,2038.0,133,271054.0,7540.6,180974.4,92,2.6,3,0,No Complaint,184.55,1,3,1,5,0,,0.023,24+ Months,High Value,0,Dormant
CUST04186,Female,37,Single,Tier 1,Desktop,Credit Card,Beauty,2022-06-30,30,1.9,1445.94,57,82418.58,2747.29,65934.96,103,7.4,4,1,No,249.81,1,27,11,1,0,,0.474,24+ Months,High Value,1,Dormant
CUST04187,Male,48,Married,Tier 1,Desktop,UPI,Grocery,2024-07-01,6,2.7,441.81,16,7068.96,1192.89,28629.36,119,7.1,4,1,Yes,134.87,3,4,17,3,0,,0.25,3-6 Months,Mid Value,0,Dormant
CUST04188,Female,21,Married,Tier 2,Mobile,Net Banking,Fashion,2024-01-31,11,10.4,645.4,114,73575.6,6712.16,161091.84,68,2.8,2,0,No Complaint,69.42,2,14,3,7,0,,0.123,6-12 Months,High Value,0,At Risk
CUST04189,Female,55,Married,Tier 2,Mobile,COD,Home & Kitchen,2024-08-31,4,1.3,983.27,5,4916.35,1278.25,30678.0,12,4.5,2,1,Yes,129.33,3,1,3,2,0,,0.2,3-6 Months,Mid Value,0,Active
CUST04190,Female,64,Single,Tier 2,Desktop,COD,Sports,2024-01-31,11,2.0,1833.12,22,40328.64,3666.24,87989.76,10,4.6,3,0,No Complaint,164.81,2,2,1,8,0,,0.091,6-12 Months,High Value,0,Active
CUST04191,Female,18,Married,Tier 2,Desktop,Debit Card,Electronics,2022-12-30,24,1.9,441.8,46,20322.8,839.42,0.0,154,4.8,3,1,Yes,9.59,0,1,1,2,1,2024-06-07,0.022,12-24 Months,Low Value,0,Dormant
CUST04192,Female,20,Married,Tier 1,Mobile,Debit Card,Fashion,2024-10-31,2,6.9,985.59,14,13798.26,6800.57,0.0,122,5.9,5,2,Yes,105.6,3,1,2,3,1,2024-11-09,0.071,0-3 Months,High Value,0,Dormant
CUST04193,Male,54,Married,Tier 2,Desktop,Wallet,Fashion,2022-06-30,30,1.1,705.56,33,23283.48,776.12,0.0,137,3.9,4,0,No Complaint,164.18,2,6,16,5,1,2024-10-27,0.182,24+ Months,Low Value,0,Dormant
CUST04194,Female,39,Single,Tier 2,Mobile,UPI,Fashion,2023-07-01,18,10.7,835.4,193,161232.2,8938.78,0.0,167,5.3,2,0,No Complaint,24.96,2,8,7,2,1,2024-09-20,0.041,12-24 Months,High Value,0,Dormant
CUST04195,Female,34,Single,Tier 2,Mobile,COD,Beauty,2021-12-29,36,0.9,479.36,32,15339.52,431.42,0.0,135,5.6,1,1,Yes,107.23,3,5,1,4,1,2022-07-04,0.156,24+ Months,Low Value,0,Dormant
CUST04196,Male,31,Married,Tier 3,Mobile,Debit Card,Home & Kitchen,2024-12-01,1,0.5,1039.9,1,1039.9,519.95,0.0,124,5.4,2,2,Yes,76.64,3,0,8,4,1,2024-12-31,0.0,0-3 Months,Low Value,0,Dormant
CUST04197,Male,58,Married,Tier 2,Mobile,Wallet,Fashion,2022-06-30,30,0.5,519.2,15,7788.0,259.6,0.0,118,5.4,4,0,No Complaint,364.33,3,0,1,3,1,2023-02-12,0.0,24+ Months,Low Value,0,Dormant
CUST04198,Male,52,Married,Tier 2,Mobile,COD,Grocery,2022-06-30,30,1.4,959.91,42,40316.22,1343.87,0.0,47,5.5,5,0,No Complaint,120.99,4,3,4,4,1,2024-10-13,0.071,24+ Months,Mid Value,0,Slipping
CUST04199,Male,30,Single,Tier 3,Mobile,Wallet,Beauty,2024-10-01,3,2.6,2680.47,8,21443.76,6969.22,0.0,172,4.9,4,5,Yes,100.01,5,1,22,6,1,2024-11-27,0.125,0-3 Months,High Value,0,Dormant
CUST04200,Female,52,Married,Tier 3,Mobile,Debit Card,Fashion,2024-07-01,6,1.8,1864.23,11,20506.53,3355.61,80534.64,98,1.0,4,1,Yes,50.32,1,3,8,4,0,,0.273,3-6 Months,High Value,0,Dormant
CUST04201,Female,60,Married,Tier 3,Mobile,UPI,Grocery,2021-12-29,36,1.2,2375.27,43,102136.61,2850.32,68407.68,40,2.7,3,1,No,568.36,1,6,8,6,0,,0.14,24+ Months,High Value,1,Slipping
CUST04202,Male,19,Single,Tier 1,Mobile,Credit Card,Beauty,2024-01-31,11,2.1,1120.46,23,25770.58,2352.97,56471.28,38,2.2,5,0,No Complaint,584.7,4,1,9,3,0,,0.043,6-12 Months,Mid Value,0,Slipping
CUST04203,Male,64,Married,Tier 1,Mobile,COD,Home & Kitchen,2024-05-01,8,4.6,1984.23,37,73416.51,9127.46,0.0,146,2.6,2,1,No,82.24,3,7,1,3,1,2024-12-13,0.189,6-12 Months,High Value,1,Dormant
CUST04204,Female,30,Single,Tier 1,Desktop,COD,Electronics,2021-12-29,36,4.6,254.28,166,42210.48,1169.69,28072.56,45,2.7,5,5,Yes,476.22,0,7,1,4,0,,0.042,24+ Months,Mid Value,0,Slipping
CUST04205,Male,33,Single,Tier 1,Mobile,UPI,Beauty,2024-10-31,2,3.2,274.18,6,1645.08,877.38,21057.12,8,6.4,2,1,Yes,173.5,2,0,4,6,0,,0.0,0-3 Months,Mid Value,0,Active
CUST04206,Male,35,Married,Tier 3,Desktop,Credit Card,Electronics,2024-03-01,10,7.6,444.3,76,33766.8,3376.68,81040.32,77,6.9,3,0,No Complaint,273.4,3,0,2,2,0,,0.0,6-12 Months,High Value,0,At Risk
CUST04207,Female,24,Married,Tier 2,Mobile,UPI,Fashion,2023-07-01,18,2.2,466.28,40,18651.2,1025.82,0.0,147,5.7,4,4,Yes,16.95,3,4,1,2,1,2024-06-22,0.1,12-24 Months,Mid Value,0,Dormant
CUST04208,Female,62,Married,Tier 1,Mobile,Net Banking,Fashion,2023-07-01,18,0.5,1869.71,9,16827.39,934.86,0.0,75,2.7,1,1,No,3.88,3,0,3,3,1,2023-07-28,0.0,12-24 Months,Mid Value,1,At Risk
CUST04209,Male,53,Single,Tier 1,Mobile,UPI,Electronics,2024-08-01,5,0.9,312.28,4,1249.12,281.05,6745.2,144,2.8,3,0,No Complaint,129.91,4,0,6,5,0,,0.0,3-6 Months,Low Value,0,Dormant
CUST04210,Male,58,Single,Tier 1,Tablet,Debit Card,Fashion,2023-12-31,12,1.0,347.33,12,4167.96,347.33,8335.92,149,3.3,3,1,Yes,14.21,4,1,1,5,0,,0.083,6-12 Months,Low Value,0,Dormant
CUST04211,Male,47,Married,Tier 2,Mobile,UPI,Electronics,2022-12-30,24,2.0,824.41,48,39571.68,1648.82,39571.68,154,3.2,4,0,No Complaint,400.11,3,3,29,2,0,,0.062,12-24 Months,Mid Value,0,Dormant
CUST04212,Female,59,Single,Tier 2,Mobile,Credit Card,Grocery,2023-07-01,18,5.9,988.21,106,104750.26,5830.44,139930.56,106,6.9,4,1,Yes,308.82,2,4,12,5,0,,0.038,12-24 Months,High Value,0,Dormant
CUST04213,Female,58,Married,Tier 3,Mobile,Wallet,Grocery,2022-12-30,24,4.6,1656.62,110,182228.2,7620.45,0.0,126,2.1,2,2,No,225.84,4,3,11,5,1,2024-02-27,0.027,12-24 Months,High Value,1,Dormant
CUST04214,Male,24,Single,Tier 3,Tablet,UPI,Fashion,2024-08-01,5,0.7,744.58,4,2978.32,521.21,12509.04,47,5.1,1,1,Yes,5.74,2,0,17,4,0,,0.0,3-6 Months,Low Value,0,Slipping
CUST04215,Female,32,Married,Tier 1,Tablet,UPI,Electronics,2022-06-30,30,1.8,790.05,54,42662.7,1422.09,34130.16,18,2.2,4,0,No Complaint,110.36,4,8,7,2,0,,0.148,24+ Months,Mid Value,0,Active
CUST04216,Female,57,Married,Tier 1,Mobile,UPI,Grocery,2024-04-01,9,2.7,1670.77,24,40098.48,4511.08,0.0,96,5.4,4,3,Yes,14.64,2,6,5,3,1,2024-04-28,0.25,6-12 Months,High Value,0,Dormant
CUST04217,Male,36,Single,Tier 1,Mobile,Credit Card,Electronics,2021-12-29,36,11.0,478.22,396,189375.12,5260.42,126250.08,2,3.8,4,3,Yes,475.21,2,194,5,3,0,,0.49,24+ Months,High Value,0,Active
CUST04218,Male,60,Married,Tier 2,Mobile,Debit Card,Electronics,2024-12-01,1,0.5,978.35,1,978.35,489.18,11740.32,84,2.5,5,0,No Complaint,170.7,3,0,2,1,0,,0.0,0-3 Months,Low Value,0,At Risk
CUST04219,Female,54,Single,Tier 3,Mobile,Credit Card,Beauty,2024-05-01,8,1.6,1338.05,13,17394.65,2140.88,51381.12,19,3.5,3,1,Yes,30.64,2,2,4,5,0,,0.154,6-12 Months,Mid Value,0,Active
CUST04220,Male,19,Single,Tier 2,Mobile,Debit Card,Fashion,2024-10-01,3,11.1,692.79,33,22862.07,7689.97,0.0,20,5.4,2,5,Yes,148.03,3,5,13,2,1,2024-11-20,0.152,0-3 Months,High Value,0,Active
CUST04221,Male,59,Married,Tier 2,Desktop,UPI,Fashion,2023-12-31,12,9.5,1640.04,114,186964.56,15580.38,373929.12,156,1.6,4,0,No Complaint,22.71,0,5,6,1,0,,0.044,6-12 Months,High Value,0,Dormant
CUST04222,Female,30,Married,Tier 2,Desktop,Net Banking,Fashion,2024-08-01,5,1.0,492.88,5,2464.4,492.88,11829.12,115,3.4,5,0,No Complaint,28.34,2,0,2,1,0,,0.0,3-6 Months,Low Value,0,Dormant
CUST04223,Female,57,Single,Tier 1,Mobile,COD,Fashion,2022-12-30,24,0.5,2680.2,12,32162.4,1340.1,0.0,116,4.2,4,0,No Complaint,15.2,4,1,16,5,1,2024-05-27,0.083,12-24 Months,Mid Value,0,Dormant
CUST04224,Female,58,Married,Tier 1,Mobile,Wallet,Sports,2021-12-29,36,2.2,720.31,79,56904.49,1584.68,38032.32,73,2.0,4,0,No Complaint,369.65,4,17,8,3,0,,0.215,24+ Months,Mid Value,0,At Risk
CUST04225,Female,60,Single,Tier 2,Mobile,Wallet,Electronics,2024-08-31,4,5.0,660.29,20,13205.8,3301.45,79234.8,74,2.8,4,0,No Complaint,142.01,3,2,7,6,0,,0.1,3-6 Months,High Value,0,At Risk
CUST04226,Female,60,Single,Tier 2,Mobile,Credit Card,Grocery,2024-10-01,3,1.0,322.92,3,968.76,322.92,0.0,55,7.1,3,1,No,71.52,2,1,28,3,1,2024-11-17,0.333,0-3 Months,Low Value,1,Slipping
CUST04227,Male,48,Married,Tier 1,Mobile,Credit Card,Beauty,2022-06-30,30,6.8,409.91,204,83621.64,2787.39,0.0,78,2.1,1,0,No Complaint,0.12,3,39,21,3,1,2023-02-26,0.191,24+ Months,High Value,0,At Risk
CUST04228,Female,33,Married,Tier 2,Mobile,COD,Fashion,2024-06-01,7,1.0,508.71,7,3560.97,508.71,0.0,106,3.5,2,1,Yes,114.97,4,1,1,6,1,2024-09-07,0.143,6-12 Months,Low Value,0,Dormant
CUST04229,Male,59,Married,Tier 3,Mobile,UPI,Fashion,2024-04-01,9,2.4,407.66,22,8968.52,978.38,0.0,34,5.4,4,0,No Complaint,129.42,4,1,11,7,1,2024-05-12,0.045,6-12 Months,Mid Value,0,Slipping
CUST04230,Male,61,Married,Tier 2,Mobile,UPI,Home & Kitchen,2024-08-31,4,3.2,392.38,13,5100.94,1255.62,0.0,47,4.4,3,0,No Complaint,73.86,3,0,19,2,1,2024-10-17,0.0,3-6 Months,Mid Value,0,Slipping
CUST04231,Female,23,Married,Tier 2,Desktop,UPI,Home & Kitchen,2024-04-01,9,1.1,925.85,10,9258.5,1018.44,24442.56,89,3.5,5,2,No,119.21,6,1,16,3,0,,0.1,6-12 Months,Mid Value,1,At Risk
CUST04232,Female,45,Married,Tier 2,Mobile,Credit Card,Electronics,2024-08-31,4,1.1,1367.58,4,5470.32,1504.34,0.0,69,5.9,2,1,Yes,19.11,1,1,18,6,1,2024-09-28,0.25,3-6 Months,Mid Value,0,At Risk
CUST04233,Male,49,Single,Tier 2,Mobile,Debit Card,Electronics,2023-07-01,18,1.6,1091.93,29,31665.97,1747.09,0.0,147,1.0,1,2,No,459.33,3,4,13,4,1,2023-07-29,0.138,12-24 Months,Mid Value,1,Dormant
CUST04234,Female,61,Married,Tier 3,Mobile,UPI,Beauty,2024-03-01,10,4.5,150.0,45,6750.0,675.0,16200.0,148,5.8,2,0,No Complaint,53.8,6,3,36,5,0,,0.067,6-12 Months,Low Value,0,Dormant
CUST04235,Male,27,Married,Tier 3,Mobile,UPI,Electronics,2022-06-30,30,0.5,433.1,15,6496.5,216.55,5197.2,61,2.8,4,0,No Complaint,533.9,3,5,3,5,0,,0.333,24+ Months,Low Value,0,At Risk
CUST04236,Male,35,Married,Tier 1,Tablet,COD,Fashion,2024-07-01,6,2.5,1990.15,15,29852.25,4975.38,119409.12,81,1.0,4,0,No Complaint,122.22,1,0,1,5,0,,0.0,3-6 Months,High Value,0,At Risk
CUST04237,Male,21,Married,Tier 2,Desktop,UPI,Fashion,2024-01-31,11,2.8,350.52,31,10866.12,981.46,23555.04,175,8.4,4,2,No,349.74,2,5,1,6,0,,0.161,6-12 Months,Mid Value,1,Dormant
CUST04238,Female,26,Single,Tier 1,Mobile,Wallet,Electronics,2024-08-01,5,2.0,824.9,10,8249.0,1649.8,0.0,149,4.6,2,0,No Complaint,154.96,4,1,14,4,1,2024-10-21,0.1,3-6 Months,Mid Value,0,Dormant
CUST04239,Female,24,Single,Tier 1,Desktop,UPI,Fashion,2021-12-29,36,6.9,416.83,248,103373.84,2876.13,69027.12,39,5.9,4,5,Yes,334.9,3,28,5,7,0,,0.113,24+ Months,High Value,0,Slipping
CUST04240,Male,25,Married,Tier 2,Mobile,Debit Card,Electronics,2024-01-31,11,2.3,2239.0,25,55975.0,5149.7,123592.8,51,6.4,4,2,Yes,1.83,6,1,2,0,0,,0.04,6-12 Months,High Value,0,Slipping
CUST04241,Female,60,Single,Tier 3,Tablet,Credit Card,Beauty,2024-10-01,3,2.5,514.82,8,4118.56,1287.05,30889.2,15,2.8,4,0,No Complaint,37.15,7,1,9,3,0,,0.125,0-3 Months,Mid Value,0,Active
CUST04242,Male,24,Married,Tier 2,Mobile,UPI,Grocery,2024-08-01,5,2.3,1453.08,12,17436.96,3342.08,0.0,122,4.0,3,3,Yes,78.63,2,2,1,5,1,2024-08-26,0.167,3-6 Months,High Value,0,Dormant
CUST04243,Female,58,Married,Tier 1,Mobile,Credit Card,Fashion,2024-10-31,2,3.2,540.73,6,3244.38,1730.34,0.0,57,4.4,2,0,No Complaint,63.21,4,0,2,2,1,2024-12-23,0.0,0-3 Months,Mid Value,0,Slipping
CUST04244,Male,57,Married,Tier 1,Mobile,Credit Card,Electronics,2024-12-01,1,0.5,164.33,1,164.33,82.16,0.0,97,3.2,5,1,Yes,527.83,0,0,4,6,1,2024-12-23,0.0,0-3 Months,Low Value,0,Dormant
CUST04245,Male,20,Married,Tier 2,Desktop,Net Banking,Beauty,2024-01-31,11,5.6,1248.48,62,77405.76,6991.49,0.0,138,6.6,4,1,No,90.36,4,16,2,2,1,2024-12-28,0.258,6-12 Months,High Value,1,Dormant
CUST04246,Female,34,Single,Tier 1,Mobile,COD,Fashion,2024-07-01,6,0.5,234.3,3,702.9,117.15,2811.6,150,6.9,5,0,No Complaint,644.33,1,0,3,1,0,,0.0,3-6 Months,Low Value,0,Dormant
CUST04247,Male,19,Married,Tier 1,Desktop,UPI,Fashion,2021-12-29,36,2.6,473.77,94,44534.38,1231.8,0.0,59,4.3,3,0,No Complaint,189.49,2,15,1,0,1,2023-11-15,0.16,24+ Months,Mid Value,0,Slipping
CUST04248,Male,32,Married,Tier 2,Mobile,UPI,Electronics,2024-10-01,3,2.4,3314.69,7,23202.83,7955.26,0.0,43,5.4,3,0,No Complaint,324.93,3,0,1,8,1,2024-10-19,0.0,0-3 Months,High Value,0,Slipping
CUST04249,Female,63,Single,Tier 1,Desktop,UPI,Fashion,2022-06-30,30,0.6,8028.99,18,144521.82,4817.39,0.0,152,6.0,3,1,Yes,90.11,3,1,5,7,1,2022-11-17,0.056,24+ Months,High Value,0,Dormant
CUST04250,Female,46,Single,Tier 2,Mobile,UPI,Home & Kitchen,2024-07-01,6,0.5,910.58,3,2731.74,455.29,0.0,69,5.0,3,0,No Complaint,37.95,2,0,1,3,1,2024-07-10,0.0,3-6 Months,Low Value,0,At Risk
CUST04251,Male,39,Single,Tier 3,Desktop,Credit Card,Grocery,2024-08-31,4,0.5,481.06,2,962.12,240.53,0.0,148,3.5,4,1,Yes,9.32,3,0,10,4,1,2024-10-06,0.0,3-6 Months,Low Value,0,Dormant
CUST04252,Male,21,Married,Tier 1,Mobile,Wallet,Electronics,2021-12-29,36,0.8,914.28,29,26514.12,731.42,17554.08,27,1.0,4,0,No Complaint,192.29,5,0,1,3,0,,0.0,24+ Months,Low Value,0,Active
CUST04253,Male,23,Single,Tier 2,Mobile,Credit Card,Beauty,2022-06-30,30,5.3,357.87,159,56901.33,1896.71,0.0,164,4.7,3,1,No,642.32,5,8,12,5,1,2024-10-26,0.05,24+ Months,Mid Value,1,Dormant
CUST04254,Male,55,Single,Tier 2,Tablet,COD,Electronics,2023-07-01,18,4.8,668.11,86,57457.46,3206.93,76966.32,87,5.9,2,0,No Complaint,22.65,3,1,1,3,0,,0.012,12-24 Months,High Value,0,At Risk
CUST04255,Male,43,Single,Tier 2,Tablet,Debit Card,Fashion,2022-12-30,24,0.5,2756.38,12,33076.56,1378.19,0.0,31,2.8,3,2,No,265.92,2,2,29,4,1,2024-04-26,0.167,12-24 Months,Mid Value,1,Slipping
CUST04256,Female,28,Married,Tier 2,Desktop,COD,Fashion,2021-12-29,36,0.9,1039.64,32,33268.48,935.68,22456.32,96,4.8,5,5,Yes,81.63,4,5,4,3,0,,0.156,24+ Months,Mid Value,0,Dormant
CUST04257,Female,43,Married,Tier 1,Mobile,UPI,Grocery,2023-07-01,18,5.5,331.73,99,32841.27,1824.52,43788.48,156,5.3,2,3,Yes,905.45,1,14,3,3,0,,0.141,12-24 Months,Mid Value,0,Dormant
CUST04258,Male,34,Married,Tier 3,Mobile,COD,Fashion,2024-10-31,2,0.7,1193.33,1,1193.33,835.33,0.0,70,5.3,3,0,No Complaint,367.29,1,0,3,4,1,2024-12-14,0.0,0-3 Months,Low Value,0,At Risk
CUST04259,Male,41,Married,Tier 3,Mobile,Net Banking,Fashion,2024-12-01,1,13.8,270.93,14,3793.02,3738.83,0.0,32,4.7,4,0,No Complaint,47.23,3,5,2,2,1,2024-12-27,0.357,0-3 Months,High Value,0,Slipping
CUST04260,Male,45,Single,Tier 1,Mobile,UPI,Fashion,2023-07-01,18,0.7,241.34,13,3137.42,168.94,0.0,104,2.7,4,0,No Complaint,261.25,2,2,2,1,1,2023-11-20,0.154,12-24 Months,Low Value,0,Dormant
CUST04261,Male,52,Married,Tier 1,Mobile,Credit Card,Fashion,2023-07-01,18,3.4,1534.61,61,93611.21,5217.67,125224.08,150,6.7,5,2,Yes,238.52,3,3,14,4,0,,0.049,12-24 Months,High Value,0,Dormant
CUST04262,Female,48,Single,Tier 1,Mobile,Wallet,Beauty,2022-12-30,24,1.3,526.04,31,16307.24,683.85,16412.4,22,4.4,2,0,No Complaint,259.46,2,1,5,6,0,,0.032,12-24 Months,Low Value,0,Active
CUST04263,Male,30,Married,Tier 1,Desktop,COD,Home & Kitchen,2024-10-31,2,0.5,2701.18,1,2701.18,1350.59,0.0,8,3.5,2,1,Yes,15.56,2,0,1,3,1,2024-12-18,0.0,0-3 Months,Mid Value,0,Active
CUST04264,Male,52,Married,Tier 2,Desktop,UPI,Beauty,2021-12-29,36,0.7,429.21,25,10730.25,300.45,7210.8,11,1.5,3,1,No,298.38,1,9,14,2,0,,0.36,24+ Months,Low Value,1,Active
CUST04265,Female,33,Single,Tier 1,Mobile,Debit Card,Grocery,2023-12-31,12,2.8,2120.19,34,72086.46,5936.53,142476.72,42,5.2,3,0,No Complaint,54.55,1,1,16,4,0,,0.029,6-12 Months,High Value,0,Slipping
CUST04266,Male,32,Single,Tier 1,Mobile,Credit Card,Home & Kitchen,2023-07-01,18,1.0,2833.02,18,50994.36,2833.02,67992.48,2,8.9,3,1,Yes,160.67,0,1,21,7,0,,0.056,12-24 Months,High Value,0,Active
CUST04267,Female,60,Married,Tier 3,Mobile,Credit Card,Fashion,2024-12-01,1,2.3,1001.18,2,2002.36,2302.71,0.0,77,4.1,3,0,No Complaint,22.07,1,0,1,4,1,2024-12-23,0.0,0-3 Months,Mid Value,0,At Risk
CUST04268,Male,35,Single,Tier 1,Desktop,Credit Card,Fashion,2021-12-29,36,0.6,726.46,22,15982.12,435.88,10461.12,125,3.6,5,0,No Complaint,147.01,2,3,5,4,0,,0.136,24+ Months,Low Value,0,Dormant
CUST04269,Female,64,Single,Tier 3,Mobile,UPI,Electronics,2023-12-31,12,1.5,589.74,18,10615.32,884.61,0.0,128,4.5,5,0,No Complaint,426.4,7,2,7,6,1,2024-08-27,0.111,6-12 Months,Mid Value,0,Dormant
CUST04270,Female,54,Married,Tier 2,Mobile,Debit Card,Electronics,2023-12-31,12,1.8,616.15,22,13555.3,1109.07,26617.68,114,4.4,5,0,No Complaint,35.1,3,6,15,4,0,,0.273,6-12 Months,Mid Value,0,Dormant
CUST04271,Female,58,Married,Tier 1,Mobile,COD,Electronics,2021-12-29,36,1.3,292.55,47,13749.85,380.32,9127.68,54,3.8,4,0,No Complaint,347.64,2,2,8,1,0,,0.043,24+ Months,Low Value,0,Slipping
CUST04272,Female,44,Married,Tier 2,Mobile,Net Banking,Fashion,2021-12-29,36,0.6,1405.99,22,30931.78,843.59,20246.16,132,8.2,1,1,No,102.91,5,0,5,8,0,,0.0,24+ Months,Low Value,1,Dormant
CUST04273,Male,52,Married,Tier 2,Desktop,UPI,Fashion,2024-08-31,4,1.5,1371.88,6,8231.28,2057.82,0.0,104,4.6,2,4,No,70.04,5,0,12,2,1,2024-10-27,0.0,3-6 Months,Mid Value,1,Dormant
CUST04274,Male,62,Single,Tier 2,Desktop,COD,Grocery,2021-12-29,36,3.0,764.63,108,82580.04,2293.89,0.0,155,2.2,4,1,No,10.58,4,6,5,3,1,2022-01-08,0.056,24+ Months,Mid Value,1,Dormant
CUST04275,Female,52,Single,Tier 1,Mobile,UPI,Home & Kitchen,2022-12-30,24,8.4,916.87,202,185207.74,7701.71,184841.04,86,2.4,4,0,No Complaint,135.33,2,58,3,5,0,,0.287,12-24 Months,High Value,0,At Risk
CUST04276,Female,45,Married,Tier 2,Mobile,Credit Card,Electronics,2024-12-01,1,3.9,653.43,4,2613.72,2548.38,0.0,33,6.6,4,0,No Complaint,40.15,3,1,7,4,1,2024-12-29,0.25,0-3 Months,High Value,0,Slipping
CUST04277,Male,56,Married,Tier 3,Tablet,Net Banking,Fashion,2024-08-31,4,0.5,383.18,2,766.36,191.59,4598.16,114,5.0,4,1,No,506.72,1,0,6,3,0,,0.0,3-6 Months,Low Value,1,Dormant
CUST04278,Male,55,Single,Tier 2,Mobile,Credit Card,Beauty,2024-05-01,8,0.8,360.39,6,2162.34,288.31,6919.44,27,3.9,5,3,Yes,48.96,5,1,5,6,0,,0.167,6-12 Months,Low Value,0,Active
CUST04279,Male,26,Single,Tier 1,Desktop,UPI,Electronics,2023-07-01,18,0.5,603.13,9,5428.17,301.56,0.0,173,3.7,4,0,No Complaint,159.08,1,1,2,3,1,2023-09-20,0.111,12-24 Months,Low Value,0,Dormant
CUST04280,Male,29,Single,Tier 2,Desktop,UPI,Fashion,2022-12-30,24,0.5,682.12,12,8185.44,341.06,0.0,126,5.8,3,0,No Complaint,147.18,5,2,15,4,1,2023-01-18,0.167,12-24 Months,Low Value,0,Dormant
CUST04281,Male,32,Married,Tier 2,Desktop,Credit Card,Electronics,2024-08-31,4,0.7,2015.96,3,6047.88,1411.17,0.0,136,3.1,2,1,No,73.93,3,0,1,2,1,2024-10-02,0.0,3-6 Months,Mid Value,1,Dormant
CUST04282,Female,38,Single,Tier 2,Mobile,COD,Beauty,2022-06-30,30,0.6,1433.58,18,25804.44,860.15,20643.6,122,4.2,3,4,Yes,343.98,2,3,1,6,0,,0.167,24+ Months,Low Value,0,Dormant
CUST04283,Male,52,Married,Tier 2,Mobile,Wallet,Beauty,2022-06-30,30,0.6,2639.22,18,47505.96,1583.53,38004.72,18,5.8,4,1,No,36.43,5,5,1,2,0,,0.278,24+ Months,Mid Value,1,Active
CUST04284,Male,59,Married,Tier 2,Desktop,COD,Grocery,2023-07-01,18,0.7,1455.51,13,18921.63,1018.86,24452.64,84,3.2,3,2,No,305.75,6,2,1,5,0,,0.154,12-24 Months,Mid Value,1,At Risk
CUST04285,Female,50,Married,Tier 3,Mobile,Net Banking,Electronics,2021-12-29,36,0.9,296.05,32,9473.6,266.44,6394.56,117,6.8,2,0,No Complaint,41.86,4,8,17,7,0,,0.25,24+ Months,Low Value,0,Dormant
CUST04286,Female,36,Married,Tier 2,Mobile,COD,Electronics,2022-06-30,30,0.5,317.61,15,4764.15,158.8,3811.2,42,1.6,5,0,No Complaint,7.18,6,1,12,5,0,,0.067,24+ Months,Low Value,0,Slipping
CUST04287,Female,40,Single,Tier 2,Mobile,Net Banking,Fashion,2024-08-31,4,0.8,427.46,3,1282.38,341.97,0.0,122,4.6,3,1,Yes,518.36,4,0,3,4,1,2024-09-27,0.0,3-6 Months,Low Value,0,Dormant
CUST04288,Female,30,Single,Tier 1,Mobile,UPI,Home & Kitchen,2022-06-30,30,2.9,701.42,87,61023.54,2034.12,48818.88,147,4.6,3,1,Yes,182.55,2,14,2,4,0,,0.161,24+ Months,Mid Value,0,Dormant
CUST04289,Male,61,Married,Tier 3,Desktop,Net Banking,Grocery,2021-12-29,36,0.7,521.47,25,13036.75,365.03,0.0,50,1.0,2,3,Yes,179.2,5,5,4,3,1,2022-10-31,0.2,24+ Months,Low Value,0,Slipping
CUST04290,Female,18,Single,Tier 3,Mobile,Credit Card,Fashion,2024-10-01,3,0.5,1457.4,2,2914.8,728.7,0.0,36,3.2,5,1,No,55.43,2,0,6,6,1,2024-12-10,0.0,0-3 Months,Low Value,1,Slipping
CUST04291,Female,46,Single,Tier 1,Desktop,Net Banking,Grocery,2021-12-29,36,0.5,2048.68,18,36876.24,1024.34,0.0,159,5.6,5,0,No Complaint,26.97,2,1,3,5,1,2024-12-13,0.056,24+ Months,Mid Value,0,Dormant
CUST04292,Male,41,Married,Tier 2,Desktop,UPI,Electronics,2024-12-01,1,1.7,385.37,2,770.74,655.13,0.0,1,3.2,4,1,Yes,220.39,5,1,19,4,1,2024-12-14,0.5,0-3 Months,Low Value,0,Active
CUST04293,Female,33,Married,Tier 1,Mobile,COD,Sports,2024-01-31,11,4.6,284.28,51,14498.28,1307.69,0.0,46,4.0,4,1,No,131.64,3,3,1,5,1,2024-03-27,0.059,6-12 Months,Mid Value,1,Slipping
CUST04294,Female,42,Married,Tier 3,Mobile,COD,Beauty,2022-12-30,24,0.5,2838.63,12,34063.56,1419.32,34063.68,73,3.8,5,2,No,68.87,8,2,26,3,0,,0.167,12-24 Months,Mid Value,1,At Risk
CUST04295,Male,40,Single,Tier 2,Desktop,Wallet,Fashion,2022-06-30,30,2.0,1055.74,60,63344.4,2111.48,0.0,121,6.3,3,4,Yes,68.57,0,3,7,2,1,2024-09-01,0.05,24+ Months,Mid Value,0,Dormant
CUST04296,Male,45,Single,Tier 1,Mobile,COD,Beauty,2022-12-30,24,2.6,617.24,62,38268.88,1604.82,0.0,179,5.1,3,0,No Complaint,396.1,1,20,23,2,1,2023-10-21,0.323,12-24 Months,Mid Value,0,Dormant
CUST04297,Male,64,Married,Tier 3,Tablet,Credit Card,Electronics,2024-01-31,11,2.2,2716.5,24,65196.0,5976.3,0.0,67,3.7,1,1,No,396.77,3,0,10,5,1,2024-05-31,0.0,6-12 Months,High Value,1,At Risk
CUST04298,Male,33,Married,Tier 1,Desktop,Debit Card,Fashion,2023-07-01,18,5.3,2146.59,95,203926.05,11376.93,0.0,170,3.2,3,0,No Complaint,57.79,2,1,1,2,1,2024-05-04,0.011,12-24 Months,High Value,0,Dormant
CUST04299,Male,60,Married,Tier 3,Mobile,Credit Card,Beauty,2022-12-30,24,5.0,593.39,120,71206.8,2966.95,71206.8,66,6.1,3,0,No Complaint,284.51,1,8,9,7,0,,0.067,12-24 Months,High Value,0,At Risk
CUST04300,Female,55,Single,Tier 2,Desktop,UPI,Grocery,2024-03-01,10,0.5,1651.29,5,8256.45,825.64,19815.36,125,4.8,5,0,No Complaint,46.27,2,2,28,7,0,,0.4,6-12 Months,Low Value,0,Dormant
CUST04301,Male,28,Single,Tier 1,Mobile,UPI,Fashion,2023-07-01,18,1.1,2011.45,20,40229.0,2212.6,53102.4,30,6.3,3,2,Yes,297.01,1,1,6,5,0,,0.05,12-24 Months,Mid Value,0,Active
CUST04302,Female,20,Married,Tier 1,Mobile,UPI,Grocery,2022-06-30,30,2.8,1614.84,84,135646.56,4521.55,108517.2,83,5.6,5,3,Yes,24.3,1,17,17,4,0,,0.202,24+ Months,High Value,0,At Risk
CUST04303,Female,32,Single,Tier 1,Desktop,Debit Card,Grocery,2024-07-01,6,7.6,2181.33,46,100341.18,16578.11,397874.64,156,1.0,4,0,No Complaint,255.5,2,11,37,6,0,,0.239,3-6 Months,High Value,0,Dormant
CUST04304,Female,18,Single,Tier 2,Desktop,Net Banking,Fashion,2024-01-31,11,4.1,461.89,45,20785.05,1893.75,0.0,58,6.4,2,2,Yes,146.02,2,3,3,4,1,2024-04-02,0.067,6-12 Months,Mid Value,0,Slipping
CUST04305,Female,24,Single,Tier 2,Mobile,Net Banking,Electronics,2024-12-01,1,0.5,914.41,1,914.41,457.2,10972.8,19,4.7,5,0,No Complaint,22.52,2,0,4,2,0,,0.0,0-3 Months,Low Value,0,Active
CUST04306,Male,18,Married,Tier 1,Mobile,UPI,Grocery,2022-12-30,24,0.8,2840.78,19,53974.82,2272.62,0.0,94,4.9,4,1,Yes,172.16,4,1,3,6,1,2023-02-16,0.053,12-24 Months,Mid Value,0,Dormant
CUST04307,Male,49,Single,Tier 1,Mobile,UPI,Fashion,2024-08-31,4,3.6,683.44,14,9568.16,2460.38,59049.12,79,1.0,4,2,Yes,38.47,1,0,21,6,0,,0.0,3-6 Months,Mid Value,0,At Risk
CUST04308,Female,26,Single,Tier 1,Mobile,UPI,Home & Kitchen,2024-03-01,10,1.6,571.58,16,9145.28,914.53,0.0,42,3.6,1,1,Yes,38.85,4,3,8,4,1,2024-07-01,0.188,6-12 Months,Mid Value,0,Slipping
CUST04309,Female,46,Married,Tier 2,Mobile,UPI,Fashion,2024-08-31,4,2.0,970.42,8,7763.36,1940.84,0.0,163,4.6,4,0,No Complaint,106.74,3,1,11,3,1,2024-10-23,0.125,3-6 Months,Mid Value,0,Dormant
CUST04310,Female,43,Single,Tier 2,Mobile,UPI,Fashion,2024-12-01,1,2.3,296.45,2,592.9,681.83,0.0,108,2.2,1,3,Yes,599.78,2,0,2,5,1,2024-12-21,0.0,0-3 Months,Low Value,0,Dormant
CUST04311,Male,40,Married,Tier 1,Mobile,Credit Card,Fashion,2024-03-01,10,0.5,1128.29,5,5641.45,564.14,13539.36,63,6.9,2,1,No,401.0,1,2,4,5,0,,0.4,6-12 Months,Low Value,1,At Risk
CUST04312,Female,62,Married,Tier 2,Desktop,Debit Card,Grocery,2024-04-01,9,4.8,279.74,43,12028.82,1342.75,0.0,179,5.8,2,4,Yes,315.27,3,4,8,5,1,2024-11-21,0.093,6-12 Months,Mid Value,0,Dormant
CUST04313,Male,60,Married,Tier 1,Mobile,Debit Card,Grocery,2024-04-01,9,5.0,2179.25,45,98066.25,10896.25,261510.0,25,3.8,3,2,Yes,342.85,2,1,11,3,0,,0.022,6-12 Months,High Value,0,Active
CUST04314,Female,46,Single,Tier 3,Mobile,Debit Card,Electronics,2024-08-31,4,1.6,288.64,6,1731.84,461.82,0.0,152,7.8,4,3,Yes,123.79,1,1,9,5,1,2024-09-08,0.167,3-6 Months,Low Value,0,Dormant
CUST04315,Female,55,Married,Tier 3,Desktop,Credit Card,Electronics,2021-12-29,36,2.5,1626.95,90,146425.5,4067.38,97617.12,42,5.2,4,0,No Complaint,84.52,2,12,10,5,0,,0.133,24+ Months,High Value,0,Slipping
CUST04316,Male,50,Single,Tier 2,Desktop,COD,Beauty,2024-12-01,1,2.7,538.72,3,1616.16,1454.54,0.0,43,7.0,2,5,Yes,387.73,3,0,8,6,1,2024-12-04,0.0,0-3 Months,Mid Value,0,Slipping
CUST04317,Female,24,Single,Tier 3,Tablet,COD,Fashion,2021-12-29,36,0.5,428.2,18,7707.6,214.1,5138.4,90,3.0,4,2,Yes,15.18,3,5,2,3,0,,0.278,24+ Months,Low Value,0,At Risk
CUST04318,Male,29,Married,Tier 3,Mobile,Credit Card,Electronics,2022-12-30,24,0.5,914.49,12,10973.88,457.24,10973.76,119,5.4,4,0,No Complaint,998.18,5,0,6,3,0,,0.0,12-24 Months,Low Value,0,Dormant
CUST04319,Male,48,Married,Tier 3,Mobile,UPI,Fashion,2024-10-01,3,0.5,1107.13,2,2214.26,553.57,0.0,124,6.9,1,3,No,144.93,2,0,18,4,1,2024-12-03,0.0,0-3 Months,Low Value,1,Dormant
CUST04320,Male,49,Single,Tier 2,Mobile,UPI,Fashion,2024-03-01,10,6.1,957.6,61,58413.6,5841.36,140192.64,4,6.6,3,2,Yes,139.96,3,1,1,4,0,,0.016,6-12 Months,High Value,0,Active
CUST04321,Female,37,Single,Tier 1,Mobile,UPI,Electronics,2021-12-29,36,1.1,1139.05,40,45562.0,1252.96,30071.04,52,6.3,4,1,Yes,62.14,1,2,2,5,0,,0.05,24+ Months,Mid Value,0,Slipping
CUST04322,Female,34,Single,Tier 1,Mobile,Credit Card,Fashion,2023-07-01,18,0.5,1456.39,9,13107.51,728.2,17476.8,119,6.7,4,0,No Complaint,33.62,3,2,5,2,0,,0.222,12-24 Months,Low Value,0,Dormant
CUST04323,Female,53,Married,Tier 1,Mobile,UPI,Fashion,2024-10-31,2,1.6,219.69,3,659.07,351.5,0.0,160,7.2,2,0,No Complaint,205.26,2,1,1,3,1,2024-12-08,0.333,0-3 Months,Low Value,0,Dormant
CUST04324,Male,20,Married,Tier 2,Mobile,Credit Card,Home & Kitchen,2024-04-01,9,0.5,986.99,4,3947.96,493.5,0.0,120,1.0,1,1,Yes,80.81,3,0,4,8,1,2024-12-31,0.0,6-12 Months,Low Value,0,Dormant
CUST04325,Female,18,Married,Tier 1,Mobile,UPI,Fashion,2024-03-01,10,0.5,345.58,5,1727.9,172.79,0.0,48,3.7,3,0,No Complaint,64.83,0,0,4,1,1,2024-03-09,0.0,6-12 Months,Low Value,0,Slipping
CUST04326,Female,44,Married,Tier 1,Desktop,COD,Beauty,2022-06-30,30,1.7,369.46,51,18842.46,628.08,15073.92,91,1.4,4,0,No Complaint,31.89,2,0,14,4,0,,0.0,24+ Months,Low Value,0,Dormant
CUST04327,Male,64,Married,Tier 2,Mobile,UPI,Grocery,2021-12-29,36,1.8,415.63,65,27015.95,748.13,17955.12,116,1.4,5,0,No Complaint,137.88,2,1,34,3,0,,0.015,24+ Months,Low Value,0,Dormant
CUST04328,Female,57,Single,Tier 1,Desktop,Debit Card,Electronics,2024-10-31,2,2.2,225.71,4,902.84,496.56,0.0,25,3.6,4,2,Yes,159.74,2,0,2,6,1,2024-12-10,0.0,0-3 Months,Low Value,0,Active
CUST04329,Male,50,Single,Tier 2,Mobile,UPI,Grocery,2024-07-01,6,2.7,890.93,16,14254.88,2405.51,0.0,98,3.7,2,0,No Complaint,105.36,2,4,2,6,1,2024-11-09,0.25,3-6 Months,Mid Value,0,Dormant
CUST04330,Female,37,Married,Tier 3,Mobile,UPI,Electronics,2024-07-01,6,2.8,260.6,17,4430.2,729.68,17512.32,85,6.9,4,1,Yes,2.18,4,2,19,3,0,,0.118,3-6 Months,Low Value,0,At Risk
CUST04331,Male,31,Single,Tier 2,Mobile,Net Banking,Fashion,2021-12-29,36,1.4,1192.18,50,59609.0,1669.05,40057.2,61,2.4,5,2,Yes,121.79,5,2,18,0,0,,0.04,24+ Months,Mid Value,0,At Risk
CUST04332,Male,53,Married,Tier 2,Mobile,Debit Card,Home & Kitchen,2023-12-31,12,2.6,2599.65,31,80589.15,6759.09,162218.16,112,4.8,5,0,No Complaint,57.13,3,1,26,4,0,,0.032,6-12 Months,High Value,0,Dormant
CUST04333,Male,22,Single,Tier 2,Mobile,UPI,Grocery,2022-06-30,30,0.9,2684.82,27,72490.14,2416.34,0.0,114,7.4,5,0,No Complaint,26.86,4,5,15,2,1,2024-02-08,0.185,24+ Months,Mid Value,0,Dormant
CUST04334,Female,40,Married,Tier 2,Desktop,Debit Card,Home & Kitchen,2024-04-01,9,1.5,418.34,14,5856.76,627.51,0.0,174,4.2,4,0,No Complaint,155.11,6,2,6,4,1,2024-08-02,0.143,6-12 Months,Low Value,0,Dormant
CUST04335,Male,62,Single,Tier 1,Desktop,Debit Card,Home & Kitchen,2022-12-30,24,1.2,391.1,29,11341.9,469.32,0.0,77,8.0,3,4,Yes,200.23,3,6,7,4,1,2023-05-26,0.207,12-24 Months,Low Value,0,At Risk
CUST04336,Male,32,Single,Tier 3,Mobile,Credit Card,Fashion,2024-08-01,5,1.0,1551.39,5,7756.95,1551.39,0.0,96,1.1,5,1,No,131.65,1,0,4,3,1,2024-10-14,0.0,3-6 Months,Mid Value,1,Dormant
CUST04337,Female,23,Married,Tier 1,Mobile,Credit Card,Fashion,2021-12-29,36,0.7,934.18,25,23354.5,653.93,15694.32,29,3.0,5,1,Yes,171.48,3,2,1,6,0,,0.08,24+ Months,Low Value,0,Active
CUST04338,Female,50,Single,Tier 1,Tablet,Net Banking,Fashion,2024-04-01,9,0.5,852.48,4,3409.92,426.24,0.0,99,7.3,2,2,Yes,167.91,1,1,5,2,1,2024-11-06,0.25,6-12 Months,Low Value,0,Dormant
CUST04339,Male,36,Married,Tier 3,Mobile,UPI,Home & Kitchen,2022-06-30,30,1.8,359.42,54,19408.68,646.96,15527.04,7,3.3,4,0,No Complaint,23.88,0,1,17,3,0,,0.019,24+ Months,Low Value,0,Active
CUST04340,Male,30,Single,Tier 1,Mobile,Credit Card,Home & Kitchen,2024-08-01,5,1.9,976.81,10,9768.1,1855.94,44542.56,27,4.1,5,2,Yes,43.76,5,1,1,8,0,,0.1,3-6 Months,Mid Value,0,Active
CUST04341,Male,46,Married,Tier 2,Mobile,Credit Card,Grocery,2022-12-30,24,1.0,1645.11,24,39482.64,1645.11,0.0,31,7.5,5,0,No Complaint,1.72,2,5,2,6,1,2022-12-31,0.208,12-24 Months,Mid Value,0,Slipping
CUST04342,Male,23,Single,Tier 1,Desktop,COD,Fashion,2024-05-01,8,9.3,522.8,74,38687.2,4862.04,0.0,114,5.7,4,0,No Complaint,722.16,2,4,2,8,1,2024-10-05,0.054,6-12 Months,High Value,0,Dormant
CUST04343,Female,32,Married,Tier 1,Mobile,Net Banking,Fashion,2024-12-01,1,2.0,1242.2,2,2484.4,2484.4,59625.6,102,1.5,4,0,No Complaint,42.71,3,1,1,3,0,,0.5,0-3 Months,Mid Value,0,Dormant
CUST04344,Female,33,Married,Tier 1,Mobile,COD,Beauty,2024-05-01,8,5.5,1004.03,44,44177.32,5522.16,0.0,143,5.6,4,0,No Complaint,303.44,2,3,1,2,1,2024-07-30,0.068,6-12 Months,High Value,0,Dormant
CUST04345,Female,41,Married,Tier 1,Mobile,COD,Home & Kitchen,2023-12-31,12,2.1,568.54,25,14213.5,1193.93,28654.32,84,3.2,4,0,No Complaint,273.56,3,3,5,2,0,,0.12,6-12 Months,Mid Value,0,At Risk
CUST04346,Male,40,Married,Tier 2,Mobile,Wallet,Fashion,2024-10-01,3,0.5,866.3,2,1732.6,433.15,0.0,85,3.6,3,0,No Complaint,219.75,1,0,13,6,1,2024-10-31,0.0,0-3 Months,Low Value,0,At Risk
CUST04347,Female,27,Single,Tier 3,Mobile,Debit Card,Fashion,2024-10-01,3,9.2,431.55,28,12083.4,3970.26,95286.24,29,4.3,3,2,Yes,107.53,3,5,1,4,0,,0.179,0-3 Months,High Value,0,Active
CUST04348,Female,58,Married,Tier 2,Desktop,COD,Electronics,2024-03-01,10,5.4,1634.51,54,88263.54,8826.35,0.0,133,3.5,4,0,No Complaint,157.81,3,2,4,4,1,2024-12-18,0.037,6-12 Months,High Value,0,Dormant
CUST04349,Female,58,Married,Tier 3,Mobile,Wallet,Fashion,2024-06-01,7,1.6,436.69,11,4803.59,698.7,16768.8,1,5.4,4,1,Yes,37.12,2,2,15,3,0,,0.182,6-12 Months,Low Value,0,Active
CUST04350,Female,34,Married,Tier 1,Mobile,UPI,Home & Kitchen,2024-04-01,9,0.7,590.79,6,3544.74,413.55,9925.2,77,2.9,4,0,No Complaint,20.19,2,0,21,4,0,,0.0,6-12 Months,Low Value,0,At Risk
CUST04351,Female,61,Married,Tier 1,Mobile,Debit Card,Electronics,2024-03-01,10,0.6,1688.85,6,10133.1,1013.31,24319.44,34,5.0,3,0,No Complaint,78.03,6,1,1,3,0,,0.167,6-12 Months,Mid Value,0,Slipping
CUST04352,Female,62,Single,Tier 1,Mobile,COD,Grocery,2024-10-01,3,4.1,622.42,12,7469.04,2551.92,0.0,139,5.9,4,1,No,314.34,3,2,9,4,1,2024-11-23,0.167,0-3 Months,High Value,1,Dormant
CUST04353,Male,47,Married,Tier 2,Desktop,Net Banking,Electronics,2024-10-01,3,0.5,466.33,2,932.66,233.16,0.0,121,4.4,4,1,Yes,149.43,4,0,9,2,1,2024-10-24,0.0,0-3 Months,Low Value,0,Dormant
CUST04354,Female,61,Single,Tier 2,Mobile,Net Banking,Electronics,2022-06-30,30,2.5,1021.04,75,76578.0,2552.6,61262.4,127,4.6,5,0,No Complaint,259.8,4,12,28,5,0,,0.16,24+ Months,High Value,0,Dormant
CUST04355,Female,63,Married,Tier 2,Mobile,COD,Fashion,2024-10-01,3,2.6,3154.89,8,25239.12,8202.71,0.0,27,4.7,4,1,Yes,397.84,5,1,1,1,1,2024-12-25,0.125,0-3 Months,High Value,0,Active
CUST04356,Female,27,Single,Tier 3,Mobile,Wallet,Beauty,2023-07-01,18,0.5,2028.11,9,18252.99,1014.06,24337.44,120,4.7,4,0,No Complaint,148.0,3,2,13,4,0,,0.222,12-24 Months,Mid Value,0,Dormant
CUST04357,Male,36,Single,Tier 2,Mobile,Debit Card,Beauty,2024-05-01,8,3.1,1376.25,25,34406.25,4266.38,0.0,124,4.3,2,0,No Complaint,82.39,4,1,8,2,1,2024-10-19,0.04,6-12 Months,High Value,0,Dormant
CUST04358,Female,46,Married,Tier 2,Mobile,UPI,Electronics,2021-12-29,36,3.1,1800.71,112,201679.52,5582.2,133972.8,1,4.2,2,1,Yes,348.43,3,17,1,5,0,,0.152,24+ Months,High Value,0,Active
CUST04359,Female,19,Married,Tier 3,Desktop,UPI,Electronics,2024-12-01,1,1.1,1288.8,1,1288.8,1417.68,0.0,57,4.3,2,0,No Complaint,46.96,1,0,3,1,1,2024-12-03,0.0,0-3 Months,Mid Value,0,Slipping
CUST04360,Male,53,Married,Tier 1,Mobile,Debit Card,Fashion,2022-06-30,30,1.7,1053.74,51,53740.74,1791.36,42992.64,16,4.8,5,0,No Complaint,4.51,2,8,6,4,0,,0.157,24+ Months,Mid Value,0,Active
CUST04361,Male,36,Married,Tier 2,Desktop,Credit Card,Fashion,2024-03-01,10,4.5,1702.43,45,76609.35,7660.94,183862.56,122,3.7,4,1,No,9.36,2,2,1,1,0,,0.044,6-12 Months,High Value,1,Dormant
CUST04362,Female,24,Married,Tier 2,Desktop,Credit Card,Grocery,2024-12-01,1,1.9,1144.77,2,2289.54,2175.06,0.0,38,4.2,4,0,No Complaint,157.11,5,0,10,7,1,2024-12-17,0.0,0-3 Months,Mid Value,0,Slipping
CUST04363,Female,43,Married,Tier 2,Desktop,Credit Card,Grocery,2024-08-01,5,2.4,864.99,12,10379.88,2075.98,0.0,48,6.3,4,1,No,401.18,5,0,17,5,1,2024-11-01,0.0,3-6 Months,Mid Value,1,Slipping
CUST04364,Male,32,Single,Tier 1,Mobile,Net Banking,Electronics,2024-05-01,8,1.3,1022.94,10,10229.4,1329.82,31915.68,15,8.1,2,0,No Complaint,149.53,4,0,6,8,0,,0.0,6-12 Months,Mid Value,0,Active
CUST04365,Male,64,Married,Tier 2,Mobile,Credit Card,Home & Kitchen,2024-07-01,6,0.5,1132.82,3,3398.46,566.41,0.0,87,8.9,1,2,No,94.73,3,0,9,4,1,2024-07-18,0.0,3-6 Months,Low Value,1,At Risk
CUST04366,Female,55,Married,Tier 2,Tablet,Net Banking,Grocery,2024-06-01,7,15.0,1112.59,105,116821.95,16688.85,400532.4,6,4.7,3,0,No Complaint,154.9,2,1,8,5,0,,0.01,6-12 Months,High Value,0,Active
CUST04367,Male,20,Married,Tier 2,Desktop,Net Banking,Electronics,2021-12-29,36,1.9,1159.21,68,78826.28,2202.5,52860.0,152,2.6,3,0,No Complaint,200.16,6,3,1,3,0,,0.044,24+ Months,Mid Value,0,Dormant
CUST04368,Male,55,Married,Tier 1,Desktop,Credit Card,Fashion,2024-06-01,7,1.0,449.96,7,3149.72,449.96,0.0,5,4.1,3,1,Yes,255.76,6,0,3,6,1,2024-10-13,0.0,6-12 Months,Low Value,0,Active
CUST04369,Male,33,Married,Tier 3,Mobile,Credit Card,Home & Kitchen,2024-05-01,8,3.1,776.82,25,19420.5,2408.14,57795.36,12,4.8,5,0,No Complaint,76.8,5,0,15,3,0,,0.0,6-12 Months,Mid Value,0,Active
CUST04370,Male,19,Single,Tier 3,Mobile,COD,Grocery,2022-12-30,24,2.4,369.89,58,21453.62,887.74,0.0,115,6.4,4,3,Yes,88.06,3,7,12,5,1,2024-07-09,0.121,12-24 Months,Mid Value,0,Dormant
CUST04371,Male,48,Married,Tier 2,Desktop,COD,Fashion,2022-06-30,30,0.7,1079.08,21,22660.68,755.36,0.0,165,3.2,4,2,Yes,4.31,2,3,3,3,1,2023-12-01,0.143,24+ Months,Low Value,0,Dormant
CUST04372,Male,45,Married,Tier 2,Mobile,Credit Card,Grocery,2024-10-31,2,5.2,1142.43,10,11424.3,5940.64,142575.36,160,4.3,4,0,No Complaint,188.78,2,0,6,6,0,,0.0,0-3 Months,High Value,0,Dormant
CUST04373,Male,24,Married,Tier 3,Mobile,UPI,Electronics,2022-12-30,24,0.5,2259.0,12,27108.0,1129.5,27108.0,15,2.7,3,0,No Complaint,269.89,1,3,21,3,0,,0.25,12-24 Months,Mid Value,0,Active
CUST04374,Male,47,Single,Tier 1,Mobile,UPI,Beauty,2024-03-01,10,2.3,1107.91,23,25481.93,2548.19,61156.56,52,7.5,5,0,No Complaint,128.74,2,1,31,7,0,,0.043,6-12 Months,High Value,0,Slipping
CUST04375,Male,60,Married,Tier 1,Mobile,UPI,Home & Kitchen,2024-10-01,3,1.6,692.84,5,3464.2,1108.54,26604.96,94,5.5,5,2,Yes,85.05,0,0,13,0,0,,0.0,0-3 Months,Mid Value,0,Dormant
CUST04376,Male,24,Married,Tier 2,Mobile,UPI,Grocery,2024-08-01,5,1.0,668.5,5,3342.5,668.5,16044.0,5,3.9,4,0,No Complaint,72.93,3,0,3,2,0,,0.0,3-6 Months,Low Value,0,Active
CUST04377,Male,53,Married,Tier 3,Mobile,UPI,Beauty,2024-12-01,1,4.4,1410.92,4,5643.68,6208.05,148993.2,95,4.6,3,0,No Complaint,186.43,2,1,1,4,0,,0.25,0-3 Months,High Value,0,Dormant
CUST04378,Female,46,Married,Tier 1,Mobile,Debit Card,Fashion,2024-06-01,7,2.7,557.38,19,10590.22,1504.93,36118.32,81,2.1,5,0,No Complaint,72.29,3,1,18,4,0,,0.053,6-12 Months,Mid Value,0,At Risk
CUST04379,Male,41,Single,Tier 3,Mobile,Wallet,Grocery,2024-08-01,5,3.6,999.54,18,17991.72,3598.34,86360.16,106,5.3,2,0,No Complaint,164.52,1,5,9,4,0,,0.278,3-6 Months,High Value,0,Dormant
CUST04380,Male,56,Married,Tier 2,Mobile,Debit Card,Beauty,2024-05-01,8,1.3,1750.33,10,17503.3,2275.43,54610.32,165,5.2,4,0,No Complaint,471.03,3,0,14,6,0,,0.0,6-12 Months,Mid Value,0,Dormant
CUST04381,Male,21,Married,Tier 2,Mobile,Net Banking,Electronics,2023-07-01,18,7.1,3704.78,128,474211.84,26303.94,631294.56,50,1.3,4,3,No,72.25,3,20,1,7,0,,0.156,12-24 Months,High Value,1,Slipping
CUST04382,Male,46,Single,Tier 1,Desktop,COD,Grocery,2022-12-30,24,1.1,2016.03,26,52416.78,2217.63,0.0,115,3.2,1,2,No,12.74,5,1,7,2,1,2024-06-01,0.038,12-24 Months,Mid Value,1,Dormant
CUST04383,Female,61,Single,Tier 1,Mobile,COD,Home & Kitchen,2023-07-01,18,1.9,621.55,34,21132.7,1180.94,28342.56,77,4.0,5,2,Yes,372.88,2,4,17,5,0,,0.118,12-24 Months,Mid Value,0,At Risk
CUST04384,Female,22,Single,Tier 3,Mobile,Credit Card,Fashion,2023-07-01,18,6.8,532.49,122,64963.78,3620.93,86902.32,78,4.0,5,2,No,57.53,3,45,1,7,0,,0.369,12-24 Months,High Value,1,At Risk
CUST04385,Female,46,Married,Tier 3,Desktop,Credit Card,Fashion,2022-06-30,30,0.5,1395.68,15,20935.2,697.84,0.0,116,3.6,5,0,No Complaint,804.82,3,2,21,5,1,2024-01-18,0.133,24+ Months,Low Value,0,Dormant
CUST04386,Female,47,Married,Tier 2,Desktop,COD,Beauty,2022-06-30,30,0.5,773.02,15,11595.3,386.51,9276.24,171,4.7,2,5,No,330.0,3,0,9,3,0,,0.0,24+ Months,Low Value,1,Dormant
CUST04387,Female,46,Married,Tier 3,Mobile,Net Banking,Home & Kitchen,2022-06-30,30,12.9,318.87,387,123402.69,4113.42,98722.08,155,7.0,3,0,No Complaint,100.2,1,19,4,4,0,,0.049,24+ Months,High Value,0,Dormant
CUST04388,Male,43,Married,Tier 3,Mobile,Credit Card,Home & Kitchen,2024-10-01,3,8.9,5511.7,27,148815.9,49054.13,1177299.12,115,5.4,5,0,No Complaint,178.09,3,0,9,3,0,,0.0,0-3 Months,High Value,0,Dormant
CUST04389,Male,36,Married,Tier 2,Mobile,UPI,Grocery,2024-08-01,5,3.7,1013.44,18,18241.92,3749.73,89993.52,83,6.6,2,0,No Complaint,58.52,2,0,10,3,0,,0.0,3-6 Months,High Value,0,At Risk
CUST04390,Male,43,Married,Tier 2,Mobile,COD,Home & Kitchen,2024-01-31,11,1.7,2152.78,19,40902.82,3659.73,87833.52,76,5.2,4,1,Yes,15.83,3,1,8,6,0,,0.053,6-12 Months,High Value,0,At Risk
CUST04391,Male,54,Single,Tier 2,Desktop,UPI,Beauty,2024-06-01,7,1.8,710.93,13,9242.09,1279.67,30712.08,141,3.9,4,0,No Complaint,134.3,2,2,10,5,0,,0.154,6-12 Months,Mid Value,0,Dormant
CUST04392,Female,44,Single,Tier 2,Tablet,UPI,Fashion,2024-10-01,3,0.7,878.35,2,1756.7,614.84,0.0,40,4.2,2,2,Yes,99.51,8,1,1,5,1,2024-10-03,0.5,0-3 Months,Low Value,0,Slipping
CUST04393,Female,47,Married,Tier 1,Tablet,COD,Beauty,2024-08-01,5,1.4,998.33,7,6988.31,1397.66,33543.84,106,5.9,5,0,No Complaint,630.69,4,0,6,1,0,,0.0,3-6 Months,Mid Value,0,Dormant
CUST04394,Male,47,Single,Tier 2,Mobile,Credit Card,Fashion,2021-12-29,36,1.4,741.75,50,37087.5,1038.45,0.0,91,5.5,2,1,Yes,163.79,3,21,3,4,1,2024-03-07,0.42,24+ Months,Mid Value,0,Dormant
CUST04395,Female,20,Single,Tier 1,Mobile,Debit Card,Fashion,2024-06-01,7,0.5,527.69,4,2110.76,263.85,6332.4,117,6.9,4,2,No,247.49,4,0,1,4,0,,0.0,6-12 Months,Low Value,1,Dormant
CUST04396,Female,60,Single,Tier 3,Tablet,Net Banking,Electronics,2024-05-01,8,1.5,4180.85,12,50170.2,6271.28,0.0,34,4.5,3,3,No,26.16,2,1,10,5,1,2024-12-10,0.083,6-12 Months,High Value,1,Slipping
CUST04397,Male,24,Single,Tier 3,Mobile,Debit Card,Electronics,2024-12-01,1,1.6,1151.1,2,2302.2,1841.76,0.0,125,2.0,3,2,Yes,231.51,2,0,7,4,1,2024-12-16,0.0,0-3 Months,Mid Value,0,Dormant
CUST04398,Male,26,Single,Tier 1,Mobile,Credit Card,Electronics,2022-12-30,24,2.7,297.5,65,19337.5,803.25,19278.0,113,4.1,3,1,No,10.44,4,12,60,4,0,,0.185,12-24 Months,Low Value,1,Dormant
CUST04399,Male,58,Married,Tier 1,Desktop,UPI,Fashion,2024-05-01,8,1.8,964.1,14,13497.4,1735.38,41649.12,33,1.8,4,5,Yes,170.91,2,1,15,5,0,,0.071,6-12 Months,Mid Value,0,Slipping
CUST04400,Male,59,Single,Tier 2,Mobile,UPI,Electronics,2024-10-31,2,4.9,327.95,10,3279.5,1606.96,38567.04,81,4.3,5,1,Yes,328.24,1,1,4,8,0,,0.1,0-3 Months,Mid Value,0,At Risk
CUST04401,Male,30,Single,Tier 2,Mobile,COD,Fashion,2021-12-29,36,1.1,496.73,40,19869.2,546.4,13113.6,122,2.4,5,1,No,118.77,3,6,12,5,0,,0.15,24+ Months,Low Value,1,Dormant
CUST04402,Male,32,Single,Tier 1,Desktop,Credit Card,Electronics,2022-12-30,24,1.3,967.55,31,29994.05,1257.82,0.0,162,4.3,4,0,No Complaint,43.59,1,16,2,7,1,2023-02-12,0.516,12-24 Months,Mid Value,0,Dormant
CUST04403,Male,22,Married,Tier 2,Mobile,UPI,Beauty,2022-12-30,24,2.1,1309.61,50,65480.5,2750.18,66004.32,22,4.8,4,0,No Complaint,105.56,2,8,5,2,0,,0.16,12-24 Months,High Value,0,Active
CUST04404,Male,46,Married,Tier 1,Mobile,UPI,Home & Kitchen,2021-12-29,36,0.6,153.51,22,3377.22,92.11,2210.64,2,4.3,5,0,No Complaint,331.13,2,2,4,4,0,,0.091,24+ Months,Low Value,0,Active
CUST04405,Female,52,Married,Tier 1,Mobile,Credit Card,Home & Kitchen,2024-05-01,8,1.3,2984.21,10,29842.1,3879.47,93107.28,30,4.0,4,1,Yes,225.56,1,1,8,1,0,,0.1,6-12 Months,High Value,0,Active
CUST04406,Female,44,Married,Tier 1,Mobile,Credit Card,Electronics,2022-12-30,24,2.9,566.12,70,39628.4,1641.75,39402.0,178,3.8,4,0,No Complaint,167.4,6,9,13,2,0,,0.129,12-24 Months,Mid Value,0,Dormant
CUST04407,Female,44,Single,Tier 1,Mobile,Debit Card,Beauty,2024-08-31,4,1.3,767.24,5,3836.2,997.41,23937.84,138,6.5,5,0,No Complaint,213.05,1,0,5,3,0,,0.0,3-6 Months,Mid Value,0,Dormant
CUST04408,Male,25,Single,Tier 3,Mobile,Credit Card,Electronics,2022-12-30,24,5.9,2626.67,142,372987.14,15497.35,371936.4,110,5.0,4,0,No Complaint,323.45,2,26,16,1,0,,0.183,12-24 Months,High Value,0,Dormant
CUST04409,Male,49,Single,Tier 3,Mobile,UPI,Fashion,2024-12-01,1,2.4,2975.13,2,5950.26,7140.31,0.0,24,1.8,2,0,No Complaint,29.65,3,0,11,3,1,2024-12-21,0.0,0-3 Months,High Value,0,Active
CUST04410,Female,37,Married,Tier 2,Desktop,Credit Card,Grocery,2024-10-31,2,0.5,581.91,1,581.91,290.96,6983.04,75,4.7,4,0,No Complaint,332.04,4,0,3,4,0,,0.0,0-3 Months,Low Value,0,At Risk
CUST04411,Male,27,Married,Tier 2,Mobile,Net Banking,Grocery,2024-04-01,9,1.7,1889.83,15,28347.45,3212.71,0.0,129,7.2,1,1,Yes,295.73,2,1,6,8,1,2024-10-16,0.067,6-12 Months,High Value,0,Dormant
CUST04412,Male,30,Single,Tier 1,Desktop,UPI,Beauty,2024-12-01,1,3.6,1003.36,4,4013.44,3612.1,0.0,161,3.7,5,0,No Complaint,116.84,2,0,15,4,1,2024-12-12,0.0,0-3 Months,High Value,0,Dormant
CUST04413,Female,46,Single,Tier 2,Mobile,Debit Card,Grocery,2024-03-01,10,2.6,5756.9,26,149679.4,14967.94,359230.56,69,3.8,4,0,No Complaint,92.81,3,5,11,9,0,,0.192,6-12 Months,High Value,0,At Risk
CUST04414,Female,52,Married,Tier 1,Desktop,Debit Card,Fashion,2024-01-31,11,5.4,560.41,59,33064.19,3026.21,72629.04,179,5.6,5,0,No Complaint,485.37,6,16,14,7,0,,0.271,6-12 Months,High Value,0,Dormant
CUST04415,Male,25,Single,Tier 2,Mobile,COD,Home & Kitchen,2023-07-01,18,3.5,2849.18,63,179498.34,9972.13,0.0,26,3.0,1,0,No Complaint,308.08,4,2,2,6,1,2024-03-16,0.032,12-24 Months,High Value,0,Active
CUST04416,Male,46,Married,Tier 3,Mobile,UPI,Grocery,2024-10-31,2,0.5,596.07,1,596.07,298.04,7152.96,70,2.4,5,0,No Complaint,806.39,2,0,12,4,0,,0.0,0-3 Months,Low Value,0,At Risk
CUST04417,Male,48,Married,Tier 1,Desktop,Wallet,Beauty,2024-10-01,3,0.5,423.46,2,846.92,211.73,5081.52,157,1.7,4,0,No Complaint,184.78,3,0,4,5,0,,0.0,0-3 Months,Low Value,0,Dormant
CUST04418,Male,58,Married,Tier 3,Mobile,Debit Card,Beauty,2023-07-01,18,2.6,726.09,47,34126.23,1887.83,0.0,117,5.7,5,0,No Complaint,5.77,1,11,26,1,1,2023-07-17,0.234,12-24 Months,Mid Value,0,Dormant
CUST04419,Male,47,Married,Tier 1,Mobile,COD,Electronics,2023-07-01,18,0.7,284.75,13,3701.75,199.32,4783.68,146,6.1,4,0,No Complaint,30.08,4,1,5,3,0,,0.077,12-24 Months,Low Value,0,Dormant
CUST04420,Male,39,Single,Tier 2,Mobile,UPI,Fashion,2024-12-01,1,2.2,467.92,2,935.84,1029.42,0.0,163,3.4,3,0,No Complaint,308.98,3,0,18,2,1,2024-12-12,0.0,0-3 Months,Mid Value,0,Dormant
CUST04421,Male,38,Married,Tier 1,Desktop,COD,Fashion,2023-12-31,12,3.9,717.6,47,33727.2,2798.64,0.0,91,2.4,3,1,Yes,183.39,6,4,9,4,1,2024-02-03,0.085,6-12 Months,High Value,0,Dormant
CUST04422,Female,29,Married,Tier 2,Mobile,COD,Fashion,2022-06-30,30,2.2,752.07,66,49636.62,1654.55,0.0,43,6.1,1,0,No Complaint,39.73,2,5,22,4,1,2023-06-18,0.076,24+ Months,Mid Value,0,Slipping
CUST04423,Female,28,Single,Tier 1,Mobile,Credit Card,Fashion,2024-12-01,1,1.3,1705.29,1,1705.29,2216.88,53205.12,125,4.3,4,1,Yes,2.16,7,0,7,1,0,,0.0,0-3 Months,Mid Value,0,Dormant
CUST04424,Female,19,Married,Tier 2,Mobile,Credit Card,Electronics,2024-05-01,8,2.6,1596.06,21,33517.26,4149.76,99594.24,101,1.0,2,1,Yes,54.9,4,4,2,5,0,,0.19,6-12 Months,High Value,0,Dormant
CUST04425,Male,58,Married,Tier 2,Mobile,Debit Card,Home & Kitchen,2024-07-01,6,0.5,875.78,3,2627.34,437.89,0.0,139,5.2,4,0,No Complaint,26.64,3,1,8,3,1,2024-08-31,0.333,3-6 Months,Low Value,0,Dormant
CUST04426,Male,19,Single,Tier 1,Mobile,UPI,Home & Kitchen,2021-12-29,36,3.2,266.12,115,30603.8,851.58,20437.92,92,5.0,4,0,No Complaint,376.08,1,13,2,5,0,,0.113,24+ Months,Low Value,0,Dormant
CUST04427,Male,51,Married,Tier 2,Mobile,COD,Beauty,2024-10-01,3,3.0,201.45,9,1813.05,604.35,0.0,146,7.0,3,1,Yes,385.87,5,1,15,1,1,2024-12-24,0.111,0-3 Months,Low Value,0,Dormant
CUST04428,Male,20,Single,Tier 3,Mobile,UPI,Fashion,2024-07-01,6,1.8,619.59,11,6815.49,1115.26,0.0,162,6.0,2,0,No Complaint,332.51,1,3,1,4,1,2024-12-08,0.273,3-6 Months,Mid Value,0,Dormant
CUST04429,Male,33,Married,Tier 2,Mobile,UPI,Electronics,2021-12-29,36,0.8,500.27,29,14507.83,400.22,9605.28,135,6.1,3,0,No Complaint,17.89,6,5,2,5,0,,0.172,24+ Months,Low Value,0,Dormant
CUST04430,Female,21,Single,Tier 1,Desktop,Debit Card,Beauty,2024-07-01,6,4.0,593.35,24,14240.4,2373.4,56961.6,134,2.9,5,1,Yes,26.11,2,5,12,5,0,,0.208,3-6 Months,Mid Value,0,Dormant
CUST04431,Female,40,Married,Tier 1,Desktop,UPI,Fashion,2024-01-31,11,1.8,2794.51,20,55890.2,5030.12,120722.88,106,2.1,4,1,Yes,26.21,3,5,4,5,0,,0.25,6-12 Months,High Value,0,Dormant
CUST04432,Female,37,Single,Tier 3,Desktop,Wallet,Beauty,2024-12-01,1,0.5,586.92,1,586.92,293.46,7043.04,85,5.4,3,0,No Complaint,53.81,2,0,1,5,0,,0.0,0-3 Months,Low Value,0,At Risk
CUST04433,Male,42,Single,Tier 2,Mobile,Net Banking,Home & Kitchen,2021-12-29,36,6.3,489.9,227,111207.3,3086.37,74072.88,175,4.5,4,3,Yes,13.62,4,65,41,6,0,,0.286,24+ Months,High Value,0,Dormant
CUST04434,Female,47,Married,Tier 2,Tablet,Debit Card,Electronics,2022-06-30,30,3.6,895.66,108,96731.28,3224.38,77385.12,116,5.7,4,1,No,718.83,5,6,5,5,0,,0.056,24+ Months,High Value,1,Dormant
CUST04435,Male,35,Married,Tier 1,Mobile,COD,Beauty,2023-07-01,18,2.2,623.95,40,24958.0,1372.69,32944.56,151,4.7,2,0,No Complaint,347.78,4,7,5,4,0,,0.175,12-24 Months,Mid Value,0,Dormant
CUST04436,Male,59,Married,Tier 2,Tablet,Net Banking,Fashion,2024-12-01,1,1.4,1363.67,1,1363.67,1909.14,0.0,91,7.1,3,1,Yes,12.91,3,0,3,3,1,2024-12-04,0.0,0-3 Months,Mid Value,0,Dormant
CUST04437,Male,28,Married,Tier 1,Mobile,UPI,Beauty,2024-10-31,2,8.0,1066.24,16,17059.84,8529.92,0.0,100,3.7,4,4,No,27.92,2,0,1,6,1,2024-12-19,0.0,0-3 Months,High Value,1,Dormant
CUST04438,Female,46,Married,Tier 3,Mobile,COD,Fashion,2023-12-31,12,3.7,3286.41,44,144602.04,12159.72,0.0,119,4.6,3,2,No,54.76,3,25,2,4,1,2024-10-23,0.568,6-12 Months,High Value,1,Dormant
CUST04439,Female,34,Married,Tier 3,Mobile,UPI,Fashion,2024-08-01,5,1.9,731.95,10,7319.5,1390.7,0.0,131,3.4,3,3,Yes,268.51,4,0,3,4,1,2024-10-25,0.0,3-6 Months,Mid Value,0,Dormant
CUST04440,Male,43,Single,Tier 1,Mobile,Credit Card,Beauty,2023-07-01,18,2.6,3469.2,47,163052.4,9019.92,216478.08,81,2.9,3,0,No Complaint,225.38,1,15,7,0,0,,0.319,12-24 Months,High Value,0,At Risk
CUST04441,Female,40,Single,Tier 2,Desktop,Debit Card,Beauty,2023-07-01,18,0.8,1463.42,14,20487.88,1170.74,28097.76,64,6.9,3,0,No Complaint,179.21,7,2,22,2,0,,0.143,12-24 Months,Mid Value,0,At Risk
CUST04442,Female,37,Single,Tier 1,Desktop,COD,Grocery,2022-06-30,30,0.5,1301.63,15,19524.45,650.82,15619.68,43,4.3,3,0,No Complaint,437.87,1,0,1,2,0,,0.0,24+ Months,Low Value,0,Slipping
CUST04443,Male,62,Single,Tier 2,Tablet,UPI,Electronics,2024-08-01,5,0.8,223.22,4,892.88,178.58,4285.92,76,8.9,4,1,Yes,6.65,2,1,29,7,0,,0.25,3-6 Months,Low Value,0,At Risk
CUST04444,Male,19,Single,Tier 3,Mobile,UPI,Grocery,2023-12-31,12,0.9,200.85,11,2209.35,180.76,4338.24,38,2.1,4,0,No Complaint,31.66,2,0,5,6,0,,0.0,6-12 Months,Low Value,0,Slipping
CUST04445,Male,41,Married,Tier 2,Mobile,Debit Card,Beauty,2022-12-30,24,3.4,290.92,82,23855.44,989.13,23739.12,75,4.7,5,0,No Complaint,37.89,3,0,7,9,0,,0.0,12-24 Months,Mid Value,0,At Risk
CUST04446,Female,48,Married,Tier 1,Mobile,Credit Card,Sports,2024-03-01,10,0.5,1042.62,5,5213.1,521.31,12511.44,157,4.8,5,0,No Complaint,11.07,1,0,1,5,0,,0.0,6-12 Months,Low Value,0,Dormant
CUST04447,Male,44,Married,Tier 1,Tablet,COD,Home & Kitchen,2022-06-30,30,3.8,1522.28,114,173539.92,5784.66,138831.84,175,6.7,5,2,No,173.36,2,13,15,1,0,,0.114,24+ Months,High Value,1,Dormant
CUST04448,Female,19,Married,Tier 3,Mobile,Debit Card,Beauty,2024-10-01,3,1.9,1305.31,6,7831.86,2480.09,0.0,104,2.9,3,2,No,42.36,5,1,16,5,1,2024-10-18,0.167,0-3 Months,Mid Value,1,Dormant
CUST04449,Male,31,Single,Tier 2,Desktop,UPI,Beauty,2022-12-30,24,1.2,921.91,29,26735.39,1106.29,26550.96,27,3.4,4,0,No Complaint,118.62,5,11,11,2,0,,0.379,12-24 Months,Mid Value,0,Active
CUST04450,Female,21,Single,Tier 2,Mobile,UPI,Grocery,2021-12-29,36,0.9,1689.77,32,54072.64,1520.79,36498.96,77,2.0,4,0,No Complaint,208.18,5,4,1,2,0,,0.125,24+ Months,Mid Value,0,At Risk
CUST04451,Male,30,Married,Tier 1,Mobile,Debit Card,Fashion,2024-07-01,6,1.8,2071.67,11,22788.37,3729.01,89496.24,108,7.1,5,0,No Complaint,162.88,3,0,4,5,0,,0.0,3-6 Months,High Value,0,Dormant
CUST04452,Female,53,Married,Tier 1,Tablet,Credit Card,Fashion,2024-06-01,7,1.0,723.55,7,5064.85,723.55,17365.2,67,1.4,4,0,No Complaint,61.68,3,1,25,11,0,,0.143,6-12 Months,Low Value,0,At Risk
CUST04453,Female,52,Married,Tier 3,Mobile,UPI,Home & Kitchen,2024-10-31,2,1.4,1327.07,3,3981.21,1857.9,0.0,37,4.7,3,1,Yes,96.25,6,0,4,1,1,2024-11-02,0.0,0-3 Months,Mid Value,0,Slipping
CUST04454,Female,61,Married,Tier 2,Mobile,Credit Card,Beauty,2023-07-01,18,3.4,1174.74,61,71659.14,3994.12,95858.88,41,9.0,4,2,No,74.74,3,10,3,4,0,,0.164,12-24 Months,High Value,1,Slipping
CUST04455,Female,25,Single,Tier 2,Mobile,UPI,Grocery,2023-12-31,12,2.5,1578.81,30,47364.3,3947.02,0.0,85,6.5,1,2,No,344.46,5,5,1,3,1,2024-06-28,0.167,6-12 Months,High Value,1,At Risk
CUST04456,Male,19,Single,Tier 2,Desktop,UPI,Electronics,2024-12-01,1,3.4,1129.26,3,3387.78,3839.48,0.0,39,6.7,5,0,No Complaint,98.03,1,0,1,2,1,2024-12-18,0.0,0-3 Months,High Value,0,Slipping
CUST04457,Female,23,Single,Tier 3,Mobile,Debit Card,Fashion,2022-12-30,24,3.1,1080.15,74,79931.1,3348.47,80363.28,45,7.6,4,0,No Complaint,11.46,0,4,5,2,0,,0.054,12-24 Months,High Value,0,Slipping
CUST04458,Male,48,Single,Tier 1,Mobile,COD,Electronics,2022-06-30,30,4.2,588.12,126,74103.12,2470.1,0.0,157,4.8,4,0,No Complaint,173.86,1,17,6,4,1,2023-06-11,0.135,24+ Months,Mid Value,0,Dormant
CUST04459,Male,27,Married,Tier 1,Mobile,Debit Card,Electronics,2021-12-29,36,0.6,1036.86,22,22810.92,622.12,14930.88,140,4.8,3,0,No Complaint,39.64,3,3,14,7,0,,0.136,24+ Months,Low Value,0,Dormant
CUST04460,Female,61,Single,Tier 2,Mobile,COD,Electronics,2023-12-31,12,13.3,707.82,160,113251.2,9414.01,225936.24,10,4.5,4,0,No Complaint,74.42,3,11,19,2,0,,0.069,6-12 Months,High Value,0,Active
CUST04461,Male,38,Married,Tier 2,Mobile,UPI,Home & Kitchen,2024-04-01,9,1.6,424.83,14,5947.62,679.73,16313.52,58,4.4,4,0,No Complaint,71.47,2,1,4,4,0,,0.071,6-12 Months,Low Value,0,Slipping
CUST04462,Male,59,Single,Tier 2,Mobile,Credit Card,Fashion,2022-06-30,30,3.2,1107.65,96,106334.4,3544.48,85067.52,96,3.4,4,0,No Complaint,13.53,1,2,15,3,0,,0.021,24+ Months,High Value,0,Dormant
CUST04463,Female,27,Married,Tier 3,Tablet,Debit Card,Grocery,2024-05-01,8,2.8,438.89,22,9655.58,1228.89,29493.36,11,7.0,5,1,Yes,542.67,4,7,6,1,0,,0.318,6-12 Months,Mid Value,0,Active
CUST04464,Male,40,Married,Tier 2,Tablet,Debit Card,Electronics,2023-07-01,18,2.1,871.21,38,33105.98,1829.54,43908.96,123,3.6,4,1,Yes,142.56,3,5,29,7,0,,0.132,12-24 Months,Mid Value,0,Dormant
CUST04465,Female,20,Married,Tier 1,Mobile,Debit Card,Sports,2023-07-01,18,13.7,694.78,247,171610.66,9518.49,228443.76,69,4.0,4,0,No Complaint,30.58,1,27,21,4,0,,0.109,12-24 Months,High Value,0,At Risk
CUST04466,Male,49,Single,Tier 3,Desktop,COD,Home & Kitchen,2024-06-01,7,0.6,605.68,4,2422.72,363.41,8721.84,72,2.1,5,2,No,146.05,3,1,10,4,0,,0.25,6-12 Months,Low Value,1,At Risk
CUST04467,Male,37,Married,Tier 2,Mobile,Debit Card,Electronics,2024-10-31,2,1.4,2401.21,3,7203.63,3361.69,80680.56,48,6.0,3,0,No Complaint,108.13,4,0,2,4,0,,0.0,0-3 Months,High Value,0,Slipping
CUST04468,Male,27,Married,Tier 2,Mobile,UPI,Sports,2024-12-01,1,0.5,2826.52,1,2826.52,1413.26,0.0,60,7.4,4,0,No Complaint,76.13,2,0,21,3,1,2024-12-27,0.0,0-3 Months,Mid Value,0,Slipping
CUST04469,Female,46,Single,Tier 2,Mobile,Debit Card,Grocery,2024-04-01,9,0.5,729.39,4,2917.56,364.7,8752.8,155,1.0,4,1,Yes,115.12,0,0,1,4,0,,0.0,6-12 Months,Low Value,0,Dormant
CUST04470,Female,58,Single,Tier 2,Mobile,COD,Fashion,2024-03-01,10,3.1,1804.68,31,55945.08,5594.51,0.0,142,7.3,3,0,No Complaint,199.35,1,1,14,5,1,2024-05-29,0.032,6-12 Months,High Value,0,Dormant
CUST04471,Female,63,Single,Tier 1,Mobile,Wallet,Grocery,2022-06-30,30,0.5,296.78,15,4451.7,148.39,0.0,168,5.8,3,1,Yes,40.06,3,5,5,2,1,2024-10-27,0.333,24+ Months,Low Value,0,Dormant
CUST04472,Female,51,Single,Tier 3,Mobile,Debit Card,Fashion,2024-05-01,8,5.5,392.63,44,17275.72,2159.46,0.0,126,6.8,2,3,Yes,138.95,3,10,8,4,1,2024-11-16,0.227,6-12 Months,Mid Value,0,Dormant
CUST04473,Male,54,Single,Tier 3,Desktop,Debit Card,Grocery,2024-08-01,5,2.5,860.26,12,10323.12,2150.65,51615.6,104,5.2,4,0,No Complaint,301.79,0,3,16,6,0,,0.25,3-6 Months,Mid Value,0,Dormant
CUST04474,Male,37,Married,Tier 2,Mobile,Credit Card,Home & Kitchen,2024-03-01,10,1.5,425.55,15,6383.25,638.33,15319.92,47,5.6,2,1,No,45.3,4,2,13,2,0,,0.133,6-12 Months,Low Value,1,Slipping
CUST04475,Female,25,Single,Tier 2,Desktop,Net Banking,Beauty,2024-08-31,4,1.0,1167.88,4,4671.52,1167.88,0.0,120,5.1,2,0,No Complaint,130.45,2,1,1,4,1,2024-11-26,0.25,3-6 Months,Mid Value,0,Dormant
CUST04476,Male,24,Married,Tier 1,Mobile,Wallet,Fashion,2024-10-31,2,0.5,1098.03,1,1098.03,549.02,0.0,163,2.7,2,0,No Complaint,607.25,3,0,4,4,1,2024-11-29,0.0,0-3 Months,Low Value,0,Dormant
CUST04477,Male,23,Married,Tier 1,Mobile,COD,Electronics,2024-10-31,2,6.4,868.53,13,11290.89,5558.59,133406.16,13,4.3,4,0,No Complaint,290.15,4,0,28,5,0,,0.0,0-3 Months,High Value,0,Active
CUST04478,Male,28,Married,Tier 1,Mobile,Debit Card,Fashion,2024-07-01,6,3.1,4708.12,19,89454.28,14595.17,0.0,80,3.6,2,1,No,161.82,2,2,4,2,1,2024-12-26,0.105,3-6 Months,High Value,1,At Risk
CUST04479,Female,61,Single,Tier 1,Mobile,UPI,Electronics,2024-12-01,1,1.0,1161.67,1,1161.67,1161.67,0.0,27,6.5,5,0,No Complaint,248.9,4,0,13,10,1,2024-12-16,0.0,0-3 Months,Mid Value,0,Active
CUST04480,Female,35,Married,Tier 3,Desktop,COD,Fashion,2024-08-31,4,0.5,1343.76,2,2687.52,671.88,16125.12,146,4.0,4,0,No Complaint,134.24,3,0,10,1,0,,0.0,3-6 Months,Low Value,0,Dormant
CUST04481,Male,59,Single,Tier 3,Desktop,COD,Electronics,2022-06-30,30,1.0,1261.28,30,37838.4,1261.28,30270.72,110,5.4,3,0,No Complaint,775.83,1,3,25,3,0,,0.1,24+ Months,Mid Value,0,Dormant
CUST04482,Male,46,Single,Tier 2,Mobile,COD,Beauty,2024-08-31,4,0.5,477.85,2,955.7,238.92,0.0,158,2.5,4,0,No Complaint,33.36,1,0,24,2,1,2024-11-19,0.0,3-6 Months,Low Value,0,Dormant
CUST04483,Female,42,Single,Tier 2,Desktop,UPI,Beauty,2024-10-31,2,3.9,3516.33,8,28130.64,13713.69,0.0,12,7.8,1,0,No Complaint,228.86,4,0,5,2,1,2024-11-11,0.0,0-3 Months,High Value,0,Active
CUST04484,Female,38,Married,Tier 1,Tablet,Debit Card,Fashion,2021-12-29,36,3.2,336.06,115,38646.9,1075.39,25809.36,163,5.0,5,1,Yes,1.07,2,7,2,3,0,,0.061,24+ Months,Mid Value,0,Dormant
CUST04485,Male,63,Married,Tier 3,Mobile,UPI,Electronics,2023-07-01,18,1.7,1096.15,31,33980.65,1863.46,0.0,13,2.1,3,4,No,24.18,4,5,3,2,1,2023-11-16,0.161,12-24 Months,Mid Value,1,Active
CUST04486,Female,20,Single,Tier 2,Mobile,COD,Electronics,2024-12-01,1,5.4,1511.77,5,7558.85,8163.56,195925.44,52,6.3,1,1,Yes,230.3,4,0,3,6,0,,0.0,0-3 Months,High Value,0,Slipping
CUST04487,Male,35,Married,Tier 1,Desktop,UPI,Fashion,2024-12-01,1,0.5,1787.46,1,1787.46,893.73,0.0,28,5.0,4,1,No,256.39,1,0,8,4,1,2024-12-03,0.0,0-3 Months,Mid Value,1,Active
CUST04488,Male,41,Single,Tier 2,Mobile,Debit Card,Electronics,2023-07-01,18,1.5,722.09,27,19496.43,1083.14,25995.36,27,5.9,3,2,Yes,7.24,5,1,4,10,0,,0.037,12-24 Months,Mid Value,0,Active
CUST04489,Female,64,Married,Tier 3,Desktop,UPI,Electronics,2023-12-31,12,3.1,1510.86,37,55901.82,4683.67,112408.08,31,10.2,4,0,No Complaint,73.13,1,3,16,3,0,,0.081,6-12 Months,High Value,0,Slipping
CUST04490,Female,55,Married,Tier 3,Mobile,UPI,Grocery,2024-12-01,1,0.5,431.03,1,431.03,215.52,0.0,86,6.6,5,0,No Complaint,22.64,1,0,3,8,1,2024-12-23,0.0,0-3 Months,Low Value,0,At Risk
CUST04491,Male,27,Single,Tier 1,Mobile,Debit Card,Home & Kitchen,2024-08-31,4,1.2,2890.84,5,14454.2,3469.01,83256.24,141,6.5,4,4,Yes,397.55,1,1,37,6,0,,0.2,3-6 Months,High Value,0,Dormant
CUST04492,Female,44,Single,Tier 3,Mobile,UPI,Electronics,2021-12-29,36,2.1,801.06,76,60880.56,1682.23,0.0,161,3.9,3,3,Yes,108.89,2,9,9,4,1,2024-07-23,0.118,24+ Months,Mid Value,0,Dormant
CUST04493,Female,29,Married,Tier 1,Mobile,Debit Card,Beauty,2023-12-31,12,1.1,634.16,13,8244.08,697.58,16741.92,102,4.7,5,0,No Complaint,105.18,2,2,4,7,0,,0.154,6-12 Months,Low Value,0,Dormant
CUST04494,Female,24,Married,Tier 1,Desktop,Net Banking,Fashion,2024-04-01,9,1.6,574.52,14,8043.28,919.23,22061.52,29,3.9,3,1,Yes,312.57,4,1,7,3,0,,0.071,6-12 Months,Mid Value,0,Active
CUST04495,Female,34,Single,Tier 3,Mobile,Wallet,Home & Kitchen,2024-08-01,5,2.3,1105.66,12,13267.92,2543.02,61032.48,15,2.1,4,1,No,213.96,2,0,4,5,0,,0.0,3-6 Months,High Value,1,Active
CUST04496,Female,18,Married,Tier 3,Mobile,UPI,Fashion,2024-10-01,3,1.1,297.06,3,891.18,326.77,7842.48,89,3.7,4,1,Yes,459.86,1,0,6,8,0,,0.0,0-3 Months,Low Value,0,At Risk
CUST04497,Male,43,Single,Tier 2,Tablet,COD,Fashion,2024-05-01,8,0.5,1667.92,4,6671.68,833.96,0.0,138,6.5,1,2,Yes,502.44,3,1,6,3,1,2024-05-10,0.25,6-12 Months,Low Value,0,Dormant
CUST04498,Male,32,Married,Tier 2,Mobile,Credit Card,Fashion,2021-12-29,36,0.5,591.12,18,10640.16,295.56,7093.44,112,5.2,4,1,Yes,67.63,1,4,12,4,0,,0.222,24+ Months,Low Value,0,Dormant
CUST04499,Male,50,Single,Tier 3,Mobile,Net Banking,Electronics,2024-12-01,1,1.9,2237.49,2,4474.98,4251.23,102029.52,105,2.4,4,1,Yes,188.14,0,0,5,4,0,,0.0,0-3 Months,High Value,0,Dormant
CUST04500,Male,54,Married,Tier 3,Mobile,COD,Grocery,2021-12-29,36,0.5,376.26,18,6772.68,188.13,4515.12,9,4.3,5,2,Yes,140.48,4,2,24,6,0,,0.111,24+ Months,Low Value,0,Active
CUST04501,Female,64,Married,Tier 3,Mobile,UPI,Sports,2024-08-31,4,5.5,984.79,22,21665.38,5416.34,0.0,74,3.1,3,0,No Complaint,163.06,1,1,1,2,1,2024-10-07,0.045,3-6 Months,High Value,0,At Risk
CUST04502,Male,48,Married,Tier 2,Mobile,Credit Card,Beauty,2024-05-01,8,4.5,1323.08,36,47630.88,5953.86,0.0,99,5.3,3,1,Yes,176.7,4,13,3,6,1,2024-06-21,0.361,6-12 Months,High Value,0,Dormant
CUST04503,Male,52,Married,Tier 3,Mobile,Credit Card,Electronics,2024-12-01,1,1.1,1427.32,1,1427.32,1570.05,37681.2,108,3.3,4,1,No,11.14,6,0,11,5,0,,0.0,0-3 Months,Mid Value,1,Dormant
CUST04504,Male,18,Married,Tier 3,Mobile,COD,Grocery,2023-07-01,18,4.4,625.34,79,49401.86,2751.5,66036.0,1,3.5,4,3,Yes,405.8,5,3,7,4,0,,0.038,12-24 Months,High Value,0,Active
CUST04505,Male,25,Single,Tier 1,Desktop,Credit Card,Grocery,2024-03-01,10,1.9,378.3,19,7187.7,718.77,0.0,36,2.2,4,5,Yes,27.21,1,1,1,3,1,2024-03-23,0.053,6-12 Months,Low Value,0,Slipping
CUST04506,Male,29,Single,Tier 3,Mobile,Debit Card,Home & Kitchen,2023-07-01,18,0.5,652.06,9,5868.54,326.03,0.0,171,7.5,2,1,Yes,99.43,4,4,13,6,1,2024-01-21,0.444,12-24 Months,Low Value,0,Dormant
CUST04507,Female,36,Single,Tier 2,Mobile,Debit Card,Beauty,2023-12-31,12,2.4,2031.76,29,58921.04,4876.22,0.0,92,4.4,3,1,Yes,62.18,5,4,9,9,1,2024-01-21,0.138,6-12 Months,High Value,0,Dormant
CUST04508,Male,42,Single,Tier 2,Mobile,Wallet,Grocery,2024-05-01,8,2.8,3883.9,22,85445.8,10874.92,0.0,126,4.3,1,1,No,145.24,2,7,7,5,1,2024-07-20,0.318,6-12 Months,High Value,1,Dormant
CUST04509,Female,49,Married,Tier 2,Desktop,Wallet,Grocery,2022-12-30,24,0.5,288.29,12,3459.48,144.15,3459.6,56,5.1,4,1,Yes,586.22,4,2,17,3,0,,0.167,12-24 Months,Low Value,0,Slipping
CUST04510,Female,29,Single,Tier 1,Mobile,Credit Card,Beauty,2024-12-01,1,0.9,535.61,1,535.61,482.05,0.0,105,5.2,5,1,Yes,95.72,6,0,14,3,1,2024-12-30,0.0,0-3 Months,Low Value,0,Dormant
CUST04511,Male,30,Single,Tier 2,Desktop,COD,Fashion,2023-12-31,12,0.5,267.02,6,1602.12,133.51,0.0,64,3.3,1,0,No Complaint,166.37,2,1,3,1,1,2024-06-06,0.167,6-12 Months,Low Value,0,At Risk
CUST04512,Male,45,Married,Tier 3,Mobile,COD,Fashion,2024-10-31,2,1.0,611.63,2,1223.26,611.63,0.0,54,4.9,4,1,No,27.39,1,0,6,8,1,2024-12-02,0.0,0-3 Months,Low Value,1,Slipping
CUST04513,Male,18,Married,Tier 1,Tablet,Net Banking,Beauty,2024-04-01,9,1.0,574.48,9,5170.32,574.48,13787.52,74,4.7,4,0,No Complaint,111.92,1,1,16,5,0,,0.111,6-12 Months,Low Value,0,At Risk
CUST04514,Female,23,Married,Tier 2,Mobile,UPI,Home & Kitchen,2022-06-30,30,2.5,388.82,75,29161.5,972.05,23329.2,83,6.3,3,0,No Complaint,445.39,6,0,1,1,0,,0.0,24+ Months,Mid Value,0,At Risk
CUST04515,Female,25,Single,Tier 3,Desktop,UPI,Electronics,2024-10-01,3,0.6,2875.86,2,5751.72,1725.52,0.0,60,5.9,4,1,Yes,484.98,3,0,3,2,1,2024-11-20,0.0,0-3 Months,Mid Value,0,Slipping
CUST04516,Male,21,Single,Tier 2,Mobile,Credit Card,Sports,2021-12-29,36,0.5,2003.82,18,36068.76,1001.91,0.0,47,4.5,4,3,No,142.31,2,4,4,4,1,2024-08-24,0.222,24+ Months,Mid Value,1,Slipping
CUST04517,Male,22,Married,Tier 2,Desktop,Credit Card,Fashion,2021-12-29,36,0.9,1064.62,32,34067.84,958.16,22995.84,112,4.5,4,3,Yes,263.44,6,2,3,6,0,,0.062,24+ Months,Mid Value,0,Dormant
CUST04518,Female,42,Married,Tier 2,Mobile,UPI,Electronics,2024-05-01,8,4.4,831.16,35,29090.6,3657.1,87770.4,69,4.1,5,1,No,0.58,3,5,6,5,0,,0.143,6-12 Months,High Value,1,At Risk
CUST04519,Male,39,Single,Tier 2,Mobile,Credit Card,Electronics,2024-12-01,1,1.3,1676.99,1,1676.99,2180.09,0.0,37,4.7,4,2,Yes,136.48,0,0,13,4,1,2024-12-09,0.0,0-3 Months,Mid Value,0,Slipping
CUST04520,Male,45,Married,Tier 2,Mobile,Debit Card,Home & Kitchen,2022-06-30,30,1.3,445.39,39,17370.21,579.01,13896.24,136,4.4,1,1,Yes,237.33,2,2,5,4,0,,0.051,24+ Months,Low Value,0,Dormant
CUST04521,Female,56,Married,Tier 3,Desktop,Credit Card,Electronics,2021-12-29,36,1.6,1060.89,58,61531.62,1697.42,40738.08,130,4.8,5,0,No Complaint,72.05,2,5,1,1,0,,0.086,24+ Months,Mid Value,0,Dormant
CUST04522,Female,40,Married,Tier 2,Desktop,Debit Card,Electronics,2024-10-01,3,3.5,587.78,10,5877.8,2057.23,49373.52,159,1.9,2,0,No Complaint,416.56,1,0,15,4,0,,0.0,0-3 Months,Mid Value,0,Dormant
CUST04523,Female,21,Single,Tier 3,Mobile,UPI,Fashion,2021-12-29,36,1.6,4630.62,58,268575.96,7408.99,0.0,100,3.3,4,2,No,272.24,3,5,2,2,1,2022-03-13,0.086,24+ Months,High Value,1,Dormant
CUST04524,Female,21,Married,Tier 2,Mobile,Net Banking,Grocery,2021-12-29,36,0.5,346.99,18,6245.82,173.5,4164.0,51,7.1,4,0,No Complaint,264.3,2,1,5,2,0,,0.056,24+ Months,Low Value,0,Slipping
CUST04525,Female,64,Married,Tier 1,Mobile,Wallet,Home & Kitchen,2024-03-01,10,0.6,742.07,6,4452.42,445.24,10685.76,155,3.3,4,1,Yes,3.86,2,0,1,4,0,,0.0,6-12 Months,Low Value,0,Dormant
CUST04526,Male,38,Married,Tier 2,Desktop,Debit Card,Electronics,2022-06-30,30,0.5,362.8,15,5442.0,181.4,4353.6,51,4.2,4,1,Yes,36.58,1,1,5,6,0,,0.067,24+ Months,Low Value,0,Slipping
CUST04527,Female,54,Married,Tier 2,Desktop,Net Banking,Beauty,2024-04-01,9,1.8,1520.01,16,24320.16,2736.02,0.0,118,4.9,1,2,Yes,225.07,6,1,4,3,1,2024-07-07,0.062,6-12 Months,High Value,0,Dormant
CUST04528,Female,58,Married,Tier 2,Desktop,UPI,Home & Kitchen,2023-12-31,12,0.5,1517.6,6,9105.6,758.8,18211.2,35,4.2,3,1,Yes,148.48,2,1,3,5,0,,0.167,6-12 Months,Low Value,0,Slipping
CUST04529,Female,19,Married,Tier 1,Mobile,COD,Fashion,2024-07-01,6,0.8,550.93,5,2754.65,440.74,0.0,113,3.5,4,2,Yes,155.49,5,2,22,2,1,2024-09-12,0.4,3-6 Months,Low Value,0,Dormant
CUST04530,Male,24,Married,Tier 1,Tablet,UPI,Beauty,2024-10-01,3,2.3,376.32,7,2634.24,865.54,0.0,151,6.2,4,2,Yes,2.69,5,0,9,4,1,2024-11-15,0.0,0-3 Months,Low Value,0,Dormant
CUST04531,Male,33,Married,Tier 1,Desktop,Credit Card,Fashion,2022-12-30,24,1.1,685.36,26,17819.36,753.9,0.0,97,2.6,5,5,Yes,105.03,5,2,20,2,1,2023-02-16,0.077,12-24 Months,Low Value,0,Dormant
CUST04532,Male,34,Married,Tier 1,Mobile,Credit Card,Fashion,2024-12-01,1,3.1,550.86,3,1652.58,1707.67,40984.08,85,1.0,4,3,Yes,277.89,1,0,5,0,0,,0.0,0-3 Months,Mid Value,0,At Risk
CUST04533,Male,37,Married,Tier 2,Mobile,Debit Card,Grocery,2023-12-31,12,1.2,939.05,14,13146.7,1126.86,27044.64,178,6.8,3,0,No Complaint,196.08,4,3,6,3,0,,0.214,6-12 Months,Mid Value,0,Dormant
CUST04534,Male,40,Married,Tier 1,Mobile,UPI,Beauty,2022-06-30,30,9.7,2790.11,291,811922.01,27064.07,0.0,5,2.2,1,4,Yes,152.93,3,105,24,5,1,2024-12-02,0.361,24+ Months,High Value,0,Active
CUST04535,Female,51,Married,Tier 3,Mobile,Debit Card,Electronics,2024-08-31,4,8.4,1426.45,34,48499.3,11982.18,287572.32,60,5.8,4,0,No Complaint,214.69,3,6,5,3,0,,0.176,3-6 Months,High Value,0,Slipping
CUST04536,Female,28,Single,Tier 1,Mobile,Credit Card,Fashion,2024-07-01,6,4.0,1527.54,24,36660.96,6110.16,146643.84,165,3.8,5,1,Yes,342.67,3,1,1,2,0,,0.042,3-6 Months,High Value,0,Dormant
CUST04537,Male,51,Married,Tier 1,Mobile,Net Banking,Home & Kitchen,2023-07-01,18,7.7,895.19,139,124431.41,6892.96,0.0,116,7.2,4,4,No,340.92,4,14,8,3,1,2024-06-04,0.101,12-24 Months,High Value,1,Dormant
CUST04538,Female,50,Married,Tier 2,Mobile,Debit Card,Beauty,2024-08-01,5,0.6,5712.97,3,17138.91,3427.78,0.0,98,4.1,4,0,No Complaint,109.59,4,1,2,3,1,2024-10-09,0.333,3-6 Months,High Value,0,Dormant
CUST04539,Male,43,Married,Tier 1,Mobile,UPI,Fashion,2022-06-30,30,3.5,974.16,105,102286.8,3409.56,0.0,115,3.5,5,2,Yes,66.22,2,5,25,4,1,2022-11-04,0.048,24+ Months,High Value,0,Dormant
CUST04540,Male,19,Married,Tier 3,Mobile,Credit Card,Electronics,2024-06-01,7,1.0,1492.08,7,10444.56,1492.08,0.0,58,6.1,3,4,No,82.13,3,1,1,5,1,2024-12-22,0.143,6-12 Months,Mid Value,1,Slipping
CUST04541,Male,40,Single,Tier 1,Mobile,COD,Fashion,2023-07-01,18,3.2,1937.29,58,112362.82,6199.33,0.0,13,6.7,3,2,Yes,132.63,7,33,18,3,1,2024-07-11,0.569,12-24 Months,High Value,0,Active
CUST04542,Male,58,Single,Tier 2,Desktop,Credit Card,Electronics,2024-08-31,4,1.2,866.29,5,4331.45,1039.55,24949.2,50,7.4,4,2,Yes,16.85,3,1,1,3,0,,0.2,3-6 Months,Mid Value,0,Slipping
CUST04543,Male,39,Married,Tier 3,Mobile,Debit Card,Grocery,2024-12-01,1,0.9,1038.18,1,1038.18,934.36,0.0,61,1.0,1,0,No Complaint,160.92,4,0,2,4,1,2024-12-14,0.0,0-3 Months,Mid Value,0,At Risk
CUST04544,Male,51,Married,Tier 2,Mobile,Debit Card,Grocery,2024-10-01,3,8.0,602.51,24,14460.24,4820.08,115681.92,86,1.0,4,0,No Complaint,108.68,4,4,1,8,0,,0.167,0-3 Months,High Value,0,At Risk
CUST04545,Male,32,Single,Tier 1,Mobile,Credit Card,Fashion,2024-12-01,1,0.6,909.23,1,909.23,545.54,0.0,71,2.5,2,2,Yes,256.08,0,0,3,3,1,2024-12-29,0.0,0-3 Months,Low Value,0,At Risk
CUST04546,Female,27,Married,Tier 2,Desktop,UPI,Beauty,2024-03-01,10,3.6,2500.92,36,90033.12,9003.31,216079.44,94,2.5,3,0,No Complaint,57.62,1,5,1,5,0,,0.139,6-12 Months,High Value,0,Dormant
CUST04547,Male,32,Married,Tier 2,Desktop,Credit Card,Electronics,2023-07-01,18,2.8,2027.87,50,101393.5,5678.04,0.0,36,3.6,3,3,No,12.35,5,10,4,4,1,2024-08-13,0.2,12-24 Months,High Value,1,Slipping
CUST04548,Female,59,Married,Tier 3,Mobile,UPI,Grocery,2024-12-01,1,0.9,1452.86,1,1452.86,1307.57,31381.68,33,4.6,4,0,No Complaint,404.95,3,0,3,6,0,,0.0,0-3 Months,Mid Value,0,Slipping
CUST04549,Female,46,Married,Tier 3,Tablet,UPI,Fashion,2024-10-31,2,1.5,1698.01,3,5094.03,2547.02,0.0,63,4.8,1,1,Yes,12.69,3,0,11,3,1,2024-12-17,0.0,0-3 Months,High Value,0,At Risk
CUST04550,Female,40,Single,Tier 1,Mobile,UPI,Electronics,2024-03-01,10,0.5,874.62,5,4373.1,437.31,0.0,85,5.5,3,0,No Complaint,471.81,1,1,8,6,1,2024-10-12,0.2,6-12 Months,Low Value,0,At Risk
CUST04551,Female,34,Married,Tier 3,Tablet,UPI,Fashion,2022-06-30,30,6.4,1743.61,192,334773.12,11159.1,267818.4,62,3.2,3,0,No Complaint,123.87,0,37,9,6,0,,0.193,24+ Months,High Value,0,At Risk
CUST04552,Male,26,Married,Tier 1,Mobile,Credit Card,Grocery,2023-07-01,18,8.6,807.05,155,125092.75,6940.63,0.0,104,4.3,1,1,Yes,10.43,4,18,5,2,1,2024-07-30,0.116,12-24 Months,High Value,0,Dormant
CUST04553,Male,53,Married,Tier 1,Mobile,Wallet,Electronics,2024-10-31,2,3.3,286.18,7,2003.26,944.39,22665.36,56,4.4,4,1,Yes,24.21,3,0,15,3,0,,0.0,0-3 Months,Mid Value,0,Slipping
CUST04554,Female,26,Married,Tier 3,Mobile,Debit Card,Fashion,2021-12-29,36,4.7,3238.0,169,547222.0,15218.6,0.0,32,4.5,3,0,No Complaint,137.04,2,16,3,5,1,2023-11-23,0.095,24+ Months,High Value,0,Slipping
CUST04555,Male,33,Single,Tier 1,Mobile,COD,Fashion,2021-12-29,36,0.5,778.22,18,14007.96,389.11,9338.64,155,3.6,2,0,No Complaint,2.86,3,2,4,4,0,,0.111,24+ Months,Low Value,0,Dormant
CUST04556,Female,53,Married,Tier 1,Mobile,UPI,Electronics,2024-07-01,6,1.2,1878.07,7,13146.49,2253.68,54088.32,36,4.9,4,1,Yes,444.0,6,0,1,4,0,,0.0,3-6 Months,Mid Value,0,Slipping
CUST04557,Female,50,Married,Tier 1,Desktop,UPI,Fashion,2023-07-01,18,1.0,696.51,18,12537.18,696.51,16716.24,174,2.6,1,2,No,286.37,5,1,56,2,0,,0.056,12-24 Months,Low Value,1,Dormant
CUST04558,Female,48,Married,Tier 2,Desktop,COD,Grocery,2024-03-01,10,2.1,150.0,21,3150.0,315.0,7560.0,177,7.6,5,0,No Complaint,126.41,4,6,5,5,0,,0.286,6-12 Months,Low Value,0,Dormant
CUST04559,Female,23,Married,Tier 2,Mobile,Debit Card,Electronics,2021-12-29,36,0.5,853.23,18,15358.14,426.62,10238.88,125,2.9,4,1,Yes,469.26,2,2,20,6,0,,0.111,24+ Months,Low Value,0,Dormant
CUST04560,Female,27,Married,Tier 2,Mobile,UPI,Grocery,2024-01-31,11,2.1,247.35,23,5689.05,519.44,12466.56,90,5.2,2,0,No Complaint,54.14,1,1,15,4,0,,0.043,6-12 Months,Low Value,0,At Risk
CUST04561,Female,33,Married,Tier 1,Mobile,Credit Card,Sports,2021-12-29,36,2.7,1523.48,97,147777.56,4113.4,0.0,143,3.9,3,4,Yes,345.62,2,12,2,1,1,2023-01-15,0.124,24+ Months,High Value,0,Dormant
CUST04562,Male,21,Married,Tier 2,Mobile,Debit Card,Grocery,2024-08-31,4,0.5,764.76,2,1529.52,382.38,9177.12,157,3.6,5,0,No Complaint,294.37,3,0,6,5,0,,0.0,3-6 Months,Low Value,0,Dormant
CUST04563,Female,39,Married,Tier 3,Mobile,COD,Beauty,2024-06-01,7,0.5,2107.39,4,8429.56,1053.7,0.0,128,1.8,4,0,No Complaint,156.93,3,0,7,4,1,2024-10-06,0.0,6-12 Months,Mid Value,0,Dormant
CUST04564,Male,30,Single,Tier 3,Mobile,UPI,Beauty,2022-06-30,30,0.5,1057.15,15,15857.25,528.58,12685.92,19,3.5,4,0,No Complaint,69.11,1,2,15,1,0,,0.133,24+ Months,Low Value,0,Active
CUST04565,Male,33,Single,Tier 1,Desktop,Debit Card,Home & Kitchen,2022-06-30,30,3.6,436.56,108,47148.48,1571.62,37718.88,1,4.1,4,2,No,147.1,3,12,1,4,0,,0.111,24+ Months,Mid Value,1,Active
CUST04566,Female,46,Married,Tier 3,Mobile,COD,Fashion,2022-12-30,24,1.0,1434.91,24,34437.84,1434.91,34437.84,35,3.5,4,3,Yes,567.3,2,9,14,5,0,,0.375,12-24 Months,Mid Value,0,Slipping
CUST04567,Male,23,Married,Tier 2,Mobile,Wallet,Home & Kitchen,2022-06-30,30,0.6,301.35,18,5424.3,180.81,4339.44,34,5.7,2,2,Yes,15.91,7,2,1,2,0,,0.111,24+ Months,Low Value,0,Slipping
CUST04568,Male,43,Single,Tier 1,Mobile,COD,Home & Kitchen,2022-12-30,24,3.8,724.17,91,65899.47,2751.85,0.0,33,7.5,2,1,Yes,40.39,6,21,5,6,1,2024-12-07,0.231,12-24 Months,High Value,0,Slipping
CUST04569,Male,28,Married,Tier 1,Mobile,UPI,Electronics,2023-07-01,18,0.5,243.53,9,2191.77,121.76,2922.24,92,4.4,4,0,No Complaint,185.85,3,1,16,5,0,,0.111,12-24 Months,Low Value,0,Dormant
CUST04570,Female,41,Married,Tier 1,Mobile,COD,Electronics,2024-04-01,9,1.4,1147.18,13,14913.34,1606.05,38545.2,94,5.4,5,0,No Complaint,204.21,2,2,2,4,0,,0.154,6-12 Months,Mid Value,0,Dormant
CUST04571,Male,46,Married,Tier 2,Desktop,COD,Sports,2024-03-01,10,3.4,1067.54,34,36296.36,3629.64,0.0,130,6.7,3,4,Yes,32.34,5,7,1,5,1,2024-11-10,0.206,6-12 Months,High Value,0,Dormant
CUST04572,Female,20,Single,Tier 1,Mobile,COD,Grocery,2024-05-01,8,2.1,980.72,17,16672.24,2059.51,49428.24,37,2.6,4,1,Yes,295.45,4,0,1,3,0,,0.0,6-12 Months,Mid Value,0,Slipping
CUST04573,Male,27,Single,Tier 2,Mobile,COD,Electronics,2023-07-01,18,2.0,466.33,36,16787.88,932.66,22383.84,17,7.7,5,0,No Complaint,474.81,3,9,2,3,0,,0.25,12-24 Months,Mid Value,0,Active
CUST04574,Female,18,Married,Tier 1,Desktop,Net Banking,Beauty,2024-05-01,8,0.5,2313.88,4,9255.52,1156.94,0.0,120,2.1,3,1,No,14.94,2,0,6,2,1,2024-08-03,0.0,6-12 Months,Mid Value,1,Dormant
CUST04575,Female,60,Single,Tier 3,Mobile,UPI,Electronics,2024-10-01,3,0.5,1696.11,2,3392.22,848.06,0.0,87,4.5,3,0,No Complaint,658.68,2,0,18,5,1,2024-12-06,0.0,0-3 Months,Low Value,0,At Risk
CUST04576,Male,43,Married,Tier 1,Desktop,UPI,Fashion,2024-10-31,2,2.2,1057.68,4,4230.72,2326.9,0.0,120,5.7,3,3,No,59.43,5,0,10,4,1,2024-11-17,0.0,0-3 Months,Mid Value,1,Dormant
CUST04577,Male,29,Married,Tier 3,Mobile,COD,Grocery,2021-12-29,36,0.5,597.89,18,10762.02,298.94,0.0,69,7.3,1,1,Yes,66.49,5,3,13,2,1,2022-06-16,0.167,24+ Months,Low Value,0,At Risk
CUST04578,Male,31,Married,Tier 3,Mobile,UPI,Grocery,2024-12-01,1,5.1,702.81,5,3514.05,3584.33,86023.92,135,4.5,4,0,No Complaint,8.27,5,1,2,6,0,,0.2,0-3 Months,High Value,0,Dormant
CUST04579,Female,42,Married,Tier 1,Desktop,UPI,Home & Kitchen,2024-10-31,2,1.1,888.25,2,1776.5,977.08,0.0,123,4.7,3,0,No Complaint,123.84,0,0,4,3,1,2024-12-16,0.0,0-3 Months,Mid Value,0,Dormant
CUST04580,Female,25,Single,Tier 2,Desktop,Credit Card,Electronics,2024-04-01,9,1.3,415.44,12,4985.28,540.07,12961.68,117,7.4,2,2,No,557.23,4,1,6,1,0,,0.083,6-12 Months,Low Value,1,Dormant
CUST04581,Female,60,Single,Tier 1,Mobile,COD,Beauty,2024-08-01,5,0.7,1631.38,4,6525.52,1141.97,27407.28,5,1.8,4,0,No Complaint,31.59,2,0,4,5,0,,0.0,3-6 Months,Mid Value,0,Active
CUST04582,Male,21,Married,Tier 3,Mobile,UPI,Electronics,2024-05-01,8,5.2,2167.94,42,91053.48,11273.29,270558.96,154,2.7,4,0,No Complaint,154.81,3,3,11,6,0,,0.071,6-12 Months,High Value,0,Dormant
CUST04583,Female,45,Married,Tier 2,Desktop,Debit Card,Grocery,2024-10-31,2,2.6,2970.1,5,14850.5,7722.26,185334.24,68,2.3,5,0,No Complaint,57.75,1,1,28,5,0,,0.2,0-3 Months,High Value,0,At Risk
CUST04584,Female,24,Single,Tier 1,Mobile,UPI,Fashion,2024-10-01,3,1.5,705.86,4,2823.44,1058.79,25410.96,25,2.5,5,0,No Complaint,3.39,3,1,12,5,0,,0.25,0-3 Months,Mid Value,0,Active
CUST04585,Female,27,Single,Tier 1,Mobile,UPI,Electronics,2022-06-30,30,2.2,2354.51,66,155397.66,5179.92,0.0,136,2.8,5,1,Yes,783.72,3,6,23,6,1,2023-09-07,0.091,24+ Months,High Value,0,Dormant
CUST04586,Female,53,Single,Tier 2,Desktop,Credit Card,Home & Kitchen,2022-12-30,24,1.2,2458.33,29,71291.57,2950.0,70800.0,88,6.7,2,1,Yes,226.69,8,5,31,4,0,,0.172,12-24 Months,High Value,0,At Risk
CUST04587,Male,19,Married,Tier 3,Mobile,UPI,Fashion,2024-10-31,2,1.6,576.82,3,1730.46,922.91,0.0,6,7.2,3,4,Yes,239.36,5,0,3,7,1,2024-11-05,0.0,0-3 Months,Mid Value,0,Active
CUST04588,Male,43,Single,Tier 2,Desktop,COD,Beauty,2023-07-01,18,1.1,444.68,20,8893.6,489.15,0.0,140,5.2,2,2,Yes,195.76,3,6,8,3,1,2024-09-13,0.3,12-24 Months,Low Value,0,Dormant
CUST04589,Female,31,Single,Tier 3,Desktop,Net Banking,Electronics,2023-07-01,18,1.3,1921.03,23,44183.69,2497.34,0.0,78,6.3,3,1,No,27.93,7,1,12,4,1,2024-01-01,0.043,12-24 Months,Mid Value,1,At Risk
CUST04590,Female,33,Married,Tier 2,Desktop,COD,Fashion,2022-12-30,24,0.9,611.58,22,13454.76,550.42,0.0,136,6.0,2,3,Yes,41.68,2,1,8,2,1,2024-07-10,0.045,12-24 Months,Low Value,0,Dormant
CUST04591,Female,60,Single,Tier 1,Desktop,UPI,Fashion,2024-03-01,10,0.5,537.14,5,2685.7,268.57,0.0,136,4.5,4,3,No,87.7,4,0,7,3,1,2024-07-29,0.0,6-12 Months,Low Value,1,Dormant
CUST04592,Male,59,Married,Tier 3,Mobile,Debit Card,Beauty,2024-08-01,5,0.5,1589.93,2,3179.86,794.96,19079.04,18,6.2,4,1,Yes,971.35,2,0,4,3,0,,0.0,3-6 Months,Low Value,0,Active
CUST04593,Male,34,Single,Tier 1,Mobile,UPI,Fashion,2023-07-01,18,0.5,340.31,9,3062.79,170.16,0.0,110,5.9,2,0,No Complaint,200.97,5,1,6,4,1,2024-05-24,0.111,12-24 Months,Low Value,0,Dormant
CUST04594,Male,63,Married,Tier 3,Mobile,UPI,Grocery,2024-06-01,7,0.7,657.16,5,3285.8,460.01,11040.24,65,5.7,4,0,No Complaint,105.13,3,2,3,3,0,,0.4,6-12 Months,Low Value,0,At Risk
CUST04595,Male,39,Single,Tier 2,Desktop,Credit Card,Beauty,2024-08-31,4,5.5,243.51,22,5357.22,1339.3,0.0,98,4.7,1,0,No Complaint,119.35,2,2,2,4,1,2024-09-13,0.091,3-6 Months,Mid Value,0,Dormant
CUST04596,Female,21,Single,Tier 1,Desktop,COD,Electronics,2024-05-01,8,2.4,498.44,19,9470.36,1196.26,0.0,16,4.8,3,5,Yes,459.66,3,4,4,10,1,2024-05-21,0.211,6-12 Months,Mid Value,0,Active
CUST04597,Female,36,Married,Tier 2,Mobile,UPI,Electronics,2022-12-30,24,7.9,566.67,190,107667.3,4476.69,107440.56,106,4.2,3,0,No Complaint,39.37,4,4,4,4,0,,0.021,12-24 Months,High Value,0,Dormant
CUST04598,Male,19,Single,Tier 3,Mobile,UPI,Electronics,2024-03-01,10,1.0,531.05,10,5310.5,531.05,12745.2,140,1.3,5,2,No,69.65,3,1,1,6,0,,0.1,6-12 Months,Low Value,1,Dormant
CUST04599,Male,56,Married,Tier 3,Tablet,Net Banking,Sports,2024-07-01,6,1.3,664.44,8,5315.52,863.77,20730.48,177,4.4,5,2,Yes,83.42,3,1,5,2,0,,0.125,3-6 Months,Low Value,0,Dormant
CUST04600,Male,26,Single,Tier 1,Mobile,Credit Card,Electronics,2022-06-30,30,3.2,213.15,96,20462.4,682.08,16369.92,58,4.6,2,1,Yes,410.25,6,17,8,3,0,,0.177,24+ Months,Low Value,0,Slipping
CUST04601,Male,36,Single,Tier 1,Mobile,Wallet,Fashion,2021-12-29,36,2.2,443.81,79,35060.99,976.38,23433.12,28,2.9,5,0,No Complaint,269.93,4,2,1,5,0,,0.025,24+ Months,Mid Value,0,Active
CUST04602,Female,33,Married,Tier 2,Desktop,Wallet,Electronics,2024-04-01,9,1.9,2301.71,17,39129.07,4373.25,0.0,66,3.6,3,0,No Complaint,160.83,5,1,6,7,1,2024-09-15,0.059,6-12 Months,High Value,0,At Risk
CUST04603,Female,42,Married,Tier 2,Tablet,Debit Card,Grocery,2024-06-01,7,2.1,1106.24,15,16593.6,2323.1,55754.4,4,5.8,4,2,Yes,68.03,3,4,1,4,0,,0.267,6-12 Months,Mid Value,0,Active
CUST04604,Male,35,Married,Tier 2,Desktop,UPI,Beauty,2023-07-01,18,2.2,627.25,40,25090.0,1379.95,33118.8,74,6.1,4,2,Yes,40.66,4,24,16,6,0,,0.6,12-24 Months,Mid Value,0,At Risk
CUST04605,Female,40,Married,Tier 1,Desktop,COD,Home & Kitchen,2024-12-01,1,3.6,567.5,4,2270.0,2043.0,0.0,164,1.5,4,1,Yes,72.29,3,0,4,6,1,2024-12-22,0.0,0-3 Months,Mid Value,0,Dormant
CUST04606,Female,38,Married,Tier 3,Mobile,UPI,Home & Kitchen,2022-12-30,24,2.8,1534.02,67,102779.34,4295.26,0.0,35,3.2,3,0,No Complaint,477.26,2,8,2,7,1,2023-10-28,0.119,12-24 Months,High Value,0,Slipping
CUST04607,Female,28,Single,Tier 2,Desktop,UPI,Electronics,2022-06-30,30,7.9,953.48,237,225974.76,7532.49,0.0,86,5.9,1,0,No Complaint,433.88,4,109,4,4,1,2023-05-09,0.46,24+ Months,High Value,0,At Risk
CUST04608,Male,56,Married,Tier 3,Mobile,COD,Electronics,2024-05-01,8,7.4,409.34,59,24151.06,3029.12,72698.88,103,2.2,3,0,No Complaint,98.66,2,1,8,4,0,,0.017,6-12 Months,High Value,0,Dormant
CUST04609,Female,58,Single,Tier 2,Desktop,Credit Card,Beauty,2024-10-01,3,1.4,618.01,4,2472.04,865.21,20765.04,33,4.3,4,1,No,70.89,2,1,5,2,0,,0.25,0-3 Months,Low Value,1,Slipping
CUST04610,Male,21,Single,Tier 2,Mobile,UPI,Home & Kitchen,2024-12-01,1,0.5,377.75,1,377.75,188.88,4533.12,60,2.3,4,1,Yes,388.67,4,0,7,3,0,,0.0,0-3 Months,Low Value,0,Slipping
CUST04611,Male,42,Single,Tier 3,Mobile,Debit Card,Electronics,2023-07-01,18,0.5,552.91,9,4976.19,276.46,0.0,164,2.9,4,4,Yes,106.38,2,0,7,1,1,2024-09-29,0.0,12-24 Months,Low Value,0,Dormant
CUST04612,Male,49,Married,Tier 2,Mobile,COD,Electronics,2024-08-01,5,0.5,1450.35,2,2900.7,725.18,0.0,53,5.1,1,4,Yes,7.1,3,0,10,5,1,2024-11-18,0.0,3-6 Months,Low Value,0,Slipping
CUST04613,Male,47,Single,Tier 3,Mobile,UPI,Home & Kitchen,2024-03-01,10,0.5,1352.0,5,6760.0,676.0,16224.0,114,5.6,5,1,Yes,76.37,2,1,22,4,0,,0.2,6-12 Months,Low Value,0,Dormant
CUST04614,Male,62,Married,Tier 3,Desktop,UPI,Electronics,2024-05-01,8,1.2,1845.31,10,18453.1,2214.37,53144.88,25,6.4,5,2,Yes,168.25,5,1,8,4,0,,0.1,6-12 Months,Mid Value,0,Active
CUST04615,Male,43,Single,Tier 2,Tablet,UPI,Electronics,2024-10-01,3,0.5,991.8,2,1983.6,495.9,0.0,120,9.5,2,2,Yes,520.74,5,1,1,4,1,2024-10-22,0.5,0-3 Months,Low Value,0,Dormant
CUST04616,Male,53,Single,Tier 2,Desktop,Credit Card,Home & Kitchen,2024-01-31,11,2.5,312.19,28,8741.32,780.48,0.0,50,4.2,3,2,Yes,99.48,3,6,5,5,1,2024-09-14,0.214,6-12 Months,Low Value,0,Slipping
CUST04617,Female,51,Married,Tier 1,Desktop,COD,Beauty,2024-04-01,9,0.5,375.42,4,1501.68,187.71,4505.04,42,4.3,4,0,No Complaint,49.43,4,0,2,2,0,,0.0,6-12 Months,Low Value,0,Slipping
CUST04618,Female,26,Married,Tier 1,Mobile,COD,Fashion,2023-07-01,18,1.8,1251.2,32,40038.4,2252.16,54051.84,23,6.8,3,0,No Complaint,87.36,4,5,1,5,0,,0.156,12-24 Months,Mid Value,0,Active
CUST04619,Male,29,Married,Tier 1,Desktop,Debit Card,Electronics,2024-08-01,5,0.5,964.13,2,1928.26,482.06,0.0,9,6.5,4,0,No Complaint,10.58,3,1,11,4,1,2024-10-29,0.5,3-6 Months,Low Value,0,Active
CUST04620,Female,19,Single,Tier 1,Desktop,UPI,Electronics,2024-08-31,4,4.4,398.85,18,7179.3,1754.94,0.0,174,5.5,3,4,No,412.38,6,7,1,5,1,2024-10-27,0.389,3-6 Months,Mid Value,1,Dormant
CUST04621,Female,55,Married,Tier 1,Desktop,UPI,Home & Kitchen,2022-06-30,30,3.8,706.52,114,80543.28,2684.78,64434.72,75,3.8,4,2,Yes,6.12,7,30,12,8,0,,0.263,24+ Months,High Value,0,At Risk
CUST04622,Female,22,Single,Tier 1,Mobile,UPI,Sports,2022-12-30,24,1.2,3394.27,29,98433.83,4073.12,97754.88,140,5.8,3,0,No Complaint,0.18,3,1,6,4,0,,0.034,12-24 Months,High Value,0,Dormant
CUST04623,Male,22,Married,Tier 2,Mobile,UPI,Beauty,2022-12-30,24,6.0,1723.49,144,248182.56,10340.94,248182.56,165,3.4,3,0,No Complaint,171.41,4,48,4,3,0,,0.333,12-24 Months,High Value,0,Dormant
CUST04624,Female,39,Married,Tier 2,Desktop,UPI,Electronics,2024-10-31,2,0.5,2563.25,1,2563.25,1281.62,30758.88,37,3.3,4,1,Yes,30.1,5,0,17,5,0,,0.0,0-3 Months,Mid Value,0,Slipping
CUST04625,Female,22,Married,Tier 1,Mobile,Credit Card,Fashion,2024-08-31,4,4.2,393.29,17,6685.93,1651.82,39643.68,156,5.0,5,0,No Complaint,63.2,4,1,18,8,0,,0.059,3-6 Months,Mid Value,0,Dormant
CUST04626,Female,21,Married,Tier 1,Desktop,UPI,Beauty,2023-12-31,12,2.0,2890.76,24,69378.24,5781.52,138756.48,127,8.2,4,0,No Complaint,121.55,0,4,2,6,0,,0.167,6-12 Months,High Value,0,Dormant
CUST04627,Male,26,Married,Tier 2,Tablet,COD,Electronics,2022-06-30,30,1.0,623.82,30,18714.6,623.82,14971.68,104,4.0,2,2,No,282.74,1,1,13,3,0,,0.033,24+ Months,Low Value,1,Dormant
CUST04628,Male,46,Single,Tier 2,Mobile,COD,Grocery,2021-12-29,36,0.5,2698.76,18,48577.68,1349.38,0.0,145,4.6,3,0,No Complaint,88.24,5,1,7,2,1,2022-03-25,0.056,24+ Months,Mid Value,0,Dormant
CUST04629,Female,39,Single,Tier 2,Desktop,Debit Card,Grocery,2022-06-30,30,0.5,1153.8,15,17307.0,576.9,13845.6,20,1.7,3,0,No Complaint,566.83,3,3,5,3,0,,0.2,24+ Months,Low Value,0,Active
CUST04630,Male,44,Single,Tier 2,Desktop,UPI,Electronics,2024-12-01,1,5.0,1394.02,5,6970.1,6970.1,167282.4,48,2.9,4,3,Yes,108.66,1,0,2,3,0,,0.0,0-3 Months,High Value,0,Slipping
CUST04631,Male,27,Single,Tier 3,Desktop,Net Banking,Sports,2022-06-30,30,2.3,1460.09,69,100746.21,3358.21,80597.04,24,5.2,3,2,Yes,454.61,1,3,13,4,0,,0.043,24+ Months,High Value,0,Active
CUST04632,Male,33,Married,Tier 2,Mobile,Wallet,Fashion,2021-12-29,36,0.7,962.14,25,24053.5,673.5,0.0,161,5.4,4,0,No Complaint,108.37,2,2,17,3,1,2023-12-21,0.08,24+ Months,Low Value,0,Dormant
CUST04633,Female,59,Single,Tier 2,Desktop,UPI,Beauty,2024-12-01,1,1.7,1350.75,2,2701.5,2296.28,55110.72,18,8.0,5,3,Yes,130.68,1,0,10,3,0,,0.0,0-3 Months,Mid Value,0,Active
CUST04634,Female,59,Married,Tier 3,Mobile,COD,Electronics,2024-05-01,8,0.5,440.02,4,1760.08,220.01,0.0,176,2.6,2,3,Yes,570.94,2,1,3,4,1,2024-10-05,0.25,6-12 Months,Low Value,0,Dormant
CUST04635,Male,27,Married,Tier 3,Mobile,COD,Beauty,2024-01-31,11,0.5,820.36,6,4922.16,410.18,9844.32,20,4.7,4,0,No Complaint,202.25,2,1,1,4,0,,0.167,6-12 Months,Low Value,0,Active
CUST04636,Female,23,Married,Tier 2,Desktop,Debit Card,Grocery,2024-08-31,4,6.0,1550.74,24,37217.76,9304.44,223306.56,119,3.7,4,0,No Complaint,29.12,1,1,5,2,0,,0.042,3-6 Months,High Value,0,Dormant
CUST04637,Male,22,Married,Tier 2,Desktop,Credit Card,Fashion,2024-01-31,11,1.5,968.94,16,15503.04,1453.41,34881.84,119,5.0,5,0,No Complaint,164.28,3,2,2,4,0,,0.125,6-12 Months,Mid Value,0,Dormant
CUST04638,Female,23,Married,Tier 1,Desktop,Credit Card,Electronics,2021-12-29,36,1.1,702.38,40,28095.2,772.62,18542.88,167,3.5,5,3,Yes,45.93,4,1,3,3,0,,0.025,24+ Months,Low Value,0,Dormant
CUST04639,Female,64,Single,Tier 2,Mobile,Credit Card,Fashion,2022-06-30,30,7.4,1057.46,222,234756.12,7825.2,187804.8,58,1.4,3,2,No,66.7,2,40,3,6,0,,0.18,24+ Months,High Value,1,Slipping
CUST04640,Female,42,Married,Tier 3,Mobile,Credit Card,Fashion,2021-12-29,36,1.3,345.57,47,16241.79,449.24,10781.76,60,5.7,3,0,No Complaint,327.8,4,2,2,4,0,,0.043,24+ Months,Low Value,0,Slipping
CUST04641,Female,21,Single,Tier 2,Tablet,Net Banking,Beauty,2024-03-01,10,1.0,1867.35,10,18673.5,1867.35,44816.4,152,3.2,3,1,Yes,206.31,4,0,33,1,0,,0.0,6-12 Months,Mid Value,0,Dormant
CUST04642,Male,57,Married,Tier 3,Mobile,COD,Fashion,2024-05-01,8,0.8,209.51,6,1257.06,167.61,0.0,176,4.1,3,1,No,60.86,4,2,15,2,1,2024-08-20,0.333,6-12 Months,Low Value,1,Dormant
CUST04643,Female,49,Single,Tier 2,Desktop,UPI,Electronics,2023-07-01,18,2.1,882.3,38,33527.4,1852.83,44467.92,6,4.6,3,0,No Complaint,0.85,2,7,1,5,0,,0.184,12-24 Months,Mid Value,0,Active
CUST04644,Male,52,Single,Tier 3,Desktop,Debit Card,Fashion,2024-05-01,8,2.0,1528.66,16,24458.56,3057.32,73375.68,114,4.5,5,1,No,136.36,6,5,15,7,0,,0.312,6-12 Months,High Value,1,Dormant
CUST04645,Female,27,Married,Tier 2,Desktop,Debit Card,Grocery,2024-12-01,1,0.5,950.59,1,950.59,475.3,0.0,44,1.0,1,0,No Complaint,51.82,1,0,1,2,1,2024-12-09,0.0,0-3 Months,Low Value,0,Slipping
CUST04646,Female,51,Married,Tier 1,Mobile,UPI,Beauty,2022-12-30,24,2.7,646.55,65,42025.75,1745.68,0.0,131,1.6,3,0,No Complaint,5.17,7,10,14,8,1,2024-10-14,0.154,12-24 Months,Mid Value,0,Dormant
CUST04647,Female,53,Married,Tier 2,Desktop,Credit Card,Electronics,2024-08-01,5,3.9,1938.63,20,38772.6,7560.66,181455.84,139,4.0,4,0,No Complaint,11.77,6,2,2,6,0,,0.1,3-6 Months,High Value,0,Dormant
CUST04648,Male,23,Single,Tier 1,Desktop,Net Banking,Grocery,2024-12-01,1,2.4,554.33,2,1108.66,1330.39,0.0,137,8.6,4,4,No,201.34,3,0,5,5,1,2024-12-26,0.0,0-3 Months,Mid Value,1,Dormant
CUST04649,Female,60,Single,Tier 1,Mobile,Debit Card,Home & Kitchen,2024-12-01,1,5.1,2919.87,5,14599.35,14891.34,357392.16,78,2.8,4,3,Yes,96.29,4,1,3,4,0,,0.2,0-3 Months,High Value,0,At Risk
CUST04650,Male,63,Single,Tier 3,Mobile,UPI,Fashion,2021-12-29,36,0.8,775.16,29,22479.64,620.13,0.0,29,3.8,1,3,Yes,54.8,1,3,7,7,1,2022-04-25,0.103,24+ Months,Low Value,0,Active
CUST04651,Male,33,Married,Tier 1,Mobile,UPI,Beauty,2024-08-01,5,0.5,756.19,2,1512.38,378.1,9074.4,105,6.9,4,3,Yes,381.2,4,0,5,5,0,,0.0,3-6 Months,Low Value,0,Dormant
CUST04652,Female,36,Married,Tier 3,Mobile,Credit Card,Electronics,2024-04-01,9,3.0,1494.7,27,40356.9,4484.1,0.0,142,5.8,2,0,No Complaint,313.82,1,3,1,5,1,2024-05-09,0.111,6-12 Months,High Value,0,Dormant
CUST04653,Male,51,Single,Tier 1,Desktop,Debit Card,Fashion,2021-12-29,36,0.5,722.57,18,13006.26,361.28,0.0,164,5.3,5,3,Yes,112.99,3,0,11,4,1,2024-04-08,0.0,24+ Months,Low Value,0,Dormant
CUST04654,Female,42,Married,Tier 1,Desktop,Credit Card,Grocery,2024-03-01,10,0.5,960.25,5,4801.25,480.12,11522.88,82,4.7,5,0,No Complaint,58.03,1,0,5,3,0,,0.0,6-12 Months,Low Value,0,At Risk
CUST04655,Male,48,Single,Tier 3,Tablet,Debit Card,Fashion,2024-10-31,2,0.5,1339.3,1,1339.3,669.65,0.0,44,1.1,1,2,Yes,127.37,3,0,2,3,1,2024-11-23,0.0,0-3 Months,Low Value,0,Slipping
CUST04656,Male,58,Married,Tier 2,Mobile,UPI,Home & Kitchen,2023-12-31,12,3.7,380.79,44,16754.76,1408.92,33814.08,22,1.7,4,1,No,251.65,4,4,7,6,0,,0.091,6-12 Months,Mid Value,1,Active
CUST04657,Female,34,Single,Tier 2,Desktop,UPI,Fashion,2024-10-31,2,0.5,1378.85,1,1378.85,689.42,16546.08,143,2.9,5,0,No Complaint,1.94,4,0,2,2,0,,0.0,0-3 Months,Low Value,0,Dormant
CUST04658,Female,64,Married,Tier 2,Mobile,Debit Card,Fashion,2024-10-31,2,0.9,274.41,2,548.82,246.97,0.0,96,3.8,3,0,No Complaint,170.68,1,0,6,1,1,2024-12-02,0.0,0-3 Months,Low Value,0,Dormant
CUST04659,Male,47,Married,Tier 2,Desktop,UPI,Grocery,2022-06-30,30,0.5,889.71,15,13345.65,444.86,0.0,121,6.7,4,0,No Complaint,222.9,4,1,4,5,1,2024-09-27,0.067,24+ Months,Low Value,0,Dormant
CUST04660,Female,56,Single,Tier 3,Mobile,Net Banking,Grocery,2024-08-01,5,3.5,699.54,18,12591.72,2448.39,58761.36,29,4.6,2,2,No,305.49,3,0,6,5,0,,0.0,3-6 Months,Mid Value,1,Active
CUST04661,Male,48,Single,Tier 2,Desktop,UPI,Beauty,2023-07-01,18,1.8,358.58,32,11474.56,645.44,0.0,2,3.4,2,1,Yes,43.94,4,0,7,1,1,2023-12-11,0.0,12-24 Months,Low Value,0,Active
CUST04662,Female,36,Single,Tier 2,Desktop,Debit Card,Fashion,2024-01-31,11,0.6,2933.67,7,20535.69,1760.2,0.0,174,4.0,5,2,Yes,40.94,4,0,1,5,1,2024-02-15,0.0,6-12 Months,Mid Value,0,Dormant
CUST04663,Male,52,Single,Tier 3,Tablet,Credit Card,Home & Kitchen,2024-08-31,4,3.5,1009.45,14,14132.3,3533.08,0.0,146,7.0,4,0,No Complaint,43.74,1,1,8,6,1,2024-09-18,0.071,3-6 Months,High Value,0,Dormant
CUST04664,Female,46,Married,Tier 1,Desktop,Credit Card,Sports,2024-01-31,11,3.5,568.57,38,21605.66,1990.0,0.0,72,4.7,5,2,Yes,482.39,2,8,3,3,1,2024-12-07,0.211,6-12 Months,Mid Value,0,At Risk
CUST04665,Female,18,Single,Tier 2,Desktop,COD,Electronics,2024-12-01,1,1.9,991.66,2,1983.32,1884.15,0.0,82,5.7,4,2,Yes,27.35,4,0,3,7,1,2024-12-22,0.0,0-3 Months,Mid Value,0,At Risk
CUST04666,Female,21,Single,Tier 3,Mobile,Credit Card,Beauty,2024-06-01,7,0.8,5119.27,6,30715.62,4095.42,98290.08,167,3.6,2,0,No Complaint,260.4,3,0,12,1,0,,0.0,6-12 Months,High Value,0,Dormant
CUST04667,Male,45,Single,Tier 2,Desktop,COD,Grocery,2024-01-31,11,2.2,447.3,24,10735.2,984.06,23617.44,38,1.0,3,0,No Complaint,778.28,3,3,2,5,0,,0.125,6-12 Months,Mid Value,0,Slipping
CUST04668,Female,35,Single,Tier 3,Mobile,Credit Card,Fashion,2024-08-31,4,6.8,1423.06,27,38422.62,9676.81,232243.44,144,5.7,5,3,Yes,526.33,1,2,3,4,0,,0.074,3-6 Months,High Value,0,Dormant
CUST04669,Female,43,Single,Tier 2,Mobile,Debit Card,Electronics,2023-07-01,18,0.5,473.34,9,4260.06,236.67,5680.08,4,5.1,1,1,No,94.94,6,1,1,3,0,,0.111,12-24 Months,Low Value,1,Active
CUST04670,Female,57,Single,Tier 3,Mobile,COD,Fashion,2024-12-01,1,0.8,1258.42,1,1258.42,1006.74,0.0,157,6.2,3,0,No Complaint,329.14,2,0,27,4,1,2024-12-26,0.0,0-3 Months,Mid Value,0,Dormant
CUST04671,Male,36,Married,Tier 3,Desktop,Debit Card,Sports,2024-03-01,10,0.8,566.01,8,4528.08,452.81,0.0,106,4.7,3,0,No Complaint,199.64,3,1,2,4,1,2024-10-11,0.125,6-12 Months,Low Value,0,Dormant
CUST04672,Female,23,Married,Tier 1,Mobile,Debit Card,Fashion,2022-12-30,24,2.5,800.72,60,48043.2,2001.8,48043.2,86,8.9,3,0,No Complaint,365.12,3,9,17,7,0,,0.15,12-24 Months,Mid Value,0,At Risk
CUST04673,Female,18,Married,Tier 1,Mobile,COD,Grocery,2024-04-01,9,2.6,1002.95,23,23067.85,2607.67,62584.08,127,2.8,2,0,No Complaint,31.63,1,10,7,7,0,,0.435,6-12 Months,High Value,0,Dormant
CUST04674,Male,25,Single,Tier 2,Desktop,Wallet,Electronics,2022-06-30,30,0.6,2262.08,18,40717.44,1357.25,32574.0,13,2.5,5,0,No Complaint,260.62,5,3,4,4,0,,0.167,24+ Months,Mid Value,0,Active
CUST04675,Male,50,Single,Tier 2,Desktop,Credit Card,Grocery,2023-07-01,18,0.6,319.98,11,3519.78,191.99,4607.76,36,4.2,2,0,No Complaint,158.98,3,4,7,3,0,,0.364,12-24 Months,Low Value,0,Slipping
CUST04676,Female,60,Single,Tier 1,Desktop,Debit Card,Fashion,2021-12-29,36,6.6,2950.61,238,702245.18,19474.03,467376.72,73,4.0,5,0,No Complaint,139.82,2,7,7,3,0,,0.029,24+ Months,High Value,0,At Risk
CUST04677,Male,38,Married,Tier 1,Mobile,UPI,Beauty,2024-08-01,5,3.5,234.45,18,4220.1,820.58,0.0,111,4.1,3,0,No Complaint,234.95,0,1,7,4,1,2024-08-09,0.056,3-6 Months,Low Value,0,Dormant
CUST04678,Female,41,Married,Tier 1,Mobile,Credit Card,Fashion,2021-12-29,36,6.8,1129.3,245,276678.5,7679.24,184301.76,26,4.3,4,2,No,57.4,1,38,3,2,0,,0.155,24+ Months,High Value,1,Active
CUST04679,Female,42,Single,Tier 3,Mobile,Credit Card,Home & Kitchen,2023-07-01,18,4.4,936.6,79,73991.4,4121.04,98904.96,68,3.9,4,0,No Complaint,13.95,4,9,17,3,0,,0.114,12-24 Months,High Value,0,At Risk
CUST04680,Female,64,Married,Tier 2,Mobile,COD,Home & Kitchen,2022-12-30,24,1.3,818.99,31,25388.69,1064.69,0.0,47,3.5,4,1,Yes,125.53,2,1,12,3,1,2023-05-08,0.032,12-24 Months,Mid Value,0,Slipping
CUST04681,Male,60,Married,Tier 2,Mobile,Credit Card,Grocery,2021-12-29,36,0.5,920.94,18,16576.92,460.47,11051.28,116,2.7,4,0,No Complaint,64.75,4,1,30,3,0,,0.056,24+ Months,Low Value,0,Dormant
CUST04682,Male,36,Married,Tier 1,Tablet,COD,Fashion,2023-12-31,12,2.5,1293.72,30,38811.6,3234.3,0.0,165,5.5,4,1,No,53.33,3,7,14,4,1,2024-02-03,0.233,6-12 Months,High Value,1,Dormant
CUST04683,Female,46,Single,Tier 2,Mobile,UPI,Fashion,2022-06-30,30,1.1,1240.41,33,40933.53,1364.45,32746.8,30,6.6,4,0,No Complaint,1173.12,3,2,4,6,0,,0.061,24+ Months,Mid Value,0,Active
CUST04684,Male,27,Single,Tier 1,Mobile,Credit Card,Home & Kitchen,2023-12-31,12,1.4,791.81,17,13460.77,1108.53,0.0,34,10.4,1,0,No Complaint,39.69,3,1,3,5,1,2024-04-29,0.059,6-12 Months,Mid Value,0,Slipping
CUST04685,Female,29,Single,Tier 1,Mobile,Net Banking,Fashion,2023-07-01,18,1.4,1468.93,25,36723.25,2056.5,0.0,108,5.2,4,5,Yes,48.35,1,2,5,4,1,2024-07-10,0.08,12-24 Months,Mid Value,0,Dormant
CUST04686,Male,50,Single,Tier 3,Mobile,UPI,Fashion,2024-04-01,9,6.9,764.54,62,47401.48,5275.33,126607.92,82,6.5,4,0,No Complaint,73.13,3,3,1,2,0,,0.048,6-12 Months,High Value,0,At Risk
CUST04687,Male,24,Married,Tier 3,Mobile,UPI,Grocery,2024-10-01,3,0.5,958.55,2,1917.1,479.28,0.0,129,4.9,3,0,No Complaint,123.69,0,1,4,4,1,2024-11-16,0.5,0-3 Months,Low Value,0,Dormant
CUST04688,Male,34,Single,Tier 1,Mobile,Credit Card,Fashion,2023-12-31,12,0.5,2019.18,6,12115.08,1009.59,24230.16,52,5.8,4,0,No Complaint,366.01,2,1,1,3,0,,0.167,6-12 Months,Mid Value,0,Slipping
CUST04689,Female,27,Married,Tier 1,Tablet,COD,Fashion,2021-12-29,36,2.3,2060.42,83,171014.86,4738.97,113735.28,98,4.4,4,1,Yes,34.93,2,12,2,4,0,,0.145,24+ Months,High Value,0,Dormant
CUST04690,Female,48,Single,Tier 1,Mobile,Credit Card,Grocery,2022-06-30,30,5.4,1869.54,162,302865.48,10095.52,242292.48,70,4.0,4,1,Yes,172.26,2,13,3,2,0,,0.08,24+ Months,High Value,0,At Risk
CUST04691,Male,23,Single,Tier 2,Mobile,Credit Card,Electronics,2022-12-30,24,6.3,438.12,151,66156.12,2760.16,66243.84,51,4.1,2,0,No Complaint,82.75,3,0,8,2,0,,0.0,12-24 Months,High Value,0,Slipping
CUST04692,Male,34,Single,Tier 1,Mobile,Debit Card,Fashion,2023-07-01,18,2.0,1210.04,36,43561.44,2420.08,0.0,131,7.9,3,1,Yes,286.94,3,1,29,3,1,2024-07-27,0.028,12-24 Months,Mid Value,0,Dormant
CUST04693,Male,54,Single,Tier 1,Mobile,UPI,Grocery,2024-06-01,7,0.5,1240.22,4,4960.88,620.11,0.0,143,7.7,4,0,No Complaint,165.78,3,0,1,5,1,2024-10-24,0.0,6-12 Months,Low Value,0,Dormant
CUST04694,Male,35,Married,Tier 1,Mobile,COD,Electronics,2024-10-01,3,1.1,3094.34,3,9283.02,3403.77,0.0,59,3.0,3,1,Yes,285.34,1,0,1,7,1,2024-10-05,0.0,0-3 Months,High Value,0,Slipping
CUST04695,Male,43,Married,Tier 3,Mobile,UPI,Beauty,2024-08-31,4,6.3,1564.0,25,39100.0,9853.2,0.0,112,5.4,4,2,No,347.7,2,4,21,2,1,2024-11-16,0.16,3-6 Months,High Value,1,Dormant
CUST04696,Female,33,Married,Tier 2,Mobile,Credit Card,Fashion,2024-12-01,1,1.7,578.86,2,1157.72,984.06,23617.44,32,4.0,5,0,No Complaint,437.74,1,0,5,3,0,,0.0,0-3 Months,Mid Value,0,Slipping
CUST04697,Male,25,Married,Tier 2,Mobile,Debit Card,Grocery,2023-07-01,18,3.2,687.29,58,39862.82,2199.33,0.0,142,7.7,5,1,No,979.87,3,11,8,4,1,2023-12-05,0.19,12-24 Months,Mid Value,1,Dormant
CUST04698,Male,41,Single,Tier 2,Mobile,COD,Electronics,2022-06-30,30,0.8,151.45,24,3634.8,121.16,2907.84,51,2.4,5,0,No Complaint,173.63,6,4,1,2,0,,0.167,24+ Months,Low Value,0,Slipping
CUST04699,Male,30,Married,Tier 3,Mobile,COD,Electronics,2024-08-01,5,0.5,850.65,2,1701.3,425.32,0.0,31,6.5,1,0,No Complaint,182.67,6,1,3,4,1,2024-11-24,0.5,3-6 Months,Low Value,0,Slipping
CUST04700,Female,46,Single,Tier 3,Mobile,COD,Fashion,2024-10-31,2,2.2,693.33,4,2773.32,1525.33,0.0,169,4.7,4,4,Yes,27.27,2,0,6,6,1,2024-12-30,0.0,0-3 Months,Mid Value,0,Dormant
CUST04701,Male,49,Married,Tier 1,Mobile,Credit Card,Fashion,2024-07-01,6,4.5,621.87,27,16790.49,2798.42,67162.08,76,1.2,3,0,No Complaint,19.99,0,1,2,9,0,,0.037,3-6 Months,High Value,0,At Risk
CUST04702,Male,41,Married,Tier 1,Mobile,UPI,Home & Kitchen,2024-07-01,6,11.6,520.22,70,36415.4,6034.55,0.0,116,8.0,3,1,No,120.37,0,12,13,2,1,2024-10-03,0.171,3-6 Months,High Value,1,Dormant
CUST04703,Female,33,Single,Tier 2,Mobile,UPI,Electronics,2024-04-01,9,4.7,2633.21,42,110594.82,12376.09,297026.16,145,1.4,4,0,No Complaint,212.97,1,1,7,3,0,,0.024,6-12 Months,High Value,0,Dormant
CUST04704,Female,28,Married,Tier 1,Mobile,Net Banking,Beauty,2024-08-01,5,2.0,150.0,10,1500.0,300.0,7200.0,123,2.7,4,0,No Complaint,51.35,1,0,25,2,0,,0.0,3-6 Months,Low Value,0,Dormant
CUST04705,Male,49,Married,Tier 2,Mobile,Net Banking,Sports,2024-07-01,6,2.3,369.37,14,5171.18,849.55,20389.2,102,2.3,4,1,Yes,71.33,3,1,10,6,0,,0.071,3-6 Months,Low Value,0,Dormant
CUST04706,Male,23,Single,Tier 2,Mobile,Wallet,Grocery,2021-12-29,36,4.3,4772.77,155,739779.35,20522.91,492549.84,67,6.8,5,1,Yes,216.79,3,11,1,6,0,,0.071,24+ Months,High Value,0,At Risk
CUST04707,Female,52,Single,Tier 2,Mobile,UPI,Electronics,2024-07-01,6,0.5,1788.01,3,5364.03,894.0,0.0,165,3.4,4,2,Yes,42.81,1,0,6,5,1,2024-10-04,0.0,3-6 Months,Mid Value,0,Dormant
CUST04708,Male,50,Single,Tier 1,Mobile,Debit Card,Fashion,2022-06-30,30,7.6,1112.23,228,253588.44,8452.95,202870.8,24,2.4,5,1,Yes,132.63,6,58,1,5,0,,0.254,24+ Months,High Value,0,Active
CUST04709,Female,35,Married,Tier 2,Desktop,Debit Card,Home & Kitchen,2023-07-01,18,1.9,894.89,34,30426.26,1700.29,40806.96,159,5.6,5,1,Yes,139.24,4,2,16,9,0,,0.059,12-24 Months,Mid Value,0,Dormant
CUST04710,Female,54,Single,Tier 3,Desktop,COD,Beauty,2024-07-01,6,7.6,596.08,46,27419.68,4530.21,0.0,128,2.5,4,2,Yes,447.9,0,3,3,3,1,2024-10-22,0.065,3-6 Months,High Value,0,Dormant
CUST04711,Male,30,Married,Tier 1,Desktop,Debit Card,Grocery,2022-06-30,30,3.6,367.42,108,39681.36,1322.71,0.0,103,5.3,3,1,Yes,92.63,3,14,5,4,1,2024-08-19,0.13,24+ Months,Mid Value,0,Dormant
CUST04712,Male,27,Married,Tier 2,Desktop,COD,Electronics,2023-07-01,18,0.5,1161.37,9,10452.33,580.68,0.0,59,5.2,3,5,No,42.55,3,1,16,4,1,2023-09-17,0.111,12-24 Months,Low Value,1,Slipping
CUST04713,Male,54,Married,Tier 1,Tablet,Credit Card,Home & Kitchen,2024-12-01,1,0.5,1571.48,1,1571.48,785.74,18857.76,27,5.0,3,1,Yes,34.39,2,0,2,3,0,,0.0,0-3 Months,Low Value,0,Active
CUST04714,Female,43,Single,Tier 1,Desktop,UPI,Beauty,2024-12-01,1,1.1,552.74,1,552.74,608.01,0.0,80,1.0,3,0,No Complaint,62.45,4,0,5,6,1,2024-12-19,0.0,0-3 Months,Low Value,0,At Risk
CUST04715,Male,63,Married,Tier 2,Mobile,UPI,Electronics,2022-12-30,24,0.8,251.7,19,4782.3,201.36,4832.64,141,6.6,4,0,No Complaint,58.86,2,5,12,3,0,,0.263,12-24 Months,Low Value,0,Dormant
CUST04716,Male,34,Single,Tier 1,Mobile,UPI,Grocery,2024-04-01,9,1.4,1429.79,13,18587.27,2001.71,0.0,134,7.1,1,1,No,249.68,5,0,1,4,1,2024-06-10,0.0,6-12 Months,Mid Value,1,Dormant
CUST04717,Female,18,Married,Tier 1,Mobile,Credit Card,Electronics,2024-05-01,8,2.3,1544.82,18,27806.76,3553.09,85274.16,116,6.2,5,0,No Complaint,162.13,1,1,3,6,0,,0.056,6-12 Months,High Value,0,Dormant
CUST04718,Female,42,Married,Tier 1,Desktop,UPI,Fashion,2024-10-01,3,1.4,1607.35,4,6429.4,2250.29,54006.96,178,5.9,4,0,No Complaint,206.47,7,0,1,5,0,,0.0,0-3 Months,Mid Value,0,Dormant
CUST04719,Male,51,Married,Tier 2,Tablet,Credit Card,Beauty,2024-10-01,3,0.5,803.56,2,1607.12,401.78,0.0,175,4.2,4,0,No Complaint,179.11,3,0,11,6,1,2024-12-07,0.0,0-3 Months,Low Value,0,Dormant
CUST04720,Female,56,Married,Tier 2,Mobile,Debit Card,Fashion,2022-06-30,30,9.3,198.15,279,55283.85,1842.8,0.0,72,7.6,3,3,No,118.14,5,46,1,4,1,2023-07-10,0.165,24+ Months,Mid Value,1,At Risk
CUST04721,Male,27,Married,Tier 1,Desktop,Net Banking,Grocery,2022-06-30,30,1.4,380.85,42,15995.7,533.19,0.0,35,2.0,2,0,No Complaint,474.29,2,12,26,2,1,2023-08-11,0.286,24+ Months,Low Value,0,Slipping
CUST04722,Male,37,Single,Tier 2,Mobile,COD,Electronics,2023-12-31,12,4.8,2208.58,58,128097.64,10601.18,254428.32,84,1.0,3,0,No Complaint,306.1,3,3,4,1,0,,0.052,6-12 Months,High Value,0,At Risk
CUST04723,Male,24,Married,Tier 1,Mobile,UPI,Electronics,2024-07-01,6,0.5,348.83,3,1046.49,174.42,0.0,152,6.7,2,2,No,42.62,0,0,6,4,1,2024-09-19,0.0,3-6 Months,Low Value,1,Dormant
CUST04724,Male,33,Single,Tier 2,Mobile,UPI,Electronics,2021-12-29,36,4.2,1465.52,151,221293.52,6155.18,147724.32,83,1.3,5,0,No Complaint,99.19,4,13,2,2,0,,0.086,24+ Months,High Value,0,At Risk
CUST04725,Male,54,Single,Tier 2,Mobile,UPI,Sports,2023-07-01,18,0.5,439.28,9,3953.52,219.64,0.0,61,6.5,4,2,No,61.12,2,2,15,3,1,2024-04-11,0.222,12-24 Months,Low Value,1,At Risk
CUST04726,Male,46,Single,Tier 2,Mobile,Wallet,Electronics,2022-06-30,30,2.8,409.4,84,34389.6,1146.32,0.0,133,1.9,3,1,No,246.45,2,10,2,4,1,2023-03-12,0.119,24+ Months,Mid Value,1,Dormant
CUST04727,Female,29,Married,Tier 3,Desktop,Debit Card,Fashion,2024-12-01,1,2.7,3223.15,3,9669.45,8702.51,0.0,117,5.7,1,1,Yes,76.01,4,0,5,5,1,2024-12-31,0.0,0-3 Months,High Value,0,Dormant
CUST04728,Female,34,Single,Tier 3,Desktop,UPI,Grocery,2024-04-01,9,6.0,3307.69,54,178615.26,19846.14,476307.36,174,3.2,4,0,No Complaint,184.0,5,9,27,5,0,,0.167,6-12 Months,High Value,0,Dormant
CUST04729,Female,37,Married,Tier 1,Desktop,COD,Fashion,2022-06-30,30,1.0,1006.53,30,30195.9,1006.53,0.0,99,5.2,4,0,No Complaint,62.21,2,3,5,2,1,2022-10-24,0.1,24+ Months,Mid Value,0,Dormant
CUST04730,Male,43,Married,Tier 3,Mobile,Credit Card,Fashion,2024-07-01,6,0.5,639.55,3,1918.65,319.77,0.0,174,7.0,4,0,No Complaint,33.9,6,0,6,2,1,2024-07-07,0.0,3-6 Months,Low Value,0,Dormant
CUST04731,Male,36,Married,Tier 1,Desktop,Net Banking,Fashion,2022-12-30,24,5.0,1849.06,120,221887.2,9245.3,221887.2,53,3.0,3,2,Yes,1.66,4,6,16,5,0,,0.05,12-24 Months,High Value,0,Slipping
CUST04732,Male,64,Married,Tier 3,Mobile,UPI,Fashion,2023-07-01,18,1.0,297.16,18,5348.88,297.16,0.0,155,7.5,5,4,Yes,940.6,1,3,18,2,1,2024-01-07,0.167,12-24 Months,Low Value,0,Dormant
CUST04733,Female,29,Single,Tier 1,Mobile,Credit Card,Electronics,2024-10-01,3,0.7,2096.69,2,4193.38,1467.68,0.0,63,4.5,4,2,No,44.61,4,1,10,2,1,2024-12-03,0.5,0-3 Months,Mid Value,1,At Risk
CUST04734,Female,38,Married,Tier 2,Desktop,Credit Card,Electronics,2022-12-30,24,1.7,3693.58,41,151436.78,6279.09,0.0,145,4.7,3,1,No,321.34,3,2,1,2,1,2024-06-12,0.049,12-24 Months,High Value,1,Dormant
CUST04735,Male,59,Married,Tier 1,Mobile,Net Banking,Fashion,2024-10-31,2,0.5,1348.12,1,1348.12,674.06,16177.44,166,6.6,3,4,Yes,310.76,2,0,10,2,0,,0.0,0-3 Months,Low Value,0,Dormant
CUST04736,Male,51,Married,Tier 1,Mobile,Net Banking,Beauty,2022-12-30,24,0.9,397.84,22,8752.48,358.06,0.0,112,6.9,2,2,Yes,48.44,2,2,11,6,1,2024-01-30,0.091,12-24 Months,Low Value,0,Dormant
CUST04737,Male,24,Single,Tier 2,Mobile,Debit Card,Fashion,2021-12-29,36,1.2,2610.3,43,112242.9,3132.36,75176.64,131,4.4,4,1,Yes,96.7,1,2,4,5,0,,0.047,24+ Months,High Value,0,Dormant
CUST04738,Male,62,Single,Tier 3,Desktop,UPI,Home & Kitchen,2021-12-29,36,0.8,1117.58,29,32409.82,894.06,0.0,172,1.7,4,0,No Complaint,325.54,5,5,8,4,1,2022-08-27,0.172,24+ Months,Mid Value,0,Dormant
CUST04739,Male,52,Married,Tier 2,Mobile,Credit Card,Grocery,2022-06-30,30,1.5,813.84,45,36622.8,1220.76,29298.24,68,4.6,3,0,No Complaint,210.7,1,8,3,2,0,,0.178,24+ Months,Mid Value,0,At Risk
CUST04740,Female,32,Single,Tier 2,Mobile,Wallet,Fashion,2024-01-31,11,1.2,455.63,13,5923.19,546.76,0.0,92,1.8,5,0,No Complaint,83.13,3,4,3,4,1,2024-06-13,0.308,6-12 Months,Low Value,0,Dormant
CUST04741,Female,18,Single,Tier 3,Desktop,Debit Card,Sports,2023-07-01,18,3.7,404.29,67,27087.43,1495.87,35900.88,161,4.3,4,0,No Complaint,536.16,3,11,4,3,0,,0.164,12-24 Months,Mid Value,0,Dormant
CUST04742,Male,43,Single,Tier 1,Desktop,COD,Electronics,2022-12-30,24,6.3,2012.98,151,303959.98,12681.77,0.0,121,3.9,5,0,No Complaint,75.43,1,16,16,3,1,2023-09-22,0.106,12-24 Months,High Value,0,Dormant
CUST04743,Male,52,Single,Tier 1,Desktop,Credit Card,Electronics,2024-12-01,1,0.5,851.22,1,851.22,425.61,0.0,157,1.9,4,4,Yes,42.9,3,0,21,5,1,2024-12-23,0.0,0-3 Months,Low Value,0,Dormant
CUST04744,Female,42,Single,Tier 1,Mobile,Debit Card,Electronics,2024-10-31,2,4.3,845.02,9,7605.18,3633.59,0.0,111,2.9,1,2,Yes,28.56,3,1,10,6,1,2024-11-28,0.111,0-3 Months,High Value,0,Dormant
CUST04745,Male,59,Married,Tier 2,Mobile,Credit Card,Beauty,2023-07-01,18,6.7,980.69,121,118663.49,6570.62,157694.88,133,6.8,1,1,Yes,217.51,2,7,2,4,0,,0.058,12-24 Months,High Value,0,Dormant
CUST04746,Male,32,Married,Tier 1,Mobile,COD,Electronics,2024-12-01,1,2.9,228.91,3,686.73,663.84,15932.16,3,3.9,5,0,No Complaint,5.3,1,0,10,3,0,,0.0,0-3 Months,Low Value,0,Active
CUST04747,Male,39,Single,Tier 1,Mobile,Net Banking,Fashion,2021-12-29,36,14.1,884.1,500,442050.0,12465.81,299179.44,61,3.7,3,0,No Complaint,336.56,2,125,2,6,0,,0.25,24+ Months,High Value,0,At Risk
CUST04748,Male,23,Single,Tier 1,Desktop,Credit Card,Fashion,2024-03-01,10,1.0,893.78,10,8937.8,893.78,0.0,138,5.5,2,0,No Complaint,65.29,2,1,1,4,1,2024-06-18,0.1,6-12 Months,Mid Value,0,Dormant
CUST04749,Male,32,Married,Tier 1,Mobile,Credit Card,Beauty,2024-08-01,5,4.4,2557.04,22,56254.88,11250.98,270023.52,73,7.5,5,0,No Complaint,83.11,2,3,6,2,0,,0.136,3-6 Months,High Value,0,At Risk
CUST04750,Female,41,Single,Tier 3,Mobile,Credit Card,Fashion,2024-05-01,8,2.8,1602.52,22,35255.44,4487.06,107689.44,65,3.4,5,0,No Complaint,291.35,3,3,19,2,0,,0.136,6-12 Months,High Value,0,At Risk
CUST04751,Male,38,Married,Tier 1,Desktop,UPI,Fashion,2022-06-30,30,1.0,383.76,30,11512.8,383.76,9210.24,171,6.6,5,0,No Complaint,302.93,5,9,4,7,0,,0.3,24+ Months,Low Value,0,Dormant
CUST04752,Male,24,Single,Tier 2,Desktop,Wallet,Electronics,2021-12-29,36,3.0,681.71,108,73624.68,2045.13,49083.12,99,4.5,4,0,No Complaint,91.95,2,17,8,7,0,,0.157,24+ Months,Mid Value,0,Dormant
CUST04753,Female,46,Married,Tier 2,Desktop,UPI,Beauty,2024-10-31,2,1.8,1867.58,4,7470.32,3361.64,0.0,35,8.0,1,0,No Complaint,145.27,6,1,11,7,1,2024-12-09,0.25,0-3 Months,High Value,0,Slipping
CUST04754,Male,49,Married,Tier 2,Desktop,COD,Fashion,2022-12-30,24,0.5,360.72,12,4328.64,180.36,0.0,85,6.4,2,0,No Complaint,204.65,3,1,15,4,1,2023-10-18,0.083,12-24 Months,Low Value,0,At Risk
CUST04755,Female,49,Married,Tier 1,Desktop,COD,Fashion,2023-12-31,12,0.5,2943.05,6,17658.3,1471.52,35316.48,93,3.8,4,0,No Complaint,210.01,4,0,1,3,0,,0.0,6-12 Months,Mid Value,0,Dormant
CUST04756,Female,22,Married,Tier 1,Desktop,COD,Home & Kitchen,2023-07-01,18,3.1,872.73,56,48872.88,2705.46,64931.04,177,5.0,3,3,Yes,137.46,3,23,6,2,0,,0.411,12-24 Months,High Value,0,Dormant
CUST04757,Male,21,Single,Tier 1,Mobile,Wallet,Fashion,2022-12-30,24,3.1,1306.82,74,96704.68,4051.14,0.0,129,3.1,1,1,Yes,334.54,4,6,18,3,1,2024-12-09,0.081,12-24 Months,High Value,0,Dormant
CUST04758,Female,39,Single,Tier 2,Tablet,Debit Card,Grocery,2024-08-31,4,1.9,658.97,8,5271.76,1252.04,30048.96,93,4.8,4,1,Yes,331.49,1,1,3,4,0,,0.125,3-6 Months,Mid Value,0,Dormant
CUST04759,Male,35,Married,Tier 1,Mobile,Net Banking,Sports,2024-01-31,11,1.7,652.66,19,12400.54,1109.52,0.0,78,3.0,3,1,Yes,340.05,3,3,1,6,1,2024-10-08,0.158,6-12 Months,Mid Value,0,At Risk
CUST04760,Female,52,Married,Tier 2,Mobile,UPI,Home & Kitchen,2024-07-01,6,0.5,470.93,3,1412.79,235.46,0.0,164,3.3,4,1,No,56.21,3,0,4,7,1,2024-08-21,0.0,3-6 Months,Low Value,1,Dormant
CUST04761,Male,34,Single,Tier 2,Mobile,Debit Card,Fashion,2024-10-31,2,1.4,2632.71,3,7898.13,3685.79,0.0,116,6.6,4,2,Yes,53.45,3,1,10,3,1,2024-11-07,0.333,0-3 Months,High Value,0,Dormant
CUST04762,Female,41,Married,Tier 2,Desktop,COD,Electronics,2024-10-31,2,5.1,1358.64,10,13586.4,6929.06,0.0,64,4.9,1,4,No,27.11,1,2,30,7,1,2024-11-08,0.2,0-3 Months,High Value,1,At Risk
CUST04763,Female,19,Married,Tier 2,Desktop,UPI,Fashion,2024-10-01,3,4.8,456.46,14,6390.44,2191.01,52584.24,84,5.2,4,0,No Complaint,315.18,6,1,7,3,0,,0.071,0-3 Months,Mid Value,0,At Risk
CUST04764,Male,30,Married,Tier 2,Mobile,COD,Sports,2023-07-01,18,2.7,1471.27,49,72092.23,3972.43,95338.32,50,3.6,4,2,Yes,11.26,5,11,21,4,0,,0.224,12-24 Months,High Value,0,Slipping
CUST04765,Male,32,Single,Tier 3,Mobile,COD,Sports,2024-10-31,2,14.8,1734.26,30,52027.8,25667.05,0.0,172,3.9,2,5,Yes,26.17,3,8,22,6,1,2024-12-24,0.267,0-3 Months,High Value,0,Dormant
CUST04766,Female,22,Married,Tier 1,Desktop,COD,Fashion,2023-12-31,12,5.6,1914.14,67,128247.38,10719.18,257260.32,126,3.9,5,0,No Complaint,469.18,2,8,13,6,0,,0.119,6-12 Months,High Value,0,Dormant
CUST04767,Female,20,Single,Tier 2,Desktop,UPI,Grocery,2023-07-01,18,0.5,1093.35,9,9840.15,546.67,0.0,71,3.4,2,0,No Complaint,24.06,7,2,5,7,1,2023-09-14,0.222,12-24 Months,Low Value,0,At Risk
CUST04768,Male,54,Married,Tier 3,Mobile,Debit Card,Home & Kitchen,2021-12-29,36,1.3,1012.01,47,47564.47,1315.61,31574.64,33,3.4,3,0,No Complaint,23.27,4,4,10,3,0,,0.085,24+ Months,Mid Value,0,Slipping
CUST04769,Female,54,Single,Tier 2,Mobile,UPI,Fashion,2023-07-01,18,0.5,467.78,9,4210.02,233.89,0.0,32,2.9,4,2,No,431.66,5,1,20,2,1,2024-10-05,0.111,12-24 Months,Low Value,1,Slipping
CUST04770,Male,54,Married,Tier 1,Desktop,COD,Fashion,2021-12-29,36,1.6,2280.5,58,132269.0,3648.8,0.0,86,2.0,3,0,No Complaint,66.82,3,15,15,6,1,2022-12-17,0.259,24+ Months,High Value,0,At Risk
CUST04771,Male,20,Single,Tier 2,Mobile,Credit Card,Fashion,2024-12-01,1,3.7,1431.81,4,5727.24,5297.7,0.0,84,4.4,4,1,Yes,383.8,4,0,7,3,1,2024-12-29,0.0,0-3 Months,High Value,0,At Risk
CUST04772,Male,52,Single,Tier 1,Desktop,Debit Card,Electronics,2022-12-30,24,0.5,1794.05,12,21528.6,897.02,21528.48,75,2.8,4,3,Yes,85.37,4,5,17,4,0,,0.417,12-24 Months,Mid Value,0,At Risk
CUST04773,Male,40,Single,Tier 1,Mobile,Credit Card,Home & Kitchen,2024-12-01,1,5.3,240.33,5,1201.65,1273.75,0.0,153,7.5,4,0,No Complaint,84.21,2,0,15,2,1,2024-12-23,0.0,0-3 Months,Mid Value,0,Dormant
CUST04774,Female,45,Single,Tier 1,Mobile,UPI,Home & Kitchen,2022-12-30,24,2.1,1753.91,50,87695.5,3683.21,88397.04,176,2.1,5,0,No Complaint,26.14,3,10,1,3,0,,0.2,12-24 Months,High Value,0,Dormant
CUST04775,Male,47,Married,Tier 1,Mobile,UPI,Fashion,2024-05-01,8,3.5,913.74,28,25584.72,3198.09,76754.16,64,3.8,5,5,Yes,451.56,4,10,3,2,0,,0.357,6-12 Months,High Value,0,At Risk
CUST04776,Female,35,Single,Tier 2,Mobile,UPI,Fashion,2023-07-01,18,0.5,1602.53,9,14422.77,801.26,0.0,53,5.8,5,2,Yes,258.15,5,2,15,8,1,2024-09-28,0.222,12-24 Months,Low Value,0,Slipping
CUST04777,Male,53,Married,Tier 3,Mobile,Debit Card,Electronics,2024-07-01,6,0.5,388.17,3,1164.51,194.08,0.0,138,1.0,4,1,No,46.03,3,0,12,5,1,2024-07-23,0.0,3-6 Months,Low Value,1,Dormant
CUST04778,Male,50,Married,Tier 1,Mobile,COD,Beauty,2024-10-01,3,2.4,3194.6,7,22362.2,7667.04,0.0,81,5.9,3,0,No Complaint,234.22,0,1,4,3,1,2024-12-27,0.143,0-3 Months,High Value,0,At Risk
CUST04779,Male,43,Married,Tier 3,Desktop,UPI,Grocery,2022-12-30,24,4.6,568.84,110,62572.4,2616.66,62799.84,39,3.0,3,2,Yes,19.7,1,9,6,6,0,,0.082,12-24 Months,High Value,0,Slipping
CUST04780,Male,57,Single,Tier 3,Mobile,UPI,Grocery,2021-12-29,36,5.2,2010.74,187,376008.38,10455.85,250940.4,33,2.6,3,3,Yes,133.55,0,9,34,3,0,,0.048,24+ Months,High Value,0,Slipping
CUST04781,Male,34,Single,Tier 3,Desktop,Credit Card,Grocery,2024-10-01,3,2.9,777.99,9,7001.91,2256.17,0.0,51,5.6,2,2,Yes,52.81,1,1,4,7,1,2024-11-10,0.111,0-3 Months,Mid Value,0,Slipping
CUST04782,Male,57,Single,Tier 3,Mobile,COD,Fashion,2021-12-29,36,0.6,3278.71,22,72131.62,1967.23,47213.52,1,5.8,4,0,No Complaint,342.18,5,2,2,1,0,,0.091,24+ Months,Mid Value,0,Active
CUST04783,Female,24,Married,Tier 2,Desktop,UPI,Electronics,2024-10-01,3,0.5,1105.89,2,2211.78,552.95,13270.8,169,2.5,4,1,Yes,128.82,2,0,9,4,0,,0.0,0-3 Months,Low Value,0,Dormant
CUST04784,Male,25,Single,Tier 1,Mobile,UPI,Sports,2022-12-30,24,5.3,3358.73,127,426558.71,17801.27,427230.48,78,3.9,3,0,No Complaint,457.38,1,2,2,7,0,,0.016,12-24 Months,High Value,0,At Risk
CUST04785,Male,48,Married,Tier 2,Mobile,UPI,Fashion,2021-12-29,36,0.5,854.9,18,15388.2,427.45,10258.8,15,6.7,5,0,No Complaint,158.38,5,1,1,7,0,,0.056,24+ Months,Low Value,0,Active
CUST04786,Male,29,Single,Tier 2,Mobile,Credit Card,Grocery,2024-10-01,3,2.9,411.99,9,3707.91,1194.77,28674.48,30,3.7,4,2,Yes,126.2,3,2,17,7,0,,0.222,0-3 Months,Mid Value,0,Active
CUST04787,Female,48,Married,Tier 3,Mobile,UPI,Electronics,2024-04-01,9,1.9,1104.65,17,18779.05,2098.84,50372.16,58,2.7,1,0,No Complaint,213.11,1,4,17,3,0,,0.235,6-12 Months,Mid Value,0,Slipping
CUST04788,Female,61,Single,Tier 3,Desktop,Credit Card,Grocery,2024-07-01,6,1.4,817.9,8,6543.2,1145.06,27481.44,99,4.3,1,0,No Complaint,275.82,4,0,12,4,0,,0.0,3-6 Months,Mid Value,0,Dormant
CUST04789,Male,36,Single,Tier 2,Desktop,COD,Grocery,2024-05-01,8,1.5,588.24,12,7058.88,882.36,0.0,126,4.3,2,1,Yes,2.77,2,3,1,1,1,2024-10-18,0.25,6-12 Months,Mid Value,0,Dormant
CUST04790,Male,27,Married,Tier 1,Desktop,Debit Card,Grocery,2022-12-30,24,7.3,2143.52,175,375116.0,15647.7,375544.8,56,4.0,3,0,No Complaint,132.97,5,70,2,4,0,,0.4,12-24 Months,High Value,0,Slipping
CUST04791,Male,56,Married,Tier 1,Mobile,UPI,Home & Kitchen,2023-07-01,18,4.9,348.22,88,30643.36,1706.28,40950.72,172,5.3,5,0,No Complaint,269.07,0,1,13,4,0,,0.011,12-24 Months,Mid Value,0,Dormant
CUST04792,Female,29,Married,Tier 1,Desktop,Debit Card,Electronics,2021-12-29,36,5.0,3422.4,180,616032.0,17112.0,410688.0,137,3.3,4,0,No Complaint,94.21,2,13,13,1,0,,0.072,24+ Months,High Value,0,Dormant
CUST04793,Male,37,Single,Tier 2,Mobile,Credit Card,Grocery,2024-10-01,3,1.3,788.78,4,3155.12,1025.41,0.0,148,5.6,3,1,Yes,8.31,5,1,5,4,1,2024-11-14,0.25,0-3 Months,Mid Value,0,Dormant
CUST04794,Male,54,Married,Tier 2,Tablet,Wallet,Fashion,2023-12-31,12,0.5,346.03,6,2076.18,173.02,0.0,58,3.8,3,0,No Complaint,3.19,3,1,15,5,1,2024-12-28,0.167,6-12 Months,Low Value,0,Slipping
CUST04795,Male,58,Married,Tier 3,Desktop,UPI,Beauty,2024-04-01,9,15.0,1179.53,135,159236.55,17692.95,424630.8,69,1.9,4,1,Yes,284.25,3,20,15,5,0,,0.148,6-12 Months,High Value,0,At Risk
CUST04796,Male,24,Single,Tier 2,Mobile,COD,Fashion,2021-12-29,36,0.5,1020.38,18,18366.84,510.19,12244.56,97,7.4,5,0,No Complaint,39.73,2,4,13,5,0,,0.222,24+ Months,Low Value,0,Dormant
CUST04797,Male,31,Single,Tier 3,Mobile,COD,Beauty,2024-12-01,1,1.8,806.21,2,1612.42,1451.18,34828.32,81,1.7,3,0,No Complaint,34.61,3,0,11,4,0,,0.0,0-3 Months,Mid Value,0,At Risk
CUST04798,Female,28,Married,Tier 2,Mobile,UPI,Fashion,2021-12-29,36,0.8,577.72,29,16753.88,462.18,0.0,47,6.0,4,3,No,61.54,2,2,14,3,1,2022-05-10,0.069,24+ Months,Low Value,1,Slipping
CUST04799,Male,24,Married,Tier 3,Desktop,Net Banking,Fashion,2024-03-01,10,1.8,2252.63,18,40547.34,4054.73,97313.52,179,4.2,5,0,No Complaint,19.4,1,0,1,7,0,,0.0,6-12 Months,High Value,0,Dormant
CUST04800,Female,46,Married,Tier 1,Mobile,Credit Card,Fashion,2023-07-01,18,0.9,1309.72,16,20955.52,1178.75,28290.0,152,4.5,4,1,Yes,9.86,2,3,6,3,0,,0.188,12-24 Months,Mid Value,0,Dormant
CUST04801,Male,27,Married,Tier 3,Desktop,Debit Card,Sports,2024-06-01,7,5.7,639.08,40,25563.2,3642.76,87426.24,43,2.9,5,1,Yes,370.39,3,8,5,4,0,,0.2,6-12 Months,High Value,0,Slipping
CUST04802,Male,46,Single,Tier 2,Mobile,UPI,Electronics,2022-06-30,30,8.6,1186.5,258,306117.0,10203.9,244893.6,160,3.6,3,0,No Complaint,64.92,5,22,1,1,0,,0.085,24+ Months,High Value,0,Dormant
CUST04803,Female,26,Married,Tier 1,Mobile,UPI,Fashion,2023-12-31,12,1.3,520.09,16,8321.44,676.12,16226.88,106,5.9,4,0,No Complaint,157.18,3,2,37,3,0,,0.125,6-12 Months,Low Value,0,Dormant
CUST04804,Male,53,Married,Tier 1,Mobile,Debit Card,Fashion,2023-07-01,18,0.5,1781.08,9,16029.72,890.54,21372.96,3,2.5,2,2,No,351.09,6,0,6,2,0,,0.0,12-24 Months,Mid Value,1,Active
CUST04805,Female,27,Married,Tier 3,Mobile,UPI,Electronics,2023-07-01,18,2.7,3896.08,49,190907.92,10519.42,252466.08,62,3.6,4,1,Yes,682.64,4,0,14,4,0,,0.0,12-24 Months,High Value,0,At Risk
CUST04806,Female,36,Married,Tier 1,Desktop,Credit Card,Fashion,2024-06-01,7,1.2,1948.8,8,15590.4,2338.56,56125.44,5,6.4,3,0,No Complaint,209.94,3,1,4,3,0,,0.125,6-12 Months,Mid Value,0,Active
CUST04807,Male,48,Married,Tier 2,Mobile,Credit Card,Grocery,2024-10-31,2,10.7,565.44,21,11874.24,6050.21,145205.04,16,3.4,4,2,Yes,539.82,6,2,3,7,0,,0.095,0-3 Months,High Value,0,Active
CUST04808,Female,34,Single,Tier 1,Mobile,Debit Card,Fashion,2022-06-30,30,0.5,457.8,15,6867.0,228.9,0.0,33,4.6,2,0,No Complaint,99.15,3,2,6,2,1,2024-01-14,0.133,24+ Months,Low Value,0,Slipping
CUST04809,Male,26,Single,Tier 2,Mobile,Credit Card,Grocery,2024-08-01,5,0.5,962.18,2,1924.36,481.09,0.0,87,4.7,4,2,Yes,280.53,2,0,1,4,1,2024-12-17,0.0,3-6 Months,Low Value,0,At Risk
CUST04810,Female,62,Single,Tier 3,Mobile,UPI,Fashion,2022-06-30,30,3.0,291.02,90,26191.8,873.06,20953.44,69,2.9,4,0,No Complaint,499.36,1,3,2,1,0,,0.033,24+ Months,Low Value,0,At Risk
CUST04811,Male,50,Married,Tier 2,Desktop,Debit Card,Electronics,2023-07-01,18,3.6,1703.55,65,110730.75,6132.78,147186.72,27,5.3,5,1,No,9.83,3,1,1,7,0,,0.015,12-24 Months,High Value,1,Active
CUST04812,Female,51,Single,Tier 2,Mobile,Credit Card,Grocery,2024-06-01,7,1.6,1430.83,11,15739.13,2289.33,54943.92,71,4.4,4,2,No,68.75,2,2,16,7,0,,0.182,6-12 Months,Mid Value,1,At Risk
CUST04813,Male,62,Married,Tier 3,Desktop,Credit Card,Fashion,2023-07-01,18,0.8,806.41,14,11289.74,645.13,15483.12,55,3.1,4,1,Yes,242.65,2,1,6,4,0,,0.071,12-24 Months,Low Value,0,Slipping
CUST04814,Male,41,Single,Tier 3,Desktop,UPI,Electronics,2023-07-01,18,0.9,732.87,16,11725.92,659.58,15829.92,74,5.6,4,0,No Complaint,68.17,3,3,34,3,0,,0.188,12-24 Months,Low Value,0,At Risk
CUST04815,Female,26,Single,Tier 3,Desktop,UPI,Electronics,2022-12-30,24,1.0,830.98,24,19943.52,830.98,19943.52,31,4.8,3,1,Yes,3.09,6,2,14,4,0,,0.083,12-24 Months,Low Value,0,Slipping
CUST04816,Female,24,Married,Tier 2,Mobile,UPI,Fashion,2022-06-30,30,0.6,2679.15,18,48224.7,1607.49,38579.76,110,4.4,4,2,Yes,296.14,7,1,6,3,0,,0.056,24+ Months,Mid Value,0,Dormant
CUST04817,Female,33,Married,Tier 1,Mobile,Wallet,Grocery,2024-10-01,3,4.8,675.92,14,9462.88,3244.42,77866.08,8,3.9,4,0,No Complaint,32.4,3,4,6,4,0,,0.286,0-3 Months,High Value,0,Active
CUST04818,Female,36,Single,Tier 2,Desktop,Credit Card,Grocery,2021-12-29,36,0.5,388.71,18,6996.78,194.36,0.0,70,1.9,3,0,No Complaint,69.65,3,0,6,2,1,2023-08-15,0.0,24+ Months,Low Value,0,At Risk
CUST04819,Female,56,Married,Tier 2,Desktop,UPI,Grocery,2024-05-01,8,1.3,519.44,10,5194.4,675.27,16206.48,161,4.2,5,0,No Complaint,434.59,1,2,1,3,0,,0.2,6-12 Months,Low Value,0,Dormant
CUST04820,Male,23,Single,Tier 1,Desktop,UPI,Fashion,2022-06-30,30,3.4,1794.67,102,183056.34,6101.88,146445.12,76,1.0,3,1,Yes,42.17,3,11,1,0,0,,0.108,24+ Months,High Value,0,At Risk
CUST04821,Male,28,Single,Tier 1,Mobile,UPI,Electronics,2024-08-31,4,0.5,458.27,2,916.54,229.14,0.0,79,5.8,2,3,No,405.27,2,0,5,7,1,2024-12-23,0.0,3-6 Months,Low Value,1,At Risk
CUST04822,Male,29,Single,Tier 1,Mobile,Debit Card,Fashion,2024-12-01,1,5.3,2077.69,5,10388.45,11011.76,264282.24,13,2.4,3,1,No,98.84,4,1,18,5,0,,0.2,0-3 Months,High Value,1,Active
CUST04823,Male,59,Married,Tier 2,Mobile,UPI,Grocery,2023-12-31,12,3.1,779.72,37,28849.64,2417.13,0.0,109,5.5,2,2,No,450.48,2,18,8,2,1,2024-06-01,0.486,6-12 Months,Mid Value,1,Dormant
CUST04824,Male,30,Single,Tier 3,Desktop,Credit Card,Electronics,2024-07-01,6,0.5,255.83,3,767.49,127.92,0.0,168,2.0,3,2,Yes,376.99,4,0,6,5,1,2024-08-10,0.0,3-6 Months,Low Value,0,Dormant
CUST04825,Female,29,Married,Tier 1,Mobile,Credit Card,Electronics,2021-12-29,36,5.6,1516.37,202,306306.74,8491.67,0.0,53,2.2,2,0,No Complaint,96.58,2,11,8,3,1,2022-12-20,0.054,24+ Months,High Value,0,Slipping
CUST04826,Male,38,Married,Tier 2,Mobile,COD,Beauty,2024-10-31,2,1.7,742.52,3,2227.56,1262.28,30294.72,71,3.2,3,0,No Complaint,458.89,2,0,3,0,0,,0.0,0-3 Months,Mid Value,0,At Risk
CUST04827,Female,27,Single,Tier 3,Desktop,Credit Card,Fashion,2024-12-01,1,2.6,1164.55,3,3493.65,3027.83,0.0,106,7.9,4,0,No Complaint,180.29,3,0,3,3,1,2024-12-26,0.0,0-3 Months,High Value,0,Dormant
CUST04828,Male,37,Single,Tier 1,Mobile,Credit Card,Sports,2024-12-01,1,5.3,580.42,5,2902.1,3076.23,73829.52,17,3.7,1,1,Yes,116.2,5,0,11,4,0,,0.0,0-3 Months,High Value,0,Active
CUST04829,Male,53,Single,Tier 2,Mobile,COD,Fashion,2024-08-31,4,5.3,2125.27,21,44630.67,11263.93,0.0,171,7.5,4,0,No Complaint,136.17,1,3,2,8,1,2024-10-16,0.143,3-6 Months,High Value,0,Dormant
CUST04830,Male,45,Married,Tier 3,Mobile,Credit Card,Beauty,2023-12-31,12,1.3,1226.55,16,19624.8,1594.52,38268.48,84,5.3,1,1,No,11.77,4,0,2,4,0,,0.0,6-12 Months,Mid Value,1,At Risk
CUST04831,Female,41,Married,Tier 3,Mobile,COD,Electronics,2024-01-31,11,0.7,4090.7,8,32725.6,2863.49,0.0,21,4.0,5,0,No Complaint,296.66,1,1,6,4,1,2024-10-17,0.125,6-12 Months,High Value,0,Active
CUST04832,Female,22,Married,Tier 1,Mobile,Debit Card,Home & Kitchen,2024-06-01,7,0.7,1476.43,5,7382.15,1033.5,24804.0,61,4.8,5,2,Yes,62.27,2,0,11,6,0,,0.0,6-12 Months,Mid Value,0,At Risk
CUST04833,Female,54,Single,Tier 1,Mobile,Credit Card,Fashion,2024-10-31,2,3.6,762.85,7,5339.95,2746.26,0.0,67,5.1,4,4,Yes,56.69,0,2,3,4,1,2024-11-14,0.286,0-3 Months,High Value,0,At Risk
CUST04834,Male,29,Single,Tier 1,Mobile,Credit Card,Electronics,2024-08-31,4,6.6,490.22,26,12745.72,3235.45,77650.8,62,5.3,4,0,No Complaint,226.2,6,4,4,6,0,,0.154,3-6 Months,High Value,0,At Risk
CUST04835,Female,52,Single,Tier 2,Mobile,Wallet,Electronics,2024-10-01,3,0.5,332.93,2,665.86,166.46,0.0,125,6.9,4,1,No,83.4,2,0,6,4,1,2024-10-16,0.0,0-3 Months,Low Value,1,Dormant
CUST04836,Male,57,Single,Tier 2,Mobile,Debit Card,Sports,2022-12-30,24,0.5,820.46,12,9845.52,410.23,0.0,62,4.7,3,2,No,129.94,3,0,18,7,1,2023-07-23,0.0,12-24 Months,Low Value,1,At Risk
CUST04837,Male,19,Single,Tier 2,Desktop,Net Banking,Sports,2022-12-30,24,4.3,843.12,103,86841.36,3625.42,87010.08,58,5.6,3,0,No Complaint,98.54,2,3,8,4,0,,0.029,12-24 Months,High Value,0,Slipping
CUST04838,Male,58,Married,Tier 1,Mobile,UPI,Fashion,2022-12-30,24,1.2,2734.46,29,79299.34,3281.35,78752.4,58,8.0,4,0,No Complaint,126.44,3,11,15,3,0,,0.379,12-24 Months,High Value,0,Slipping
CUST04839,Male,62,Married,Tier 1,Mobile,Credit Card,Grocery,2021-12-29,36,0.8,673.28,29,19525.12,538.62,0.0,140,1.7,3,2,No,45.23,4,5,4,6,1,2022-10-09,0.172,24+ Months,Low Value,1,Dormant
CUST04840,Male,56,Married,Tier 2,Mobile,Net Banking,Grocery,2021-12-29,36,0.5,1826.74,18,32881.32,913.37,21920.88,56,4.3,5,1,Yes,389.21,2,4,7,2,0,,0.222,24+ Months,Mid Value,0,Slipping
CUST04841,Female,59,Single,Tier 2,Mobile,Credit Card,Fashion,2024-03-01,10,1.1,833.2,11,9165.2,916.52,21996.48,3,5.9,5,1,Yes,169.57,1,0,8,2,0,,0.0,6-12 Months,Mid Value,0,Active
CUST04842,Female,26,Single,Tier 2,Mobile,Wallet,Fashion,2024-05-01,8,8.9,3375.47,71,239658.37,30041.68,721000.32,66,2.0,3,4,No,47.91,4,3,20,3,0,,0.042,6-12 Months,High Value,1,At Risk
CUST04843,Male,39,Single,Tier 2,Mobile,UPI,Sports,2021-12-29,36,9.4,300.01,338,101403.38,2820.09,67682.16,50,2.8,4,4,No,17.28,2,62,13,4,0,,0.183,24+ Months,High Value,1,Slipping
CUST04844,Male,64,Single,Tier 1,Desktop,Net Banking,Electronics,2023-07-01,18,1.0,2313.31,18,41639.58,2313.31,55519.44,163,2.8,4,3,No,138.01,3,6,1,10,0,,0.333,12-24 Months,Mid Value,1,Dormant
CUST04845,Male,22,Married,Tier 1,Mobile,Credit Card,Fashion,2024-07-01,6,8.3,633.14,50,31657.0,5255.06,126121.44,86,5.2,5,0,No Complaint,113.64,4,14,9,2,0,,0.28,3-6 Months,High Value,0,At Risk
CUST04846,Male,29,Single,Tier 1,Desktop,UPI,Fashion,2023-12-31,12,0.9,1675.88,11,18434.68,1508.29,0.0,42,5.4,4,0,No Complaint,485.19,5,0,1,2,1,2024-04-30,0.0,6-12 Months,Mid Value,0,Slipping
CUST04847,Female,18,Married,Tier 1,Mobile,Net Banking,Fashion,2021-12-29,36,4.8,2697.92,173,466740.16,12950.02,310800.48,176,2.9,4,2,Yes,47.21,7,43,40,4,0,,0.249,24+ Months,High Value,0,Dormant
CUST04848,Male,61,Married,Tier 1,Mobile,UPI,Grocery,2022-06-30,30,0.6,702.15,18,12638.7,421.29,10110.96,45,5.3,4,1,Yes,384.07,3,2,4,6,0,,0.111,24+ Months,Low Value,0,Slipping
CUST04849,Female,39,Single,Tier 1,Mobile,UPI,Electronics,2024-08-01,5,4.4,416.81,22,9169.82,1833.96,44015.04,137,3.3,3,0,No Complaint,261.82,5,7,9,4,0,,0.318,3-6 Months,Mid Value,0,Dormant
CUST04850,Male,55,Married,Tier 1,Desktop,UPI,Electronics,2021-12-29,36,1.1,389.48,40,15579.2,428.43,0.0,117,6.8,5,0,No Complaint,116.5,1,19,2,4,1,2024-10-05,0.475,24+ Months,Low Value,0,Dormant
CUST04851,Female,36,Married,Tier 1,Mobile,Debit Card,Fashion,2021-12-29,36,0.5,493.85,18,8889.3,246.92,5926.08,83,5.4,1,2,Yes,372.54,3,8,12,5,0,,0.444,24+ Months,Low Value,0,At Risk
CUST04852,Male,33,Single,Tier 2,Mobile,Wallet,Electronics,2024-08-31,4,6.8,163.96,27,4426.92,1114.93,26758.32,73,5.8,1,0,No Complaint,356.33,3,2,10,5,0,,0.074,3-6 Months,Mid Value,0,At Risk
CUST04853,Female,48,Married,Tier 1,Mobile,UPI,Fashion,2021-12-29,36,0.6,765.62,22,16843.64,459.37,0.0,157,7.4,3,4,No,225.58,5,2,3,4,1,2022-02-20,0.091,24+ Months,Low Value,1,Dormant
CUST04854,Male,20,Single,Tier 2,Mobile,Credit Card,Home & Kitchen,2021-12-29,36,12.0,1414.95,432,611258.4,16979.4,407505.6,86,5.7,2,1,No,19.28,1,144,4,5,0,,0.333,24+ Months,High Value,1,At Risk
CUST04855,Female,40,Married,Tier 2,Tablet,UPI,Fashion,2024-12-01,1,0.5,1066.56,1,1066.56,533.28,12798.72,68,3.5,4,2,No,31.42,4,0,9,3,0,,0.0,0-3 Months,Low Value,1,At Risk
CUST04856,Male,59,Single,Tier 2,Mobile,COD,Beauty,2023-07-01,18,0.5,689.09,9,6201.81,344.54,8268.96,64,4.7,1,0,No Complaint,161.19,7,1,4,3,0,,0.111,12-24 Months,Low Value,0,At Risk
CUST04857,Male,35,Single,Tier 3,Desktop,UPI,Electronics,2024-07-01,6,5.1,482.6,31,14960.6,2461.26,59070.24,50,2.1,4,1,Yes,50.69,2,8,24,7,0,,0.258,3-6 Months,Mid Value,0,Slipping
CUST04858,Female,43,Married,Tier 1,Desktop,UPI,Electronics,2023-07-01,18,2.2,602.05,40,24082.0,1324.51,31788.24,74,2.5,3,2,No,144.2,2,11,3,5,0,,0.275,12-24 Months,Mid Value,1,At Risk
CUST04859,Female,30,Married,Tier 2,Mobile,UPI,Electronics,2021-12-29,36,1.4,1095.1,50,54755.0,1533.14,36795.36,22,5.6,3,0,No Complaint,148.1,3,3,2,8,0,,0.06,24+ Months,Mid Value,0,Active
CUST04860,Female,35,Single,Tier 3,Mobile,Debit Card,Beauty,2024-03-01,10,0.5,1599.87,5,7999.35,799.94,0.0,12,7.5,3,1,Yes,159.22,3,0,11,4,1,2024-09-01,0.0,6-12 Months,Low Value,0,Active
CUST04861,Female,20,Single,Tier 3,Mobile,Net Banking,Home & Kitchen,2024-05-01,8,2.1,315.22,17,5358.74,661.96,0.0,97,6.4,5,1,Yes,151.85,4,4,1,3,1,2024-09-19,0.235,6-12 Months,Low Value,0,Dormant
CUST04862,Female,40,Single,Tier 1,Mobile,Credit Card,Electronics,2021-12-29,36,1.3,1002.41,47,47113.27,1303.13,31275.12,82,5.1,4,0,No Complaint,85.83,1,13,7,3,0,,0.277,24+ Months,Mid Value,0,At Risk
CUST04863,Male,20,Single,Tier 1,Mobile,UPI,Fashion,2021-12-29,36,1.7,1080.89,61,65934.29,1837.51,0.0,32,1.8,2,3,No,42.49,1,4,8,1,1,2024-01-23,0.066,24+ Months,Mid Value,1,Slipping
CUST04864,Male,42,Married,Tier 1,Mobile,Debit Card,Beauty,2024-12-01,1,2.5,463.85,2,927.7,1159.62,27830.88,20,4.7,4,3,Yes,131.57,1,0,3,4,0,,0.0,0-3 Months,Mid Value,0,Active
CUST04865,Male,44,Married,Tier 2,Desktop,COD,Fashion,2021-12-29,36,2.6,1316.66,94,123766.04,3423.32,82159.68,26,2.7,5,0,No Complaint,123.03,2,23,24,5,0,,0.245,24+ Months,High Value,0,Active
CUST04866,Female,61,Married,Tier 2,Desktop,UPI,Grocery,2024-10-31,2,8.1,1725.75,16,27612.0,13978.58,0.0,57,5.2,3,3,Yes,57.93,2,3,4,4,1,2024-11-29,0.188,0-3 Months,High Value,0,Slipping
CUST04867,Male,44,Married,Tier 1,Desktop,UPI,Fashion,2024-07-01,6,2.7,602.41,16,9638.56,1626.51,0.0,81,2.1,4,2,Yes,9.46,2,4,3,6,1,2024-11-19,0.25,3-6 Months,Mid Value,0,At Risk
CUST04868,Male,56,Married,Tier 2,Mobile,UPI,Grocery,2022-12-30,24,1.0,489.5,24,11748.0,489.5,11748.0,35,4.8,5,1,No,41.42,2,2,9,2,0,,0.083,12-24 Months,Low Value,1,Slipping
CUST04869,Female,42,Married,Tier 2,Mobile,COD,Grocery,2022-12-30,24,1.0,4059.7,24,97432.8,4059.7,0.0,136,3.6,2,0,No Complaint,144.04,3,3,10,4,1,2023-05-11,0.125,12-24 Months,High Value,0,Dormant
CUST04870,Female,41,Married,Tier 2,Mobile,Debit Card,Fashion,2022-12-30,24,1.6,1572.36,38,59749.68,2515.78,60378.72,35,4.7,4,0,No Complaint,138.07,4,10,4,3,0,,0.263,12-24 Months,Mid Value,0,Slipping
CUST04871,Male,25,Single,Tier 3,Desktop,Debit Card,Grocery,2024-12-01,1,0.8,1018.25,1,1018.25,814.6,0.0,23,3.5,3,1,Yes,25.82,5,0,2,5,1,2024-12-20,0.0,0-3 Months,Low Value,0,Active
CUST04872,Male,26,Married,Tier 3,Tablet,UPI,Electronics,2024-10-01,3,1.2,560.05,4,2240.2,672.06,16129.44,179,1.7,5,0,No Complaint,167.68,5,1,8,5,0,,0.25,0-3 Months,Low Value,0,Dormant
CUST04873,Male,63,Married,Tier 1,Mobile,Credit Card,Fashion,2021-12-29,36,4.6,522.73,166,86773.18,2404.56,57709.44,81,6.3,1,0,No Complaint,98.88,2,6,2,9,0,,0.036,24+ Months,Mid Value,0,At Risk
CUST04874,Male,54,Married,Tier 2,Mobile,Wallet,Electronics,2024-10-31,2,4.9,1341.01,10,13410.1,6570.95,157702.8,31,4.0,5,0,No Complaint,190.87,2,0,2,7,0,,0.0,0-3 Months,High Value,0,Slipping
CUST04875,Male,47,Married,Tier 1,Mobile,UPI,Electronics,2024-10-31,2,2.5,504.84,5,2524.2,1262.1,0.0,161,3.7,4,1,Yes,394.07,3,1,7,6,1,2024-12-26,0.2,0-3 Months,Mid Value,0,Dormant
CUST04876,Female,36,Single,Tier 2,Desktop,Net Banking,Fashion,2022-06-30,30,2.2,489.78,66,32325.48,1077.52,0.0,42,4.2,3,1,Yes,66.41,7,12,34,5,1,2022-09-26,0.182,24+ Months,Mid Value,0,Slipping
CUST04877,Female,33,Married,Tier 3,Mobile,Debit Card,Sports,2023-07-01,18,1.4,816.92,25,20423.0,1143.69,27448.56,166,3.3,4,5,Yes,76.8,3,9,9,3,0,,0.36,12-24 Months,Mid Value,0,Dormant
CUST04878,Female,41,Married,Tier 3,Mobile,UPI,Grocery,2024-06-01,7,2.5,1403.6,18,25264.8,3509.0,84216.0,22,3.3,5,0,No Complaint,203.32,2,4,13,10,0,,0.222,6-12 Months,High Value,0,Active
CUST04879,Male,61,Single,Tier 2,Tablet,Credit Card,Fashion,2024-10-01,3,4.1,3086.48,12,37037.76,12654.57,0.0,151,7.1,2,0,No Complaint,536.22,3,3,10,4,1,2024-10-09,0.25,0-3 Months,High Value,0,Dormant
CUST04880,Female,38,Single,Tier 1,Desktop,Wallet,Home & Kitchen,2021-12-29,36,3.3,1062.4,119,126425.6,3505.92,84142.08,33,4.6,5,1,Yes,119.84,1,34,4,11,0,,0.286,24+ Months,High Value,0,Slipping
CUST04881,Male,53,Single,Tier 1,Mobile,Credit Card,Electronics,2021-12-29,36,0.5,505.17,18,9093.06,252.58,0.0,168,3.7,3,0,No Complaint,33.38,6,6,19,2,1,2023-09-23,0.333,24+ Months,Low Value,0,Dormant
CUST04882,Male,57,Married,Tier 2,Desktop,Net Banking,Grocery,2024-12-01,1,3.3,744.41,3,2233.23,2456.55,0.0,103,1.5,1,1,Yes,492.02,1,1,13,2,1,2024-12-13,0.333,0-3 Months,Mid Value,0,Dormant
CUST04883,Female,56,Married,Tier 1,Mobile,UPI,Fashion,2023-12-31,12,3.2,2236.99,38,85005.62,7158.37,0.0,34,3.6,2,0,No Complaint,114.2,4,16,9,4,1,2024-09-01,0.421,6-12 Months,High Value,0,Slipping
CUST04884,Male,64,Married,Tier 2,Mobile,Debit Card,Beauty,2024-08-01,5,0.5,2084.34,2,4168.68,1042.17,25012.08,152,2.8,5,1,No,111.15,2,0,6,6,0,,0.0,3-6 Months,Mid Value,1,Dormant
CUST04885,Male,23,Single,Tier 1,Mobile,COD,Beauty,2022-06-30,30,0.5,2149.42,15,32241.3,1074.71,25793.04,70,3.7,5,1,Yes,139.7,4,2,4,8,0,,0.133,24+ Months,Mid Value,0,At Risk
CUST04886,Female,22,Married,Tier 1,Desktop,Net Banking,Grocery,2024-06-01,7,3.9,1825.44,27,49286.88,7119.22,170861.28,132,7.2,5,0,No Complaint,52.38,4,9,5,4,0,,0.333,6-12 Months,High Value,0,Dormant
CUST04887,Male,31,Married,Tier 1,Desktop,Credit Card,Fashion,2022-12-30,24,2.0,3428.48,48,164567.04,6856.96,164567.04,116,7.1,3,0,No Complaint,276.42,1,12,3,0,0,,0.25,12-24 Months,High Value,0,Dormant
CUST04888,Female,62,Single,Tier 3,Mobile,Debit Card,Fashion,2024-01-31,11,4.3,1038.15,47,48793.05,4464.04,0.0,128,4.0,5,2,Yes,184.42,5,5,20,4,1,2024-10-26,0.106,6-12 Months,High Value,0,Dormant
CUST04889,Male,59,Single,Tier 2,Tablet,UPI,Electronics,2023-12-31,12,0.5,1519.58,6,9117.48,759.79,18234.96,62,3.3,3,2,Yes,557.68,7,1,3,5,0,,0.167,6-12 Months,Low Value,0,At Risk
CUST04890,Female,21,Married,Tier 1,Mobile,UPI,Fashion,2022-06-30,30,0.5,510.5,15,7657.5,255.25,6126.0,169,5.5,2,0,No Complaint,41.04,5,1,22,2,0,,0.067,24+ Months,Low Value,0,Dormant
CUST04891,Male,25,Single,Tier 1,Desktop,UPI,Electronics,2024-03-01,10,0.5,1056.88,5,5284.4,528.44,12682.56,101,6.5,3,2,Yes,173.76,5,2,5,5,0,,0.4,6-12 Months,Low Value,0,Dormant
CUST04892,Male,41,Single,Tier 2,Mobile,UPI,Beauty,2022-06-30,30,1.5,1086.63,45,48898.35,1629.95,39118.8,14,4.0,5,0,No Complaint,130.86,1,2,15,5,0,,0.044,24+ Months,Mid Value,0,Active
CUST04893,Female,28,Single,Tier 1,Mobile,UPI,Home & Kitchen,2024-06-01,7,1.9,1559.4,13,20272.2,2962.86,71108.64,12,8.1,4,1,Yes,405.26,2,1,2,5,0,,0.077,6-12 Months,High Value,0,Active
CUST04894,Male,34,Single,Tier 2,Mobile,Credit Card,Electronics,2024-10-01,3,4.9,579.68,15,8695.2,2840.43,68170.32,133,3.5,3,0,No Complaint,5.55,2,0,27,2,0,,0.0,0-3 Months,High Value,0,Dormant
CUST04895,Male,38,Married,Tier 3,Desktop,Wallet,Fashion,2024-04-01,9,3.1,300.18,28,8405.04,930.56,22333.44,153,3.9,4,1,Yes,257.48,1,3,18,2,0,,0.107,6-12 Months,Mid Value,0,Dormant
CUST04896,Male,43,Married,Tier 2,Mobile,Debit Card,Home & Kitchen,2024-03-01,10,11.6,597.92,116,69358.72,6935.87,0.0,125,4.2,3,0,No Complaint,175.62,9,10,10,1,1,2024-09-27,0.086,6-12 Months,High Value,0,Dormant
CUST04897,Male,60,Married,Tier 2,Desktop,Credit Card,Home & Kitchen,2024-03-01,10,0.5,1887.99,5,9439.95,944.0,22656.0,50,3.9,1,1,No,168.36,2,1,20,3,0,,0.2,6-12 Months,Mid Value,1,Slipping
CUST04898,Male,61,Married,Tier 2,Mobile,Wallet,Electronics,2022-06-30,30,0.5,773.89,15,11608.35,386.94,9286.56,41,2.4,3,5,Yes,374.76,1,0,8,4,0,,0.0,24+ Months,Low Value,0,Slipping
CUST04899,Male,62,Married,Tier 3,Desktop,UPI,Fashion,2023-12-31,12,0.5,1247.11,6,7482.66,623.55,0.0,102,5.9,1,2,Yes,160.4,6,0,1,4,1,2024-07-27,0.0,6-12 Months,Low Value,0,Dormant
CUST04900,Female,44,Married,Tier 3,Mobile,Credit Card,Beauty,2021-12-29,36,1.9,590.52,68,40155.36,1121.99,26927.76,36,4.0,3,3,Yes,226.53,1,2,2,8,0,,0.029,24+ Months,Mid Value,0,Slipping
CUST04901,Male,33,Single,Tier 2,Mobile,Debit Card,Beauty,2024-01-31,11,0.8,1860.28,9,16742.52,1488.22,35717.28,68,8.4,4,0,No Complaint,186.77,3,0,1,4,0,,0.0,6-12 Months,Mid Value,0,At Risk
CUST04902,Male,43,Married,Tier 1,Mobile,UPI,Fashion,2024-08-31,4,2.9,833.77,12,10005.24,2417.93,0.0,113,5.9,2,0,No Complaint,12.97,6,5,1,2,1,2024-12-14,0.417,3-6 Months,Mid Value,0,Dormant
CUST04903,Male,50,Single,Tier 2,Desktop,COD,Grocery,2024-10-31,2,0.5,825.62,1,825.62,412.81,9907.44,51,5.1,4,0,No Complaint,21.55,1,0,5,1,0,,0.0,0-3 Months,Low Value,0,Slipping
CUST04904,Male,48,Married,Tier 1,Mobile,UPI,Grocery,2022-06-30,30,0.5,2273.94,15,34109.1,1136.97,27287.28,68,8.0,4,0,No Complaint,74.38,3,0,30,4,0,,0.0,24+ Months,Mid Value,0,At Risk
CUST04905,Female,64,Married,Tier 2,Mobile,UPI,Electronics,2024-12-01,1,1.5,2706.92,2,5413.84,4060.38,97449.12,65,5.8,4,1,Yes,202.7,6,0,4,2,0,,0.0,0-3 Months,High Value,0,At Risk
CUST04906,Male,23,Single,Tier 2,Tablet,UPI,Beauty,2024-10-31,2,1.2,2305.66,2,4611.32,2766.79,0.0,83,5.7,1,1,No,4.82,1,0,27,4,1,2024-12-06,0.0,0-3 Months,High Value,1,At Risk
CUST04907,Female,61,Single,Tier 1,Desktop,Net Banking,Electronics,2024-12-01,1,4.4,713.7,4,2854.8,3140.28,0.0,121,3.3,3,0,No Complaint,266.58,5,1,18,2,1,2024-12-03,0.25,0-3 Months,High Value,0,Dormant
CUST04908,Male,25,Single,Tier 1,Mobile,Debit Card,Grocery,2024-04-01,9,4.5,592.08,40,23683.2,2664.36,63944.64,141,4.1,3,1,Yes,40.84,1,3,2,3,0,,0.075,6-12 Months,High Value,0,Dormant
CUST04909,Female,24,Single,Tier 2,Tablet,Debit Card,Grocery,2024-01-31,11,0.5,474.27,6,2845.62,237.14,0.0,120,6.3,3,0,No Complaint,147.58,3,0,17,5,1,2024-04-04,0.0,6-12 Months,Low Value,0,Dormant
CUST04910,Female,51,Married,Tier 3,Desktop,Debit Card,Fashion,2024-12-01,1,4.2,316.65,4,1266.6,1329.93,31918.32,5,6.0,4,0,No Complaint,40.43,2,0,2,4,0,,0.0,0-3 Months,Mid Value,0,Active
CUST04911,Female,61,Married,Tier 2,Mobile,UPI,Grocery,2024-01-31,11,2.1,467.31,23,10748.13,981.35,23552.4,161,3.4,4,0,No Complaint,34.84,2,4,1,3,0,,0.174,6-12 Months,Mid Value,0,Dormant
CUST04912,Female,31,Married,Tier 2,Mobile,Debit Card,Beauty,2024-05-01,8,1.8,495.67,14,6939.38,892.21,21413.04,105,8.7,2,1,Yes,73.22,1,0,1,3,0,,0.0,6-12 Months,Mid Value,0,Dormant
CUST04913,Male,33,Married,Tier 1,Desktop,Credit Card,Sports,2022-12-30,24,0.5,371.19,12,4454.28,185.6,0.0,165,4.1,4,5,Yes,458.06,4,4,6,3,1,2023-11-19,0.333,12-24 Months,Low Value,0,Dormant
CUST04914,Male,60,Single,Tier 2,Desktop,UPI,Electronics,2022-06-30,30,3.4,310.43,102,31663.86,1055.46,0.0,173,6.6,2,0,No Complaint,48.89,2,45,8,4,1,2024-04-17,0.441,24+ Months,Mid Value,0,Dormant
CUST04915,Male,26,Single,Tier 2,Mobile,Debit Card,Fashion,2022-12-30,24,0.5,360.49,12,4325.88,180.24,0.0,84,5.0,4,1,Yes,8.95,6,2,1,7,1,2023-03-15,0.167,12-24 Months,Low Value,0,At Risk
CUST04916,Female,27,Married,Tier 2,Mobile,UPI,Sports,2024-03-01,10,0.8,866.35,8,6930.8,693.08,0.0,165,5.3,4,2,Yes,385.05,2,0,10,1,1,2024-10-17,0.0,6-12 Months,Low Value,0,Dormant
CUST04917,Male,34,Married,Tier 1,Mobile,UPI,Grocery,2024-08-31,4,0.5,1222.26,2,2444.52,611.13,0.0,66,3.9,4,0,No Complaint,104.02,5,0,1,4,1,2024-10-29,0.0,3-6 Months,Low Value,0,At Risk
CUST04918,Male,29,Married,Tier 2,Mobile,COD,Sports,2022-06-30,30,1.9,1148.94,57,65489.58,2182.99,0.0,47,4.9,3,3,No,174.67,3,3,8,2,1,2024-05-26,0.053,24+ Months,Mid Value,1,Slipping
CUST04919,Female,23,Single,Tier 1,Mobile,Debit Card,Fashion,2024-06-01,7,2.6,623.18,18,11217.24,1620.27,38886.48,14,1.7,4,0,No Complaint,390.53,1,3,1,5,0,,0.167,6-12 Months,Mid Value,0,Active
CUST04920,Male,36,Married,Tier 1,Mobile,Debit Card,Electronics,2024-06-01,7,5.5,703.37,38,26728.06,3868.54,0.0,81,6.5,4,4,Yes,253.65,2,3,3,0,1,2024-10-11,0.079,6-12 Months,High Value,0,At Risk
CUST04921,Female,60,Married,Tier 3,Desktop,Credit Card,Fashion,2021-12-29,36,3.3,1161.06,119,138166.14,3831.5,0.0,124,5.9,3,0,No Complaint,286.58,3,18,17,5,1,2023-12-04,0.151,24+ Months,High Value,0,Dormant
CUST04922,Female,58,Married,Tier 1,Desktop,Credit Card,Home & Kitchen,2021-12-29,36,8.1,1027.33,292,299980.36,8321.37,199712.88,175,7.9,5,1,Yes,117.74,1,24,26,2,0,,0.082,24+ Months,High Value,0,Dormant
CUST04923,Female,46,Married,Tier 1,Mobile,Debit Card,Home & Kitchen,2021-12-29,36,3.6,1330.4,130,172952.0,4789.44,0.0,94,4.6,2,2,Yes,209.28,3,27,1,2,1,2022-09-17,0.208,24+ Months,High Value,0,Dormant
CUST04924,Female,23,Married,Tier 2,Mobile,COD,Grocery,2021-12-29,36,0.9,457.75,32,14648.0,411.98,9887.52,132,2.7,3,0,No Complaint,597.2,4,4,14,8,0,,0.125,24+ Months,Low Value,0,Dormant
CUST04925,Male,42,Single,Tier 3,Mobile,Credit Card,Fashion,2022-06-30,30,2.0,3022.19,60,181331.4,6044.38,145065.12,161,7.2,4,0,No Complaint,396.96,5,12,7,6,0,,0.2,24+ Months,High Value,0,Dormant
CUST04926,Male,41,Married,Tier 2,Mobile,Wallet,Fashion,2022-12-30,24,1.5,1396.88,36,50287.68,2095.32,50287.68,98,4.0,5,0,No Complaint,170.61,3,7,22,6,0,,0.194,12-24 Months,Mid Value,0,Dormant
CUST04927,Male,42,Single,Tier 2,Tablet,Wallet,Grocery,2024-07-01,6,2.1,1510.14,13,19631.82,3171.29,0.0,30,1.0,3,0,No Complaint,16.06,6,0,4,7,1,2024-11-19,0.0,3-6 Months,High Value,0,Active
CUST04928,Male,33,Married,Tier 3,Desktop,Credit Card,Grocery,2021-12-29,36,2.1,427.25,76,32471.0,897.22,0.0,152,5.4,4,1,Yes,701.5,1,12,9,6,1,2023-01-05,0.158,24+ Months,Mid Value,0,Dormant
CUST04929,Female,33,Married,Tier 1,Mobile,COD,Beauty,2022-06-30,30,3.0,420.38,90,37834.2,1261.14,0.0,103,6.2,1,2,Yes,45.99,1,3,1,7,1,2024-08-24,0.033,24+ Months,Mid Value,0,Dormant
CUST04930,Female,23,Married,Tier 2,Mobile,Debit Card,Electronics,2024-08-01,5,0.5,551.07,2,1102.14,275.54,0.0,136,6.7,3,0,No Complaint,80.54,4,1,3,4,1,2024-09-03,0.5,3-6 Months,Low Value,0,Dormant
CUST04931,Male,54,Single,Tier 2,Mobile,Credit Card,Electronics,2024-03-01,10,3.4,1504.0,34,51136.0,5113.6,0.0,118,2.9,3,0,No Complaint,27.22,3,0,5,0,1,2024-10-08,0.0,6-12 Months,High Value,0,Dormant
CUST04932,Male,38,Single,Tier 3,Mobile,UPI,Fashion,2024-10-31,2,0.5,399.42,1,399.42,199.71,4793.04,11,5.4,5,0,No Complaint,32.81,1,0,5,4,0,,0.0,0-3 Months,Low Value,0,Active
CUST04933,Female,21,Married,Tier 1,Mobile,Debit Card,Grocery,2021-12-29,36,0.5,1227.28,18,22091.04,613.64,14727.36,31,5.5,1,0,No Complaint,285.94,2,2,12,0,0,,0.111,24+ Months,Low Value,0,Slipping
CUST04934,Male,51,Single,Tier 1,Desktop,Net Banking,Electronics,2023-12-31,12,1.8,2492.47,22,54834.34,4486.45,107674.8,52,5.6,1,3,No,24.71,5,8,1,4,0,,0.364,6-12 Months,High Value,1,Slipping
CUST04935,Male,45,Single,Tier 2,Desktop,COD,Home & Kitchen,2024-08-01,5,2.2,547.35,11,6020.85,1204.17,28900.08,51,3.4,3,0,No Complaint,37.79,4,1,1,4,0,,0.091,3-6 Months,Mid Value,0,Slipping
CUST04936,Male,55,Single,Tier 2,Mobile,COD,Grocery,2024-07-01,6,0.5,466.13,3,1398.39,233.06,5593.44,151,5.1,3,0,No Complaint,33.86,4,1,1,4,0,,0.333,3-6 Months,Low Value,0,Dormant
CUST04937,Female,58,Married,Tier 2,Desktop,UPI,Electronics,2021-12-29,36,1.8,538.21,65,34983.65,968.78,0.0,108,6.5,2,0,No Complaint,83.22,3,3,1,5,1,2024-10-23,0.046,24+ Months,Mid Value,0,Dormant
CUST04938,Female,45,Single,Tier 2,Desktop,Credit Card,Fashion,2023-07-01,18,1.9,800.4,34,27213.6,1520.76,0.0,15,1.1,3,0,No Complaint,213.55,3,7,3,2,1,2023-08-26,0.206,12-24 Months,Mid Value,0,Active
CUST04939,Female,34,Married,Tier 1,Desktop,UPI,Home & Kitchen,2024-04-01,9,0.5,1746.11,4,6984.44,873.06,20953.44,70,4.5,5,0,No Complaint,185.83,2,1,20,5,0,,0.25,6-12 Months,Low Value,0,At Risk
CUST04940,Female,31,Single,Tier 2,Tablet,UPI,Fashion,2024-03-01,10,3.1,1822.76,31,56505.56,5650.56,135613.44,100,6.3,4,0,No Complaint,232.18,0,1,10,5,0,,0.032,6-12 Months,High Value,0,Dormant
CUST04941,Male,24,Married,Tier 2,Mobile,Debit Card,Electronics,2024-10-31,2,0.6,1570.44,1,1570.44,942.26,0.0,46,7.4,2,0,No Complaint,233.57,4,0,3,5,1,2024-12-23,0.0,0-3 Months,Mid Value,0,Slipping
CUST04942,Male,39,Single,Tier 3,Mobile,Credit Card,Sports,2024-10-31,2,4.0,230.29,8,1842.32,921.16,22107.84,8,7.3,1,2,Yes,0.54,4,0,2,3,0,,0.0,0-3 Months,Mid Value,0,Active
CUST04943,Female,18,Married,Tier 1,Desktop,Debit Card,Grocery,2023-07-01,18,0.9,787.45,16,12599.2,708.7,0.0,69,6.2,1,0,No Complaint,207.67,1,6,10,4,1,2023-11-05,0.375,12-24 Months,Low Value,0,At Risk
CUST04944,Male,46,Married,Tier 3,Desktop,Credit Card,Grocery,2024-01-31,11,1.6,484.17,18,8715.06,774.67,0.0,83,7.9,3,1,Yes,207.69,4,3,10,9,1,2024-10-22,0.167,6-12 Months,Low Value,0,At Risk
CUST04945,Female,48,Single,Tier 2,Desktop,UPI,Fashion,2024-06-01,7,5.6,1191.56,39,46470.84,6672.74,160145.76,162,6.3,5,0,No Complaint,11.54,0,11,7,4,0,,0.282,6-12 Months,High Value,0,Dormant
CUST04946,Female,47,Married,Tier 1,Mobile,UPI,Home & Kitchen,2023-12-31,12,4.1,1685.86,49,82607.14,6912.03,165888.72,163,1.0,5,0,No Complaint,100.27,3,6,17,7,0,,0.122,6-12 Months,High Value,0,Dormant
CUST04947,Female,32,Married,Tier 2,Mobile,Net Banking,Fashion,2024-10-31,2,3.8,633.08,8,5064.64,2405.7,57736.8,90,3.7,3,0,No Complaint,14.74,4,2,8,4,0,,0.25,0-3 Months,Mid Value,0,At Risk
CUST04948,Female,35,Single,Tier 1,Mobile,UPI,Fashion,2021-12-29,36,0.5,3445.8,18,62024.4,1722.9,41349.6,85,7.1,4,0,No Complaint,38.11,2,4,4,6,0,,0.222,24+ Months,Mid Value,0,At Risk
CUST04949,Female,52,Married,Tier 3,Mobile,UPI,Fashion,2024-07-01,6,0.5,476.14,3,1428.42,238.07,5713.68,115,3.6,4,0,No Complaint,121.11,3,0,11,3,0,,0.0,3-6 Months,Low Value,0,Dormant
CUST04950,Female,47,Married,Tier 3,Mobile,COD,Fashion,2024-10-31,2,2.3,1302.96,5,6514.8,2996.81,71923.44,47,6.8,4,2,No,2.18,4,0,2,4,0,,0.0,0-3 Months,High Value,1,Slipping
CUST04951,Male,51,Single,Tier 1,Mobile,Wallet,Sports,2024-10-01,3,1.3,4028.39,4,16113.56,5236.91,125685.84,52,5.9,3,0,No Complaint,17.97,0,0,8,3,0,,0.0,0-3 Months,High Value,0,Slipping
CUST04952,Male,59,Single,Tier 1,Mobile,COD,Grocery,2024-10-31,2,6.0,1707.28,12,20487.36,10243.68,245848.32,1,7.9,2,0,No Complaint,15.97,1,1,1,4,0,,0.083,0-3 Months,High Value,0,Active
CUST04953,Male,28,Married,Tier 2,Mobile,UPI,Grocery,2024-10-01,3,1.1,1361.22,3,4083.66,1497.34,0.0,14,3.7,3,1,No,23.94,6,0,4,6,1,2024-10-20,0.0,0-3 Months,Mid Value,1,Active
CUST04954,Female,44,Married,Tier 2,Mobile,UPI,Sports,2024-05-01,8,1.3,796.88,10,7968.8,1035.94,0.0,32,1.2,3,1,No,9.19,0,1,1,4,1,2024-07-17,0.1,6-12 Months,Mid Value,1,Slipping
CUST04955,Male,41,Married,Tier 2,Mobile,Wallet,Fashion,2022-12-30,24,1.9,1377.51,46,63365.46,2617.27,62814.48,115,4.1,5,1,No,170.45,1,7,27,2,0,,0.152,12-24 Months,High Value,1,Dormant
CUST04956,Female,52,Married,Tier 1,Mobile,COD,Fashion,2024-08-01,5,4.0,610.05,20,12201.0,2440.2,58564.8,39,1.9,4,0,No Complaint,35.41,3,3,1,3,0,,0.15,3-6 Months,Mid Value,0,Slipping
CUST04957,Male,56,Single,Tier 2,Mobile,Debit Card,Grocery,2024-04-01,9,0.8,1977.5,7,13842.5,1582.0,37968.0,23,3.7,3,1,No,357.28,3,1,3,1,0,,0.143,6-12 Months,Mid Value,1,Active
CUST04958,Female,25,Single,Tier 1,Tablet,UPI,Grocery,2021-12-29,36,7.1,540.82,256,138449.92,3839.82,0.0,111,1.0,2,2,No,389.0,3,85,2,3,1,2022-12-01,0.332,24+ Months,High Value,1,Dormant
CUST04959,Male,35,Married,Tier 3,Mobile,UPI,Electronics,2024-07-01,6,1.9,754.54,11,8299.94,1433.63,34407.12,117,4.5,4,0,No Complaint,211.41,3,1,3,5,0,,0.091,3-6 Months,Mid Value,0,Dormant
CUST04960,Female,30,Married,Tier 3,Mobile,UPI,Fashion,2022-06-30,30,4.6,498.9,138,68848.2,2294.94,0.0,11,5.3,4,5,Yes,12.09,3,26,5,2,1,2022-12-12,0.188,24+ Months,Mid Value,0,Active
CUST04961,Female,62,Single,Tier 2,Desktop,Debit Card,Electronics,2024-10-01,3,1.9,705.96,6,4235.76,1341.32,0.0,139,5.4,5,1,Yes,399.95,2,0,2,2,1,2024-11-11,0.0,0-3 Months,Mid Value,0,Dormant
CUST04962,Male,41,Married,Tier 3,Mobile,UPI,Electronics,2024-10-01,3,3.7,651.6,11,7167.6,2410.92,0.0,109,6.3,4,1,Yes,97.64,3,0,4,4,1,2024-12-30,0.0,0-3 Months,Mid Value,0,Dormant
CUST04963,Male,40,Married,Tier 1,Desktop,Wallet,Fashion,2024-04-01,9,0.5,218.88,4,875.52,109.44,2626.56,72,5.1,5,0,No Complaint,35.97,0,0,2,6,0,,0.0,6-12 Months,Low Value,0,At Risk
CUST04964,Female,29,Married,Tier 1,Mobile,UPI,Fashion,2024-08-31,4,4.0,919.07,16,14705.12,3676.28,88230.72,176,3.3,3,2,No,271.55,3,4,30,2,0,,0.25,3-6 Months,High Value,1,Dormant
CUST04965,Male,47,Single,Tier 2,Tablet,COD,Electronics,2021-12-29,36,1.9,639.78,68,43505.04,1215.58,29173.92,2,6.8,5,0,No Complaint,76.63,3,17,3,4,0,,0.25,24+ Months,Mid Value,0,Active
CUST04966,Male,48,Single,Tier 2,Mobile,UPI,Electronics,2024-12-01,1,1.5,359.01,2,718.02,538.52,0.0,98,5.8,3,4,Yes,126.97,0,0,3,4,1,2024-12-08,0.0,0-3 Months,Low Value,0,Dormant
CUST04967,Female,45,Married,Tier 2,Tablet,Debit Card,Electronics,2023-07-01,18,0.5,556.04,9,5004.36,278.02,0.0,29,4.4,2,0,No Complaint,244.59,4,0,4,3,1,2024-06-19,0.0,12-24 Months,Low Value,0,Active
CUST04968,Female,39,Married,Tier 3,Desktop,UPI,Sports,2023-07-01,18,3.4,1156.48,61,70545.28,3932.03,94368.72,59,4.3,3,3,No,19.19,2,3,8,4,0,,0.049,12-24 Months,High Value,1,Slipping
CUST04969,Female,61,Single,Tier 3,Mobile,COD,Home & Kitchen,2024-12-01,1,0.5,259.37,1,259.37,129.68,3112.32,24,3.4,3,1,Yes,33.44,3,0,28,6,0,,0.0,0-3 Months,Low Value,0,Active
CUST04970,Male,45,Married,Tier 2,Desktop,Debit Card,Grocery,2022-12-30,24,0.5,802.33,12,9627.96,401.16,9627.84,120,6.8,3,2,Yes,622.74,2,3,7,6,0,,0.25,12-24 Months,Low Value,0,Dormant
CUST04971,Male,30,Single,Tier 3,Mobile,UPI,Sports,2024-03-01,10,0.5,2002.0,5,10010.0,1001.0,24024.0,72,4.6,4,0,No Complaint,225.03,2,2,33,6,0,,0.4,6-12 Months,Mid Value,0,At Risk
CUST04972,Female,42,Single,Tier 1,Mobile,COD,Sports,2022-12-30,24,0.5,663.35,12,7960.2,331.68,7960.32,177,6.1,4,0,No Complaint,47.31,6,1,3,3,0,,0.083,12-24 Months,Low Value,0,Dormant
CUST04973,Male,61,Single,Tier 1,Mobile,Debit Card,Electronics,2022-06-30,30,2.7,2499.12,81,202428.72,6747.62,0.0,118,1.0,3,2,No,153.51,1,33,20,5,1,2023-12-13,0.407,24+ Months,High Value,1,Dormant
CUST04974,Female,63,Single,Tier 2,Tablet,Net Banking,Electronics,2024-07-01,6,0.8,1906.59,5,9532.95,1525.27,0.0,165,4.8,3,0,No Complaint,37.48,4,0,4,5,1,2024-09-11,0.0,3-6 Months,Mid Value,0,Dormant
CUST04975,Male,24,Married,Tier 2,Mobile,Net Banking,Sports,2024-03-01,10,0.5,1158.43,5,5792.15,579.22,13901.28,44,5.0,4,1,Yes,361.06,1,0,8,7,0,,0.0,6-12 Months,Low Value,0,Slipping
CUST04976,Male,62,Married,Tier 2,Mobile,Net Banking,Grocery,2024-08-01,5,1.0,882.8,5,4414.0,882.8,21187.2,58,2.4,2,5,Yes,107.16,6,0,1,2,0,,0.0,3-6 Months,Mid Value,0,Slipping
CUST04977,Male,23,Single,Tier 1,Desktop,UPI,Fashion,2024-08-31,4,1.7,902.09,7,6314.63,1533.55,0.0,65,3.2,4,0,No Complaint,295.99,2,1,1,6,1,2024-12-17,0.143,3-6 Months,Mid Value,0,At Risk
CUST04978,Male,41,Married,Tier 2,Mobile,UPI,Beauty,2024-12-01,1,1.7,1265.16,2,2530.32,2150.77,51618.48,151,5.9,2,0,No Complaint,643.06,6,0,2,4,0,,0.0,0-3 Months,Mid Value,0,Dormant
CUST04979,Male,36,Married,Tier 1,Mobile,Wallet,Fashion,2021-12-29,36,1.1,3638.33,40,145533.2,4002.16,96051.84,38,5.6,5,0,No Complaint,712.22,3,4,1,3,0,,0.1,24+ Months,High Value,0,Slipping
CUST04980,Male,36,Single,Tier 2,Desktop,Credit Card,Electronics,2024-04-01,9,1.7,1274.88,15,19123.2,2167.3,0.0,170,5.0,3,0,No Complaint,26.65,3,1,4,3,1,2024-05-11,0.067,6-12 Months,Mid Value,0,Dormant
CUST04981,Female,53,Married,Tier 1,Desktop,UPI,Fashion,2024-12-01,1,1.4,2545.11,1,2545.11,3563.15,85515.6,8,6.8,3,1,Yes,521.44,6,0,5,5,0,,0.0,0-3 Months,High Value,0,Active
CUST04982,Male,26,Married,Tier 1,Mobile,COD,Fashion,2024-12-01,1,4.3,398.87,4,1595.48,1715.14,0.0,160,5.5,4,0,No Complaint,56.72,2,1,25,2,1,2024-12-09,0.25,0-3 Months,Mid Value,0,Dormant
CUST04983,Female,53,Married,Tier 1,Tablet,UPI,Fashion,2024-08-01,5,0.5,615.12,2,1230.24,307.56,0.0,81,7.0,4,1,No,80.23,6,0,2,1,1,2024-09-20,0.0,3-6 Months,Low Value,1,At Risk
CUST04984,Female,55,Married,Tier 1,Mobile,COD,Home & Kitchen,2024-12-01,1,5.1,908.35,5,4541.75,4632.58,0.0,95,2.9,2,5,Yes,11.71,3,0,5,2,1,2024-12-21,0.0,0-3 Months,High Value,0,Dormant
CUST04985,Female,57,Single,Tier 3,Mobile,COD,Electronics,2024-06-01,7,0.7,2299.54,5,11497.7,1609.68,0.0,179,4.9,5,0,No Complaint,186.72,2,2,3,1,1,2024-10-20,0.4,6-12 Months,Mid Value,0,Dormant
CUST04986,Male,46,Single,Tier 1,Mobile,COD,Fashion,2024-12-01,1,3.2,256.19,3,768.57,819.81,19675.44,156,4.7,4,3,Yes,185.97,3,0,1,4,0,,0.0,0-3 Months,Low Value,0,Dormant
CUST04987,Female,41,Married,Tier 1,Mobile,UPI,Fashion,2024-12-01,1,1.3,7423.66,1,7423.66,9650.76,231618.24,162,2.3,2,0,No Complaint,270.14,3,0,1,6,0,,0.0,0-3 Months,High Value,0,Dormant
CUST04988,Female,22,Married,Tier 2,Mobile,Credit Card,Grocery,2023-07-01,18,0.9,897.66,16,14362.56,807.89,0.0,105,7.7,4,0,No Complaint,526.25,2,1,17,4,1,2024-04-07,0.062,12-24 Months,Low Value,0,Dormant
CUST04989,Female,59,Single,Tier 2,Mobile,Credit Card,Sports,2021-12-29,36,2.4,2047.96,86,176124.56,4915.1,117962.4,172,3.7,2,0,No Complaint,100.6,3,2,4,2,0,,0.023,24+ Months,High Value,0,Dormant
CUST04990,Female,62,Single,Tier 1,Desktop,Credit Card,Fashion,2024-05-01,8,3.7,887.82,30,26634.6,3284.93,0.0,124,5.2,5,0,No Complaint,94.19,3,0,12,1,1,2024-06-02,0.0,6-12 Months,High Value,0,Dormant
CUST04991,Female,43,Married,Tier 1,Mobile,UPI,Fashion,2022-06-30,30,1.5,507.26,45,22826.7,760.89,18261.36,147,3.6,3,1,Yes,183.46,1,2,5,2,0,,0.044,24+ Months,Low Value,0,Dormant
CUST04992,Female,31,Single,Tier 3,Desktop,Credit Card,Electronics,2024-12-01,1,1.6,2978.98,2,5957.96,4766.37,0.0,130,6.6,4,1,Yes,198.15,5,0,20,4,1,2024-12-21,0.0,0-3 Months,High Value,0,Dormant
CUST04993,Male,56,Single,Tier 2,Mobile,Credit Card,Grocery,2022-12-30,24,0.5,784.21,12,9410.52,392.1,9410.4,140,4.0,4,1,No,106.06,3,4,10,4,0,,0.333,12-24 Months,Low Value,1,Dormant
CUST04994,Female,46,Single,Tier 2,Tablet,Debit Card,Electronics,2024-12-01,1,6.4,540.51,6,3243.06,3459.26,83022.24,115,4.0,2,0,No Complaint,453.13,4,1,3,3,0,,0.167,0-3 Months,High Value,0,Dormant
CUST04995,Male,23,Single,Tier 2,Mobile,COD,Electronics,2022-06-30,30,4.7,1175.27,141,165713.07,5523.77,132570.48,131,4.5,4,1,Yes,9.65,2,47,16,6,0,,0.333,24+ Months,High Value,0,Dormant
CUST04996,Female,24,Single,Tier 1,Mobile,Credit Card,Electronics,2021-12-29,36,1.3,1362.74,47,64048.78,1771.56,42517.44,79,4.7,3,0,No Complaint,254.2,5,5,1,5,0,,0.106,24+ Months,Mid Value,0,At Risk
CUST04997,Male,54,Married,Tier 1,Mobile,UPI,Electronics,2022-06-30,30,3.6,1135.0,108,122580.0,4086.0,98064.0,127,3.5,4,1,Yes,41.96,2,10,1,2,0,,0.093,24+ Months,High Value,0,Dormant
CUST04998,Male,35,Single,Tier 2,Desktop,Debit Card,Home & Kitchen,2022-06-30,30,0.9,1201.59,27,32442.93,1081.43,0.0,50,3.1,3,0,No Complaint,123.09,3,8,6,5,1,2023-05-06,0.296,24+ Months,Mid Value,0,Slipping
CUST04999,Female,40,Married,Tier 3,Desktop,COD,Fashion,2023-12-31,12,3.3,1172.03,40,46881.2,3867.7,92824.8,114,3.5,3,0,No Complaint,343.28,4,4,11,7,0,,0.1,6-12 Months,High Value,0,Dormant
CUST05000,Female,61,Married,Tier 1,Mobile,UPI,Fashion,2024-08-01,5,1.8,2128.55,9,19156.95,3831.39,0.0,94,4.2,4,1,Yes,71.98,1,3,7,4,1,2024-12-15,0.333,3-6 Months,High Value,0,Dormant
